Demographics, US by County, Uninsured, Ages <65 at or below 138% of Poverty (Both Sexes - 2018), 2014 - 2018
Area,County FIPS,Percent
"Jeff Davis, Texas","48243","53.3"
"Glasscock, Texas","48173","50.8"
"Aleutians East, Alaska","2013","50.2"
"Lipscomb, Texas","48295","46.3"
"Mason, Texas","48319","44.5"
"Sherman, Texas","48421","44.2"
"Hartley, Texas","48205","42.5"
"Hansford, Texas","48195","42.2"
"Hemphill, Texas","48211","42.2"
"Blanco, Texas","48031","42.0"
"Gaines, Texas","48165","41.3"
"Hudspeth, Texas","48229","41.3"
"Schleicher, Texas","48413","40.5"
"Ochiltree, Texas","48357","40.5"
"Briscoe, Texas","48045","40.4"
"Collingsworth, Texas","48087","40.0"
"Parmer, Texas","48369","39.7"
"Forsyth, Georgia","13117","39.7"
"McMullen, Texas","48311","39.6"
"Dallam, Texas","48111","39.6"
"Harper, Oklahoma","40059","39.4"
"Kendall, Texas","48259","39.3"
"Mills, Texas","48333","39.2"
"Wheeler, Texas","48483","39.1"
"Gillespie, Texas","48171","38.5"
"Presidio, Texas","48377","38.5"
"Rockwall, Texas","48397","38.1"
"Leon, Texas","48289","38.0"
"Kenedy, Texas","48261","37.5"
"Menard, Texas","48327","37.2"
"Yoakum, Texas","48501","37.1"
"Gilmer, Georgia","13123","37.1"
"Beaver, Oklahoma","40007","37.1"
"Clark, Idaho","16033","37.1"
"Bandera, Texas","48019","37.0"
"Texas, Oklahoma","40139","36.9"
"Crane, Texas","48103","36.9"
"San Saba, Texas","48411","36.8"
"Collier, Florida","12021","36.6"
"Hidalgo, Texas","48215","36.6"
"Waller, Texas","48473","36.5"
"Castro, Texas","48069","36.4"
"Cochran, Texas","48079","36.4"
"Blaine, Idaho","16013","36.4"
"Teton, Wyoming","56039","36.4"
"Aleutians West, Alaska","2016","36.4"
"Reagan, Texas","48383","36.1"
"Wise, Texas","48497","36.1"
"Bailey, Texas","48017","35.6"
"Hardeman, Texas","48197","35.6"
"Andrews, Texas","48003","35.6"
"Lee, Texas","48287","35.5"
"Burnet, Texas","48053","35.4"
"Comanche, Texas","48093","35.4"
"Oconee, Georgia","13219","35.3"
"Montgomery, Texas","48339","35.2"
"Kingfisher, Oklahoma","40073","35.2"
"Chambers, Texas","48071","35.1"
"Parker, Texas","48367","35.0"
"Fayette, Georgia","13113","35.0"
"Kodiak Island, Alaska","2150","35.0"
"Denali, Alaska","2068","34.9"
"Jack, Texas","48237","34.9"
"Sterling, Texas","48431","34.8"
"Moore, Texas","48341","34.7"
"Hall, Texas","48191","34.6"
"Marshall, South Dakota","46091","34.6"
"Webb, Texas","48479","34.6"
"Cameron, Texas","48061","34.5"
"Collin, Texas","48085","34.5"
"Glades, Florida","12043","34.4"
"Starr, Texas","48427","34.2"
"Knox, Texas","48275","34.2"
"Brazoria, Texas","48039","34.2"
"Monroe, Florida","12087","34.1"
"Dallas, Texas","48113","34.1"
"Cooke, Texas","48097","34.1"
"Cherokee, Georgia","13057","34.1"
"Fisher, Texas","48151","34.1"
"Gonzales, Texas","48177","34.1"
"Rabun, Georgia","13241","34.0"
"Cimarron, Oklahoma","40025","34.0"
"Deaf Smith, Texas","48117","34.0"
"Harris, Texas","48201","33.9"
"Gray, Texas","48179","33.9"
"Upton, Texas","48461","33.9"
"Bosque, Texas","48035","33.9"
"Winkler, Texas","48495","33.9"
"Haskell, Kansas","20081","33.8"
"Pecos, Texas","48371","33.8"
"King, Texas","48269","33.8"
"Greene, Georgia","13133","33.8"
"Dewey, Oklahoma","40043","33.7"
"Comal, Texas","48091","33.6"
"Ellis, Texas","48139","33.5"
"Austin, Texas","48015","33.5"
"Montague, Texas","48337","33.4"
"Banks, Georgia","13011","33.4"
"Martin, Texas","48317","33.3"
"Hall, Georgia","13139","33.3"
"Fairfax, Virginia","51600","33.2"
"Garza, Texas","48169","33.1"
"Marshall, Oklahoma","40095","33.0"
"Ellis, Oklahoma","40045","32.9"
"Wichita, Kansas","20203","32.9"
"Fort Bend, Texas","48157","32.9"
"Shelby, Texas","48419","32.8"
"Maverick, Texas","48323","32.8"
"Echols, Georgia","13101","32.8"
"Haskell, Texas","48207","32.8"
"Colorado, Texas","48089","32.7"
"Real, Texas","48385","32.7"
"Habersham, Georgia","13137","32.7"
"Throckmorton, Texas","48447","32.7"
"Zapata, Texas","48505","32.7"
"Hays, Texas","48209","32.7"
"Hendry, Florida","12051","32.6"
"Fayette, Texas","48149","32.6"
"Bastrop, Texas","48021","32.5"
"Gwinnett, Georgia","13135","32.5"
"Sutton, Texas","48435","32.5"
"Culberson, Texas","48109","32.4"
"Somervell, Texas","48425","32.4"
"Southeast Fairbanks, Alaska","2240","32.4"
"Hockley, Texas","48219","32.3"
"Alfalfa, Oklahoma","40003","32.3"
"Tarrant, Texas","48439","32.3"
"Jackson, Texas","48239","32.3"
"Foard, Texas","48155","32.3"
"Galveston, Texas","48167","32.2"
"Hamilton, Texas","48193","32.1"
"Cobb, Georgia","13067","32.1"
"Hopkins, Texas","48223","32.1"
"Kerr, Texas","48265","32.1"
"Lamb, Texas","48279","32.1"
"Wharton, Texas","48481","32.1"
"Terrell, Texas","48443","32.1"
"Summit, Utah","49043","32.0"
"Whitfield, Georgia","13313","32.0"
"Hill, Texas","48217","32.0"
"Hamilton, Kansas","20075","31.9"
"Freestone, Texas","48161","31.9"
"Stephens, Texas","48429","31.9"
"Denton, Texas","48121","31.8"
"Reeves, Texas","48389","31.8"
"Burleson, Texas","48051","31.7"
"Crockett, Texas","48105","31.7"
"Cottle, Texas","48101","31.7"
"Clay, Texas","48077","31.7"
"Live Oak, Texas","48297","31.7"
"Atkinson, Georgia","13003","31.7"
"Rusk, Texas","48401","31.7"
"Rains, Texas","48379","31.6"
"Hutchinson, Texas","48233","31.6"
"Aransas, Texas","48007","31.5"
"Grimes, Texas","48185","31.4"
"Van Zandt, Texas","48467","31.4"
"Smith, Texas","48423","31.4"
"Dundy, Nebraska","31057","31.4"
"Teton, Idaho","16081","31.3"
"Manassas Park, Virginia","51685","31.3"
"Llano, Texas","48299","31.3"
"Loving, Texas","48301","31.3"
"Ector, Texas","48135","31.2"
"Grayson, Texas","48181","31.2"
"Carson, Texas","48065","31.2"
"Young, Texas","48503","31.1"
"Douglas, South Dakota","46043","31.1"
"Washington, Texas","48477","31.1"
"Aurora, South Dakota","46003","31.1"
"Dawson, Georgia","13085","31.1"
"El Paso, Texas","48141","31.0"
"Erath, Texas","48143","30.9"
"Fannin, Texas","48147","30.9"
"Lavaca, Texas","48285","30.8"
"Shackelford, Texas","48417","30.8"
"Stonewall, Texas","48433","30.8"
"Midland, Texas","48329","30.8"
"Armstrong, Texas","48011","30.7"
"Major, Oklahoma","40093","30.7"
"Dawson, Texas","48115","30.7"
"Loudoun, Virginia","51107","30.7"
"DeSoto, Florida","12027","30.6"
"Potter, Texas","48375","30.6"
"Gordon, Georgia","13129","30.6"
"Woodward, Oklahoma","40153","30.6"
"Limestone, Texas","48293","30.5"
"Henderson, Texas","48213","30.5"
"Lumpkin, Georgia","13187","30.5"
"Palo Pinto, Texas","48363","30.5"
"Oglethorpe, Georgia","13221","30.4"
"Kaufman, Texas","48257","30.4"
"Putnam, Georgia","13237","30.4"
"Wilson, Texas","48493","30.3"
"Archer, Texas","48009","30.3"
"Love, Oklahoma","40085","30.3"
"Ward, Texas","48475","30.3"
"Madison, Texas","48313","30.3"
"Brewster, Texas","48043","30.2"
"Titus, Texas","48449","30.2"
"Wrangell-Petersburg, Alaska","2280","30.2"
"San Jacinto, Texas","48407","30.2"
"Colquitt, Georgia","13071","30.2"
"Roger Mills, Oklahoma","40129","30.2"
"Harmon, Oklahoma","40057","30.1"
"Panola, Texas","48365","30.1"
"Coleman, Texas","48083","30.1"
"Robertson, Texas","48395","30.1"
"Franklin, Texas","48159","30.0"
"Lynn, Texas","48305","30.0"
"Upshur, Texas","48459","30.0"
"Cherokee, Oklahoma","40021","30.0"
"Liberty, Texas","48291","30.0"
"Murray, Georgia","13213","30.0"
"Edwards, Texas","48137","30.0"
"Terry, Texas","48445","30.0"
"Skagway-Hoonah-Angoon, Alaska","2232","29.9"
"Coweta, Georgia","13077","29.9"
"Childress, Texas","48075","29.9"
"Sitka, Alaska","2220","29.9"
"Johnson, Texas","48251","29.9"
"Williamson, Texas","48491","29.8"
"Haines, Alaska","2100","29.8"
"Caldwell, Texas","48055","29.8"
"Barrow, Georgia","13013","29.8"
"Sully, South Dakota","46119","29.8"
"Lampasas, Texas","48281","29.7"
"Alexandria, Virginia","51510","29.7"
"Cherokee, Texas","48073","29.7"
"Roberts, Texas","48393","29.6"
"Kinney, Texas","48271","29.6"
"Owyhee, Idaho","16073","29.6"
"Jackson, Georgia","13157","29.5"
"Hunt, Texas","48231","29.5"
"Towns, Georgia","13281","29.5"
"Gray, Kansas","20069","29.5"
"Jefferson, Texas","48245","29.4"
"Chatham, North Carolina","37037","29.4"
"Calhoun, Texas","48057","29.4"
"Humboldt, Nevada","32013","29.4"
"Union, Georgia","13291","29.4"
"Matagorda, Texas","48321","29.3"
"McClain, Oklahoma","40087","29.3"
"Floyd, Texas","48153","29.3"
"Martin, Florida","12085","29.3"
"Custer, Oklahoma","40039","29.3"
"Delaware, Oklahoma","40041","29.3"
"Polk, Texas","48373","29.2"
"Garvin, Oklahoma","40049","29.2"
"Gregg, Texas","48183","29.2"
"Navarro, Texas","48349","29.1"
"Trinity, Texas","48455","29.1"
"Swisher, Texas","48437","29.1"
"Angelina, Texas","48005","29.1"
"Uvalde, Texas","48463","29.1"
"Mitchell, Texas","48335","29.0"
"Sarasota, Florida","12115","29.0"
"Walker, Texas","48471","29.0"
"Madison, Georgia","13195","29.0"
"Stanton, Kansas","20187","29.0"
"Rappahannock, Virginia","51157","29.0"
"Nacogdoches, Texas","48347","29.0"
"Montgomery, Georgia","13209","28.9"
"Harris, Georgia","13145","28.9"
"Palm Beach, Florida","12099","28.9"
"Chase, Nebraska","31029","28.8"
"Jasper, Georgia","13159","28.8"
"Fannin, Georgia","13111","28.7"
"Bristol Bay, Alaska","2060","28.7"
"Irion, Texas","48235","28.7"
"Karnes, Texas","48255","28.7"
"Travis, Texas","48453","28.6"
"Prince William, Virginia","51153","28.6"
"Union, North Carolina","37179","28.6"
"Scurry, Texas","48415","28.6"
"DeKalb, Georgia","13089","28.5"
"Stevens, Kansas","20189","28.5"
"Lincoln, Idaho","16063","28.5"
"Washita, Oklahoma","40149","28.5"
"Candler, Georgia","13043","28.5"
"LaGrange, Indiana","18087","28.4"
"Indian River, Florida","12061","28.4"
"Sheridan, Kansas","20179","28.4"
"Scott, Mississippi","28123","28.4"
"Pitkin, Colorado","8097","28.4"
"Nueces, Texas","48355","28.3"
"Medina, Texas","48325","28.3"
"Dickens, Texas","48125","28.3"
"Fauquier, Virginia","51061","28.2"
"Saluda, South Carolina","45081","28.2"
"Grady, Georgia","13131","28.2"
"Carter, Oklahoma","40019","28.2"
"Goliad, Texas","48175","28.2"
"Washington, Oklahoma","40147","28.2"
"Hale, Texas","48189","28.2"
"Kimble, Texas","48267","28.2"
"Fairfax, Virginia","51059","28.1"
"Esmeralda, Nevada","32009","28.1"
"Berrien, Georgia","13019","28.1"
"Concho, Texas","48095","28.1"
"Garfield, Montana","30033","28.0"
"Hodgeman, Kansas","20083","28.0"
"Issaquena, Mississippi","28055","28.0"
"Camp, Texas","48063","28.0"
"DeKalb, Alabama","1049","28.0"
"Hood, Texas","48221","28.0"
"Manassas, Virginia","51683","28.0"
"Eastland, Texas","48133","28.0"
"Colfax, Nebraska","31037","28.0"
"Moody, South Dakota","46101","28.0"
"Gove, Kansas","20063","27.9"
"Wood, Texas","48499","27.9"
"Lee, Florida","12071","27.9"
"Garfield, Oklahoma","40047","27.9"
"Edwards, Kansas","20047","27.9"
"Wasatch, Utah","49051","27.8"
"Anderson, Texas","48001","27.8"
"Gooding, Idaho","16047","27.7"
"McDonald, Missouri","29119","27.7"
"Glynn, Georgia","13127","27.7"
"Canadian, Oklahoma","40017","27.6"
"McIntosh, Oklahoma","40091","27.6"
"Monroe, Georgia","13207","27.6"
"Atascosa, Texas","48013","27.6"
"Wilbarger, Texas","48487","27.6"
"Val Verde, Texas","48465","27.6"
"Paulding, Georgia","13223","27.6"
"Jefferson Davis, Mississippi","28065","27.5"
"Franklin, Georgia","13119","27.5"
"Motley, Texas","48345","27.5"
"Duplin, North Carolina","37061","27.4"
"Bacon, Georgia","13005","27.4"
"Houston, Texas","48225","27.4"
"Brooks, Georgia","13027","27.4"
"Yakutat, Alaska","2282","27.4"
"Bartow, Georgia","13015","27.4"
"Logan, North Dakota","38047","27.4"
"Seward, Kansas","20175","27.4"
"Dare, North Carolina","37055","27.3"
"Chilton, Alabama","1021","27.3"
"Miami-Dade, Florida","12086","27.3"
"Avery, North Carolina","37011","27.3"
"Hayes, Nebraska","31085","27.3"
"Logan, Oklahoma","40083","27.3"
"McCulloch, Texas","48307","27.3"
"Tift, Georgia","13277","27.3"
"Hyde, South Dakota","46069","27.2"
"Minidoka, Idaho","16067","27.2"
"Ness, Kansas","20135","27.2"
"Victoria, Texas","48469","27.2"
"Scotland, Missouri","29199","27.2"
"Wagoner, Oklahoma","40145","27.2"
"Newton, Texas","48351","27.2"
"Harrison, Texas","48203","27.2"
"Tillman, Oklahoma","40141","27.2"
"Jerauld, South Dakota","46073","27.1"
"Lafayette, Mississippi","28071","27.1"
"Coal, Oklahoma","40029","27.1"
"Quitman, Georgia","13239","27.1"
"Pickens, Georgia","13227","27.0"
"Pike, Georgia","13231","27.0"
"Tattnall, Georgia","13267","27.0"
"Wilkes, Georgia","13317","26.9"
"Comanche, Kansas","20033","26.9"
"Manatee, Florida","12081","26.9"
"DeWitt, Texas","48123","26.9"
"Bexar, Texas","48029","26.9"
"Hardin, Texas","48199","26.8"
"Orange, Texas","48361","26.8"
"Nowata, Oklahoma","40105","26.8"
"Long, Georgia","13183","26.8"
"Chatham, Georgia","13051","26.8"
"Coke, Texas","48081","26.8"
"Rogers, Oklahoma","40131","26.8"
"Okeechobee, Florida","12093","26.8"
"Kent, Texas","48263","26.7"
"Ford, Kansas","20057","26.7"
"Fulton, Georgia","13121","26.7"
"Runnels, Texas","48399","26.7"
"Guadalupe, Texas","48187","26.7"
"Jasper, South Carolina","45053","26.7"
"Falls, Texas","48145","26.7"
"Willacy, Texas","48489","26.7"
"San Augustine, Texas","48405","26.6"
"Carbon, Wyoming","56007","26.6"
"Le Flore, Oklahoma","40079","26.6"
"Greene, North Carolina","37079","26.6"
"Macon, North Carolina","37113","26.6"
"McLennan, Texas","48309","26.5"
"Haskell, Oklahoma","40061","26.5"
"Henry, Georgia","13151","26.5"
"Meade, Kansas","20119","26.5"
"Rockdale, Georgia","13247","26.5"
"Atoka, Oklahoma","40005","26.5"
"Effingham, Georgia","13103","26.5"
"Pettis, Missouri","29159","26.4"
"Pushmataha, Oklahoma","40127","26.4"
"Kearny, Kansas","20093","26.4"
"Broward, Florida","12011","26.4"
"Leake, Mississippi","28079","26.4"
"Williamson, Tennessee","47187","26.4"
"McIntosh, Georgia","13191","26.4"
"Woods, Oklahoma","40151","26.4"
"Lamar, Texas","48277","26.4"
"Callahan, Texas","48059","26.4"
"Polk, Georgia","13233","26.4"
"Bryan, Georgia","13029","26.3"
"Oldham, Texas","48359","26.3"
"Crawford, Georgia","13079","26.3"
"Walton, Georgia","13297","26.3"
"Brown, Texas","48049","26.3"
"Hancock, Mississippi","28045","26.2"
"Frio, Texas","48163","26.2"
"Hart, Georgia","13147","26.2"
"Barry, Missouri","29009","26.2"
"Henderson, North Carolina","37089","26.2"
"McCurtain, Oklahoma","40089","26.2"
"Bryan, Oklahoma","40013","26.2"
"Campbell, South Dakota","46021","26.1"
"Donley, Texas","48129","26.1"
"Carroll, Mississippi","28015","26.1"
"Calhoun, Mississippi","28013","26.1"
"Pontotoc, Oklahoma","40123","26.1"
"Clarke, Virginia","51043","26.1"
"Sabine, Texas","48403","26.1"
"White, Georgia","13311","26.1"
"Dunn, North Dakota","38025","26.0"
"Edmunds, South Dakota","46045","26.0"
"Coffee, Georgia","13069","26.0"
"Custer, South Dakota","46033","26.0"
"Jerome, Idaho","16053","26.0"
"Floyd, Georgia","13115","26.0"
"Stephens, Oklahoma","40137","26.0"
"Smith, Mississippi","28129","25.9"
"Prince of Wales-Outer Ketchikan, Alaska","2201","25.9"
"Jefferson, Oklahoma","40067","25.9"
"Mecklenburg, North Carolina","37119","25.9"
"Twiggs, Georgia","13289","25.9"
"Adair, Oklahoma","40001","25.8"
"Perry, Mississippi","28111","25.8"
"Blaine, Oklahoma","40011","25.8"
"Morgan, Georgia","13211","25.8"
"Oklahoma, Oklahoma","40109","25.7"
"Payne, Oklahoma","40119","25.7"
"Howard, Texas","48227","25.7"
"Jackson, Mississippi","28059","25.7"
"Camas, Idaho","16025","25.7"
"Beadle, South Dakota","46005","25.7"
"Baldwin, Alabama","1003","25.7"
"Jones, Texas","48253","25.7"
"Grant, South Dakota","46051","25.7"
"Johnston, Oklahoma","40069","25.7"
"Hyde, North Carolina","37095","25.7"
"Jackson, North Carolina","37099","25.6"
"Brule, South Dakota","46015","25.6"
"Perkins, South Dakota","46105","25.6"
"Dade, Georgia","13083","25.6"
"Clay, Alabama","1027","25.6"
"Itawamba, Mississippi","28057","25.6"
"Valdez-Cordova, Alaska","2261","25.6"
"Transylvania, North Carolina","37175","25.6"
"Tate, Mississippi","28137","25.5"
"Tulsa, Oklahoma","40143","25.5"
"Tyler, Texas","48457","25.5"
"Greene, Mississippi","28041","25.5"
"Tishomingo, Mississippi","28141","25.5"
"Alleghany, North Carolina","37005","25.5"
"Millard, Utah","49027","25.5"
"Pittsburg, Oklahoma","40121","25.5"
"Douglas, Nevada","32005","25.5"
"Ketchikan Gateway, Alaska","2130","25.5"
"Milam, Texas","48331","25.5"
"Saline, Nebraska","31151","25.5"
"Kiowa, Kansas","20097","25.5"
"Clarke, Georgia","13059","25.5"
"Charlton, Georgia","13049","25.5"
"Columbia, Georgia","13073","25.5"
"Walworth, South Dakota","46129","25.4"
"Morton, Kansas","20129","25.4"
"Peach, Georgia","13225","25.4"
"Union, Mississippi","28145","25.4"
"St. Lucie, Florida","12111","25.4"
"Kemper, Mississippi","28069","25.4"
"St. Johns, Florida","12109","25.4"
"DeSoto, Mississippi","28033","25.4"
"Valley, Idaho","16085","25.3"
"Sequoyah, Oklahoma","40135","25.3"
"Lincoln, Georgia","13181","25.3"
"Lee, North Carolina","37105","25.3"
"Highland, Virginia","51091","25.3"
"Greenville, South Carolina","45045","25.3"
"Randall, Texas","48381","25.3"
"Appling, Georgia","13001","25.3"
"Sevier, Tennessee","47155","25.3"
"Pierce, Georgia","13229","25.3"
"Blount, Alabama","1009","25.2"
"Goochland, Virginia","51075","25.2"
"McPherson, South Dakota","46089","25.2"
"Baker, Georgia","13007","25.2"
"Grant, Kansas","20067","25.2"
"Grant, Oklahoma","40053","25.2"
"Taylor, Texas","48441","25.1"
"Finney, Kansas","20055","25.1"
"Madison, Mississippi","28089","25.1"
"Greeley, Kansas","20071","25.1"
"Lafayette, Florida","12067","25.1"
"Stone, Mississippi","28131","25.1"
"Orange, North Carolina","37135","25.1"
"Lincoln, Oklahoma","40081","25.1"
"Douglas, Georgia","13097","25.1"
"Murray, Oklahoma","40099","25.0"
"Charlotte, Florida","12015","25.0"
"Sampson, North Carolina","37163","25.0"
"Jeff Davis, Georgia","13161","25.0"
"Jim Wells, Texas","48249","25.0"
"Mayes, Oklahoma","40097","25.0"
"Newton, Missouri","29145","25.0"
"Beaufort, South Carolina","45013","24.9"
"Treutlen, Georgia","13283","24.9"
"Horry, South Carolina","45051","24.9"
"Lake and Peninsula, Alaska","2164","24.9"
"Hughes, Oklahoma","40063","24.9"
"Brazos, Texas","48041","24.9"
"Lowndes, Georgia","13185","24.9"
"George, Mississippi","28039","24.9"
"Rawlins, Kansas","20153","24.9"
"Big Horn, Wyoming","56003","24.9"
"Davie, North Carolina","37059","24.9"
"Nolan, Texas","48353","24.9"
"McCook, South Dakota","46087","24.9"
"Washington, Idaho","16087","24.8"
"Franklin, Alabama","1059","24.8"
"Muskogee, Oklahoma","40101","24.8"
"Phelps, Missouri","29161","24.8"
"Wibaux, Montana","30109","24.8"
"Charles City, Virginia","51036","24.8"
"Newton, Georgia","13217","24.8"
"Walton, Florida","12131","24.8"
"Ottawa, Oklahoma","40115","24.8"
"Wichita, Texas","48485","24.8"
"Latimer, Oklahoma","40077","24.8"
"Toombs, Georgia","13279","24.8"
"Kleberg, Texas","48273","24.7"
"Juneau, Alaska","2110","24.7"
"Camden, Missouri","29029","24.7"
"Highlands, Florida","12055","24.7"
"Amite, Mississippi","28005","24.7"
"Tom Green, Texas","48451","24.7"
"Sublette, Wyoming","56035","24.7"
"Grady, Oklahoma","40051","24.7"
"Hand, South Dakota","46059","24.7"
"Eagle, Colorado","8037","24.7"
"Walthall, Mississippi","28147","24.6"
"Tippah, Mississippi","28139","24.6"
"Craig, Oklahoma","40035","24.6"
"Borden, Texas","48033","24.6"
"Lamar, Mississippi","28073","24.6"
"Oktibbeha, Mississippi","28105","24.6"
"San Patricio, Texas","48409","24.6"
"Beckham, Oklahoma","40009","24.6"
"Cotton, Oklahoma","40033","24.6"
"Brantley, Georgia","13025","24.6"
"Dooly, Georgia","13093","24.6"
"Marion, Texas","48315","24.6"
"Bledsoe, Tennessee","47007","24.6"
"Cook, Georgia","13075","24.6"
"Morris, Texas","48343","24.5"
"Clarke, Mississippi","28023","24.5"
"Dimmit, Texas","48127","24.5"
"Clark, South Dakota","46025","24.5"
"La Paz, Arizona","4012","24.5"
"Stewart, Georgia","13259","24.5"
"Lander, Nevada","32015","24.5"
"Day, South Dakota","46037","24.5"
"Holmes, Ohio","39075","24.5"
"Marion, Mississippi","28091","24.5"
"Pawnee, Oklahoma","40117","24.5"
"Powhatan, Virginia","51145","24.4"
"Baylor, Texas","48023","24.4"
"Swain, North Carolina","37173","24.4"
"Butts, Georgia","13035","24.4"
"Accomack, Virginia","51001","24.4"
"Niobrara, Wyoming","56027","24.4"
"Pontotoc, Mississippi","28115","24.4"
"Worth, Georgia","13321","24.4"
"Caddo, Oklahoma","40015","24.4"
"Noble, Oklahoma","40103","24.3"
"Simpson, Mississippi","28127","24.3"
"Macon, Georgia","13193","24.3"
"Falls Church, Virginia","51610","24.3"
"Chattooga, Georgia","13055","24.3"
"Webster, Georgia","13307","24.3"
"Cassia, Idaho","16031","24.3"
"Delta, Texas","48119","24.3"
"Duval, Texas","48131","24.2"
"Oconee, South Carolina","45073","24.2"
"Refugio, Texas","48391","24.2"
"Currituck, North Carolina","37053","24.2"
"Dakota, Nebraska","31043","24.2"
"Shelby, Alabama","1117","24.2"
"Cleveland, Oklahoma","40027","24.2"
"Wake, North Carolina","37183","24.2"
"Elbert, Georgia","13105","24.2"
"Osage, Oklahoma","40113","24.1"
"Garfield, Utah","49017","24.1"
"Loudon, Tennessee","47105","24.1"
"Bladen, North Carolina","37017","24.1"
"Pershing, Nevada","32027","24.1"
"Harrison, Mississippi","28047","24.1"
"Taliaferro, Georgia","13265","24.1"
"Crosby, Texas","48107","24.1"
"Hanson, South Dakota","46061","24.1"
"Evans, Georgia","13109","24.1"
"Wayne, Mississippi","28153","24.1"
"Franklin, Mississippi","28037","24.1"
"Durham, North Carolina","37063","24.1"
"Jones, Georgia","13169","24.1"
"Red River, Texas","48387","24.1"
"Camden, Georgia","13039","24.0"
"Camden, North Carolina","37029","24.0"
"Maries, Missouri","29125","24.0"
"Jasper, Texas","48241","24.0"
"Arlington, Virginia","51013","24.0"
"Lincoln, Mississippi","28085","24.0"
"Alcorn, Mississippi","28003","24.0"
"Seminole, Oklahoma","40133","23.9"
"Graham, North Carolina","37075","23.9"
"Mercer, Missouri","29129","23.9"
"Boise, Idaho","16015","23.9"
"Schley, Georgia","13249","23.9"
"Brunswick, North Carolina","37019","23.9"
"Gregory, South Dakota","46053","23.9"
"Monroe, Mississippi","28095","23.9"
"Randolph, North Carolina","37151","23.9"
"Pearl River, Mississippi","28109","23.8"
"Clayton, Georgia","13063","23.8"
"Ashe, North Carolina","37009","23.8"
"Flagler, Florida","12035","23.8"
"Hutchinson, South Dakota","46067","23.8"
"Stafford, Kansas","20185","23.8"
"Pinellas, Florida","12103","23.8"
"Prentiss, Mississippi","28117","23.8"
"McCone, Montana","30055","23.8"
"Crook, Wyoming","56011","23.8"
"Stone, Missouri","29209","23.8"
"North Slope, Alaska","2185","23.8"
"Johnston, North Carolina","37101","23.8"
"Summit, Colorado","8117","23.7"
"Yadkin, North Carolina","37197","23.7"
"Calhoun, Georgia","13037","23.7"
"Clark, Wisconsin","55019","23.7"
"Covington, Mississippi","28031","23.7"
"Washington, Alabama","1129","23.7"
"Johnson, Kansas","20091","23.7"
"Haakon, South Dakota","46055","23.7"
"Chickasaw, Mississippi","28017","23.6"
"Knox, Missouri","29103","23.6"
"Thomas, Georgia","13275","23.6"
"Wayne, Georgia","13305","23.6"
"Sweetwater, Wyoming","56037","23.6"
"Newton, Mississippi","28101","23.6"
"Platte, Nebraska","31141","23.6"
"Cullman, Alabama","1043","23.6"
"Power, Idaho","16077","23.6"
"Clay, North Carolina","37043","23.6"
"Bath, Virginia","51017","23.5"
"Stanley, South Dakota","46117","23.5"
"Albemarle, Virginia","51003","23.5"
"Ralls, Missouri","29173","23.5"
"Decatur, Georgia","13087","23.5"
"Matanuska-Susitna, Alaska","2170","23.5"
"Webster, Mississippi","28155","23.5"
"Marion, Georgia","13197","23.5"
"Jackson, Oklahoma","40065","23.5"
"Okfuskee, Oklahoma","40107","23.5"
"Fluvanna, Virginia","51065","23.5"
"Morgan, Alabama","1103","23.5"
"Rankin, Mississippi","28121","23.4"
"Talbot, Georgia","13263","23.4"
"Catoosa, Georgia","13047","23.4"
"Sullivan, Missouri","29211","23.4"
"Boundary, Idaho","16021","23.4"
"Frederick, Virginia","51069","23.4"
"Hickory, Missouri","29085","23.4"
"Carteret, North Carolina","37031","23.4"
"DeKalb, Tennessee","47041","23.4"
"Harding, South Dakota","46063","23.4"
"Ziebach, South Dakota","46137","23.4"
"Polk, North Carolina","37149","23.4"
"Morgan, Missouri","29141","23.4"
"Stephens, Georgia","13257","23.4"
"Miller, Georgia","13201","23.3"
"Louisa, Virginia","51109","23.3"
"Jenkins, Georgia","13165","23.3"
"Culpeper, Virginia","51047","23.3"
"New Kent, Virginia","51127","23.3"
"Tyrrell, North Carolina","37177","23.3"
"Kay, Oklahoma","40071","23.2"
"Lincoln, Wyoming","56023","23.2"
"Greene, Virginia","51079","23.2"
"Moniteau, Missouri","29135","23.2"
"Deuel, South Dakota","46039","23.2"
"Seminole, Georgia","13253","23.2"
"Tripp, South Dakota","46123","23.2"
"Lawrence, Mississippi","28077","23.2"
"Yancey, North Carolina","37199","23.2"
"Taney, Missouri","29213","23.2"
"Morgan, Utah","49029","23.2"
"Clinch, Georgia","13065","23.2"
"Iredell, North Carolina","37097","23.1"
"Cheyenne, Kansas","20023","23.1"
"Jefferson, Georgia","13163","23.1"
"Benton, Missouri","29015","23.1"
"Bergen, New Jersey","34003","23.1"
"Jones, Mississippi","28067","23.1"
"Hillsborough, Florida","12057","23.1"
"Salt Lake, Utah","49035","23.1"
"Haralson, Georgia","13143","23.0"
"Surry, North Carolina","37171","23.0"
"Weston, Wyoming","56045","23.0"
"Kenai Peninsula, Alaska","2122","23.0"
"Dawson, Nebraska","31047","23.0"
"Taylor, Georgia","13269","23.0"
"Catawba, North Carolina","37035","23.0"
"Jim Hogg, Texas","48247","23.0"
"Scott, Kansas","20171","23.0"
"Pennington, South Dakota","46103","22.9"
"Daviess, Missouri","29061","22.9"
"Bulloch, Georgia","13031","22.9"
"Davidson, Tennessee","47037","22.9"
"Hamblen, Tennessee","47063","22.9"
"Seminole, Florida","12117","22.9"
"Glascock, Georgia","13125","22.9"
"Jasper, Mississippi","28061","22.8"
"Jackson, South Dakota","46071","22.8"
"Wheeler, Nebraska","31183","22.8"
"Lincoln, North Carolina","37109","22.8"
"Brookings, South Dakota","46011","22.8"
"Forrest, Mississippi","28035","22.8"
"Madison, Montana","30057","22.8"
"Faulk, South Dakota","46049","22.8"
"Winchester, Virginia","51840","22.8"
"Limestone, Alabama","1083","22.8"
"Mitchell, North Carolina","37121","22.8"
"Choctaw, Oklahoma","40023","22.7"
"Cass, Texas","48067","22.7"
"Neshoba, Mississippi","28099","22.7"
"Gem, Idaho","16045","22.7"
"Franklin, North Carolina","37069","22.7"
"Benton, Mississippi","28009","22.7"
"Meriwether, Georgia","13199","22.7"
"Creek, Oklahoma","40037","22.7"
"Clark, Missouri","29045","22.7"
"Washakie, Wyoming","56043","22.7"
"San Miguel, Colorado","8113","22.7"
"Canyon, Idaho","16027","22.7"
"Grant, North Dakota","38037","22.7"
"Osage, Missouri","29151","22.6"
"Winston, Mississippi","28159","22.6"
"Nelson, Virginia","51125","22.6"
"Elko, Nevada","32007","22.6"
"Brown, South Dakota","46013","22.6"
"Bleckley, Georgia","13023","22.6"
"Wilcox, Georgia","13315","22.6"
"Stafford, Virginia","51179","22.6"
"Wilkinson, Mississippi","28157","22.5"
"Ozark, Missouri","29153","22.5"
"Carroll, Georgia","13045","22.5"
"St. Clair, Alabama","1115","22.5"
"Jasper, Missouri","29097","22.5"
"King and Queen, Virginia","51097","22.5"
"Jones, South Dakota","46075","22.5"
"Davidson, North Carolina","37057","22.5"
"Jefferson, Idaho","16051","22.5"
"Lee, Mississippi","28081","22.5"
"Pasco, Florida","12101","22.5"
"Yukon-Koyukuk, Alaska","2290","22.5"
"Wyandotte, Kansas","20209","22.4"
"Sevier, Arkansas","5133","22.4"
"Spotsylvania, Virginia","51177","22.4"
"Choctaw, Alabama","1023","22.4"
"Pender, North Carolina","37141","22.4"
"Marshall, Alabama","1095","22.4"
"Jones, North Carolina","37103","22.4"
"Clark, Kansas","20025","22.4"
"Mitchell, Georgia","13205","22.4"
"Copiah, Mississippi","28029","22.4"
"Campbell, Wyoming","56005","22.4"
"Henry, Alabama","1067","22.4"
"Cleburne, Alabama","1029","22.4"
"Pike, Alabama","1109","22.4"
"Montgomery, North Carolina","37123","22.4"
"Gentry, Missouri","29075","22.4"
"Wilkinson, Georgia","13319","22.3"
"Apache, Arizona","4001","22.3"
"Turner, Georgia","13287","22.3"
"Adams, Mississippi","28001","22.3"
"Mountrail, North Dakota","38061","22.3"
"Winston, Alabama","1133","22.3"
"Roberts, South Dakota","46109","22.3"
"Lamar, Georgia","13171","22.3"
"Lowndes, Mississippi","28087","22.3"
"Idaho, Idaho","16049","22.3"
"Warren, Tennessee","47177","22.3"
"Walker, Georgia","13295","22.3"
"Miner, South Dakota","46097","22.3"
"Ray, Missouri","29177","22.3"
"Noxubee, Mississippi","28103","22.3"
"Spalding, Georgia","13255","22.3"
"Keya Paha, Nebraska","31103","22.3"
"Baldwin, Georgia","13009","22.2"
"Screven, Georgia","13251","22.2"
"Lee, Georgia","13177","22.2"
"Heard, Georgia","13149","22.2"
"St. Clair, Missouri","29185","22.2"
"Payette, Idaho","16075","22.2"
"Morrill, Nebraska","31123","22.2"
"Gilchrist, Florida","12041","22.2"
"Pulaski, Georgia","13235","22.2"
"Lincoln, Maine","23015","22.2"
"Carter, Montana","30011","22.2"
"Santa Cruz, Arizona","4023","22.2"
"Bollinger, Missouri","29017","22.2"
"Custer, Idaho","16037","22.1"
"Chesterfield, Virginia","51041","22.1"
"Duchesne, Utah","49013","22.1"
"Goshen, Wyoming","56015","22.1"
"Lawrence, South Dakota","46081","22.1"
"Platte, Missouri","29165","22.1"
"Bonner, Idaho","16017","22.1"
"Sumter, Florida","12119","22.1"
"Wilkes, North Carolina","37193","22.1"
"Marion, Florida","12083","22.1"
"Levy, Florida","12075","22.1"
"Suwannee, Florida","12121","22.1"
"Atchison, Missouri","29005","22.1"
"Santa Fe, New Mexico","35049","22.1"
"Moore, North Carolina","37125","22.1"
"Robertson, Tennessee","47147","22.1"
"Natrona, Wyoming","56025","22.0"
"Kingsbury, South Dakota","46077","22.0"
"Washington, Utah","49053","22.0"
"Calhoun, South Carolina","45017","22.0"
"Adams, Idaho","16003","22.0"
"Bedford, Tennessee","47003","22.0"
"Lawrence, Missouri","29109","22.0"
"Lubbock, Texas","48303","22.0"
"Alamance, North Carolina","37001","22.0"
"Newton, Indiana","18111","22.0"
"Linn, Missouri","29115","22.0"
"Madison, Alabama","1089","22.0"
"Yavapai, Arizona","4025","21.9"
"Edgefield, South Carolina","45037","21.9"
"Lawrence, Alabama","1079","21.9"
"Churchill, Nevada","32001","21.9"
"Jefferson, Mississippi","28063","21.9"
"Chariton, Missouri","29041","21.9"
"Emmons, North Dakota","38029","21.9"
"Butte, South Dakota","46019","21.9"
"Wayne, Utah","49055","21.9"
"Clearwater, Idaho","16035","21.9"
"Pickens, South Carolina","45077","21.9"
"Potter, South Dakota","46107","21.9"
"Dallas, Missouri","29059","21.8"
"Orange, Florida","12095","21.8"
"Sharkey, Mississippi","28125","21.8"
"Anchorage, Alaska","2020","21.8"
"Washington, Kansas","20201","21.8"
"Fremont, Idaho","16043","21.8"
"Arthur, Nebraska","31005","21.8"
"Barber, Kansas","20007","21.8"
"Union, South Dakota","46127","21.8"
"Okaloosa, Florida","12091","21.8"
"Telfair, Georgia","13271","21.8"
"Elkhart, Indiana","18039","21.8"
"Dade, Missouri","29057","21.7"
"Sumter, Georgia","13261","21.7"
"Bell, Texas","48027","21.7"
"Lake, Florida","12069","21.7"
"Cherokee, Alabama","1019","21.7"
"McIntosh, North Dakota","38051","21.7"
"Rockingham, Virginia","51165","21.7"
"Okmulgee, Oklahoma","40111","21.7"
"Sanborn, South Dakota","46111","21.7"
"Cherokee, North Carolina","37039","21.7"
"Buncombe, North Carolina","37021","21.7"
"Pottawatomie, Oklahoma","40125","21.7"
"Jefferson, Missouri","29099","21.6"
"Bowie, Texas","48037","21.6"
"Granville, North Carolina","37077","21.6"
"Lyman, South Dakota","46085","21.6"
"Wilson, Tennessee","47189","21.6"
"Daviess, Indiana","18027","21.6"
"Hardee, Florida","12049","21.6"
"Gasconade, Missouri","29073","21.6"
"Putnam, Missouri","29171","21.6"
"Schuyler, Missouri","29197","21.6"
"Bee, Texas","48025","21.5"
"Cabarrus, North Carolina","37025","21.5"
"Caldwell, North Carolina","37027","21.5"
"Twin Falls, Idaho","16083","21.5"
"Kiowa, Oklahoma","40075","21.5"
"Oneida, Idaho","16071","21.5"
"Grand, Utah","49019","21.5"
"Holt, Missouri","29087","21.5"
"Spink, South Dakota","46115","21.5"
"Mellette, South Dakota","46095","21.5"
"Jackson, Alabama","1071","21.4"
"Shelby, Missouri","29205","21.4"
"Hernando, Florida","12053","21.4"
"Hoke, North Carolina","37093","21.4"
"Cass, Missouri","29037","21.4"
"Coryell, Texas","48099","21.4"
"Lancaster, Virginia","51103","21.4"
"Minnehaha, South Dakota","46099","21.4"
"Coffee, Alabama","1031","21.4"
"Carroll, Missouri","29033","21.3"
"Northumberland, Virginia","51133","21.3"
"Garfield, Colorado","8045","21.3"
"Washoe, Nevada","32031","21.3"
"Brevard, Florida","12009","21.3"
"La Salle, Texas","48283","21.3"
"Forsyth, North Carolina","37067","21.3"
"Bibb, Georgia","13021","21.3"
"Bon Homme, South Dakota","46009","21.3"
"Bradley, Tennessee","47011","21.3"
"Uinta, Wyoming","56041","21.2"
"Choctaw, Mississippi","28019","21.2"
"Houston, Georgia","13153","21.2"
"Lunenburg, Virginia","51111","21.2"
"Phillips, Colorado","8095","21.2"
"Clay, Florida","12019","21.2"
"Platte, Wyoming","56031","21.1"
"Fall River, South Dakota","46047","21.1"
"Cuming, Nebraska","31039","21.1"
"Lane, Kansas","20101","21.1"
"Escambia, Alabama","1053","21.1"
"Hancock, Maine","23009","21.1"
"Johnson, Wyoming","56019","21.1"
"Wheeler, Georgia","13309","21.1"
"Lancaster, South Carolina","45057","21.1"
"Wayne, North Carolina","37191","21.1"
"Howard, Missouri","29089","21.1"
"Storey, Nevada","32029","21.1"
"Daniels, Montana","30019","21.1"
"Pamlico, North Carolina","37137","21.1"
"Carson City, Nevada","32510","21.1"
"Monroe, Missouri","29137","21.0"
"Newberry, South Carolina","45071","21.0"
"Fremont, Wyoming","56013","21.0"
"Crisp, Georgia","13081","21.0"
"Grundy, Missouri","29079","21.0"
"Volusia, Florida","12127","21.0"
"Crockett, Tennessee","47033","21.0"
"Coosa, Alabama","1037","21.0"
"Alexander, North Carolina","37003","21.0"
"Jackson, Missouri","29095","21.0"
"Amelia, Virginia","51007","21.0"
"Harnett, North Carolina","37085","21.0"
"Montgomery, Missouri","29139","21.0"
"Nelson, North Dakota","38063","21.0"
"Shannon, Missouri","29203","21.0"
"Putnam, Florida","12107","21.0"
"Westmoreland, Virginia","51193","21.0"
"Pike, Mississippi","28113","21.0"
"Lyon, Kansas","20111","21.0"
"Zavala, Texas","48507","21.0"
"Hettinger, North Dakota","38041","21.0"
"Charles Mix, South Dakota","46023","21.0"
"Roosevelt, Montana","30085","21.0"
"Bolivar, Mississippi","28011","20.9"
"Lincoln, Nevada","32017","20.9"
"Warren, Virginia","51187","20.9"
"Cheatham, Tennessee","47021","20.9"
"James City, Virginia","51095","20.9"
"Macon, Missouri","29121","20.9"
"Park, Wyoming","56029","20.9"
"Polk, Tennessee","47139","20.9"
"Randolph, Georgia","13243","20.9"
"Clay, Georgia","13061","20.9"
"Panola, Mississippi","28107","20.9"
"Hamlin, South Dakota","46057","20.9"
"Geneva, Alabama","1061","20.9"
"Johnson, Georgia","13167","20.9"
"Worth, Missouri","29227","20.9"
"Lincoln, South Dakota","46083","20.9"
"Albany, Wyoming","56001","20.9"
"Texas, Missouri","29215","20.9"
"Madison, Virginia","51113","20.9"
"Lanier, Georgia","13173","20.9"
"Henrico, Virginia","51087","20.9"
"Osborne, Kansas","20141","20.9"
"Irwin, Georgia","13155","20.9"
"Callaway, Missouri","29027","20.9"
"Morris, Kansas","20127","20.8"
"Houston, Alabama","1069","20.8"
"Citrus, Florida","12017","20.8"
"Greeley, Nebraska","31077","20.8"
"Berkeley, South Carolina","45015","20.8"
"Washington, Georgia","13303","20.8"
"New Hanover, North Carolina","37129","20.8"
"Northampton, Virginia","51131","20.8"
"Slope, North Dakota","38087","20.8"
"Wheatland, Montana","30107","20.7"
"Burke, North Carolina","37023","20.7"
"Monroe, Alabama","1099","20.7"
"Ste. Genevieve, Missouri","29186","20.7"
"Shenandoah, Virginia","51171","20.7"
"Corson, South Dakota","46031","20.7"
"Marion, Alabama","1093","20.7"
"Troup, Georgia","13285","20.7"
"Franklin, Florida","12037","20.7"
"Laurens, Georgia","13175","20.7"
"McDowell, North Carolina","37111","20.7"
"Duval, Florida","12031","20.7"
"Floyd, Virginia","51063","20.7"
"Clay, Missouri","29047","20.7"
"Warren, North Carolina","37185","20.7"
"Fairbanks North Star, Alaska","2090","20.7"
"Galax, Virginia","51640","20.7"
"Granite, Montana","30039","20.7"
"Wilson, North Carolina","37195","20.6"
"Dodge, Georgia","13091","20.6"
"Perkins, Nebraska","31135","20.6"
"Moore, Tennessee","47127","20.6"
"Boone, Missouri","29019","20.6"
"Wright, Missouri","29229","20.6"
"Bay, Florida","12005","20.6"
"Hamilton, Tennessee","47065","20.6"
"Dixon, Nebraska","31051","20.6"
"Clay, Mississippi","28025","20.6"
"Turner, South Dakota","46125","20.6"
"Cape Girardeau, Missouri","29031","20.6"
"Nassau, Florida","12089","20.6"
"Marshall, Mississippi","28093","20.6"
"Sanpete, Utah","49039","20.6"
"Attala, Mississippi","28007","20.6"
"Warren, Georgia","13301","20.6"
"Dillingham, Alaska","2070","20.5"
"Powder River, Montana","30075","20.5"
"Lauderdale, Alabama","1077","20.5"
"Van Buren, Tennessee","47175","20.5"
"Dent, Missouri","29065","20.5"
"Sheridan, Montana","30091","20.5"
"Blount, Tennessee","47009","20.5"
"Uintah, Utah","49047","20.5"
"Yalobusha, Mississippi","28161","20.5"
"Reynolds, Missouri","29179","20.5"
"Cheyenne, Colorado","8017","20.5"
"Perquimans, North Carolina","37143","20.5"
"Brooks, Texas","48047","20.5"
"Carbon, Montana","30009","20.4"
"Richmond, Virginia","51159","20.4"
"Adair, Missouri","29001","20.4"
"Stokes, North Carolina","37169","20.4"
"Stanly, North Carolina","37167","20.4"
"Dickson, Tennessee","47043","20.4"
"Converse, Wyoming","56009","20.4"
"Orange, Virginia","51137","20.4"
"Jefferson, Tennessee","47089","20.4"
"Montgomery, Mississippi","28097","20.4"
"Clarke, Alabama","1025","20.4"
"Hughes, South Dakota","46065","20.4"
"Stoddard, Missouri","29207","20.4"
"Grenada, Mississippi","28043","20.4"
"Aiken, South Carolina","45003","20.4"
"Grainger, Tennessee","47057","20.4"
"Muscogee, Georgia","13215","20.4"
"Woodson, Kansas","20207","20.3"
"Billings, North Dakota","38007","20.3"
"Lexington, South Carolina","45063","20.3"
"Nodaway, Missouri","29147","20.3"
"Stewart, Tennessee","47161","20.3"
"Lake, South Dakota","46079","20.3"
"Bates, Missouri","29013","20.3"
"Franklin, Idaho","16041","20.3"
"Fergus, Montana","30027","20.3"
"Washington, Maine","23029","20.3"
"Richmond, Georgia","13245","20.3"
"Pickett, Tennessee","47137","20.3"
"Harrisonburg, Virginia","51660","20.3"
"Barton, Kansas","20009","20.3"
"Douglas, Nebraska","31055","20.3"
"Comanche, Oklahoma","40031","20.3"
"Carter, Missouri","29035","20.3"
"Perry, Missouri","29157","20.3"
"Santa Rosa, Florida","12113","20.3"
"Maricopa, Arizona","4013","20.2"
"Greene, Missouri","29077","20.2"
"Bingham, Idaho","16011","20.2"
"Polk, Nebraska","31143","20.2"
"Ripley, Missouri","29181","20.2"
"Elk, Kansas","20049","20.2"
"Monroe, Tennessee","47123","20.2"
"Georgetown, South Carolina","45043","20.2"
"Boyd, Nebraska","31015","20.2"
"DeKalb, Missouri","29063","20.2"
"Wallace, Kansas","20199","20.2"
"Holmes, Florida","12059","20.2"
"Divide, North Dakota","38023","20.2"
"Walker, Alabama","1127","20.2"
"Marshall, Indiana","18099","20.2"
"Butte, Idaho","16023","20.2"
"Rowan, North Carolina","37159","20.2"
"Tooele, Utah","49045","20.1"
"Hall, Nebraska","31079","20.1"
"Andrew, Missouri","29003","20.1"
"Hanover, Virginia","51085","20.1"
"Burt, Nebraska","31021","20.1"
"Watauga, North Carolina","37189","20.1"
"Beaver, Utah","49001","20.1"
"Dougherty, Georgia","13095","20.1"
"Union, New Jersey","34039","20.1"
"Terrell, Georgia","13273","20.1"
"Colbert, Alabama","1033","20.1"
"Wayne, Missouri","29223","20.1"
"Mobile, Alabama","1097","20.1"
"Robeson, North Carolina","37155","20.0"
"York, Virginia","51199","20.0"
"Douglas, Missouri","29067","20.0"
"LaMoure, North Dakota","38045","20.0"
"Jefferson, Alabama","1073","20.0"
"Quitman, Mississippi","28119","20.0"
"Ben Hill, Georgia","13017","20.0"
"Bartholomew, Indiana","18005","20.0"
"Upson, Georgia","13293","20.0"
"Autauga, Alabama","1001","20.0"
"Wayne, Tennessee","47181","20.0"
"Rutherford, Tennessee","47149","20.0"
"McCormick, South Carolina","45065","20.0"
"Macon, Tennessee","47111","20.0"
"Geauga, Ohio","39055","20.0"
"Buchanan, Missouri","29021","19.9"
"Cannon, Tennessee","47015","19.9"
"Humphreys, Tennessee","47085","19.9"
"Sumner, Tennessee","47165","19.9"
"Trousdale, Tennessee","47169","19.9"
"Webster, Missouri","29225","19.9"
"Polk, Missouri","29167","19.9"
"Garden, Nebraska","31069","19.9"
"Bedford, Virginia","51917","19.9"
"St. Charles, Missouri","29183","19.9"
"Elmore, Idaho","16039","19.9"
"Saline, Missouri","29195","19.9"
"Caldwell, Missouri","29025","19.9"
"Caribou, Idaho","16029","19.9"
"Mathews, Virginia","51115","19.9"
"Jefferson, Kansas","20087","19.9"
"Thomas, Kansas","20193","19.9"
"Ware, Georgia","13299","19.9"
"Beaverhead, Montana","30001","19.9"
"Warren, Mississippi","28149","19.9"
"Shelby, Tennessee","47157","19.9"
"Elmore, Alabama","1051","19.9"
"Lee, Alabama","1081","19.9"
"Crawford, Missouri","29055","19.8"
"Yankton, South Dakota","46135","19.8"
"McMinn, Tennessee","47107","19.8"
"Emanuel, Georgia","13107","19.8"
"Richland, Montana","30083","19.8"
"Barton, Missouri","29011","19.8"
"Grundy, Tennessee","47061","19.8"
"Etowah, Alabama","1055","19.8"
"Tallahatchie, Mississippi","28135","19.8"
"Columbus, North Carolina","37047","19.8"
"Sherman, Nebraska","31163","19.8"
"Charleston, South Carolina","45019","19.8"
"Cherry, Nebraska","31031","19.8"
"Chautauqua, Kansas","20019","19.7"
"Rockingham, North Carolina","37157","19.7"
"Morgan, Tennessee","47129","19.7"
"White Pine, Nevada","32033","19.7"
"Cedar, Missouri","29039","19.7"
"Anderson, Tennessee","47001","19.7"
"Lincoln, Missouri","29113","19.7"
"Cooper, Missouri","29053","19.7"
"Gaston, North Carolina","37071","19.7"
"Jackson, Colorado","8057","19.7"
"Jefferson, Florida","12065","19.7"
"Vernon, Missouri","29217","19.7"
"Polk, Florida","12105","19.7"
"Adams, North Dakota","38001","19.7"
"Hamilton, Indiana","18057","19.7"
"Deuel, Nebraska","31049","19.6"
"Osceola, Florida","12097","19.6"
"McDuffie, Georgia","13189","19.6"
"Clay, Nebraska","31035","19.6"
"Abbeville, South Carolina","45001","19.6"
"Crenshaw, Alabama","1041","19.6"
"Talladega, Alabama","1121","19.6"
"Trego, Kansas","20195","19.6"
"Washington, Arkansas","5143","19.6"
"Christian, Missouri","29043","19.6"
"Sheridan, Nebraska","31161","19.6"
"Sedgwick, Kansas","20173","19.6"
"Chester, Tennessee","47023","19.6"
"Meade, South Dakota","46093","19.6"
"Clark, Nevada","32003","19.5"
"Campbell, Virginia","51031","19.5"
"Lyon, Nevada","32019","19.5"
"Benewah, Idaho","16009","19.5"
"Madison, Missouri","29123","19.5"
"Haywood, North Carolina","37087","19.5"
"Knox, Tennessee","47093","19.5"
"Claiborne, Mississippi","28021","19.5"
"Montgomery, Alabama","1101","19.5"
"Miller, Missouri","29131","19.5"
"Beaufort, North Carolina","37013","19.4"
"Lewis, Idaho","16061","19.4"
"Yuma, Colorado","8125","19.4"
"Harper, Kansas","20077","19.4"
"Aroostook, Maine","23003","19.4"
"Shoshone, Idaho","16079","19.4"
"Chouteau, Montana","30015","19.4"
"Nome, Alaska","2180","19.3"
"Sheridan, Wyoming","56033","19.3"
"Laurens, South Carolina","45059","19.3"
"Thomas, Nebraska","31171","19.3"
"Fayette, Alabama","1057","19.3"
"Rice, Kansas","20159","19.3"
"Hancock, Georgia","13141","19.3"
"Franklin, Tennessee","47051","19.3"
"Ravalli, Montana","30081","19.3"
"Norton, Kansas","20137","19.3"
"Henry, Missouri","29083","19.3"
"Spartanburg, South Carolina","45083","19.3"
"Randolph, Alabama","1111","19.3"
"Ada, Idaho","16001","19.3"
"Lea, New Mexico","35025","19.3"
"Gloucester, Virginia","51073","19.3"
"Bennett, South Dakota","46007","19.3"
"Grand, Colorado","8049","19.2"
"Lemhi, Idaho","16059","19.2"
"Gadsden, Florida","12039","19.2"
"Lenoir, North Carolina","37107","19.2"
"Harrison, Missouri","29081","19.2"
"Cameron, Louisiana","22023","19.2"
"Kosciusko, Indiana","18085","19.2"
"Pike, Missouri","29163","19.2"
"Clay, South Dakota","46027","19.2"
"Rock, Nebraska","31149","19.2"
"York, South Carolina","45091","19.2"
"Clinton, Missouri","29049","19.2"
"Chesterfield, South Carolina","45025","19.2"
"Lewis, Tennessee","47101","19.2"
"Kit Carson, Colorado","8063","19.2"
"Franklin, Missouri","29071","19.1"
"Benton, Arkansas","5007","19.1"
"Covington, Alabama","1039","19.1"
"Livingston, Missouri","29117","19.1"
"Dewey, South Dakota","46041","19.1"
"Sussex, Virginia","51183","19.1"
"Cedar, Nebraska","31027","19.1"
"Decatur, Kansas","20039","19.1"
"Smith, Kansas","20183","19.1"
"Rutherford, North Carolina","37161","19.1"
"Glacier, Montana","30035","19.1"
"Piute, Utah","49031","19.1"
"Putnam, Tennessee","47141","19.1"
"Lincoln, Kansas","20105","19.1"
"Graham, Kansas","20065","19.1"
"Madison, North Carolina","37115","19.1"
"Teton, Montana","30099","19.1"
"Burke, Georgia","13033","19.1"
"Cass, Indiana","18017","19.1"
"Towner, North Dakota","38095","19.0"
"Chase, Kansas","20017","19.0"
"Unicoi, Tennessee","47171","19.0"
"Boone, Indiana","18011","19.0"
"Dunklin, Missouri","29069","19.0"
"Greer, Oklahoma","40055","19.0"
"Botetourt, Virginia","51023","19.0"
"Cole, Missouri","29051","19.0"
"Fallon, Montana","30025","19.0"
"Guilford, North Carolina","37081","19.0"
"Houston, Tennessee","47083","19.0"
"Brown, Indiana","18013","19.0"
"Liberty, Montana","30051","19.0"
"Fredericksburg, Virginia","51630","19.0"
"Lewis, Missouri","29111","18.9"
"Routt, Colorado","8107","18.9"
"Perry, Tennessee","47135","18.9"
"Gates, North Carolina","37073","18.9"
"Sanders, Montana","30089","18.9"
"Kootenai, Idaho","16055","18.9"
"Lake, Colorado","8065","18.9"
"Decatur, Tennessee","47039","18.9"
"Buffalo, South Dakota","46017","18.9"
"Clinton, Indiana","18023","18.9"
"Warren, Missouri","29219","18.9"
"Caswell, North Carolina","37033","18.9"
"Hudson, New Jersey","34017","18.9"
"St. Louis, Missouri","29189","18.9"
"Pickens, Alabama","1107","18.9"
"Isle of Wight, Virginia","51093","18.9"
"Patrick, Virginia","51141","18.9"
"Wakulla, Florida","12129","18.9"
"Somerset, New Jersey","34035","18.9"
"San Juan, Utah","49037","18.8"
"Lauderdale, Mississippi","28075","18.8"
"Dinwiddie, Virginia","51053","18.8"
"White, Indiana","18181","18.8"
"Henry, Virginia","51089","18.8"
"Johnson, Tennessee","47091","18.8"
"Juab, Utah","49023","18.8"
"Jefferson, Montana","30043","18.8"
"Pitt, North Carolina","37147","18.8"
"Madison, Florida","12079","18.8"
"Brown, Nebraska","31017","18.8"
"Greenwood, South Carolina","45047","18.8"
"Nye, Nevada","32023","18.8"
"Sunflower, Mississippi","28133","18.7"
"Jewell, Kansas","20089","18.7"
"Hood River, Oregon","41027","18.7"
"Rich, Utah","49033","18.7"
"Jackson, Kansas","20085","18.7"
"Hickman, Tennessee","47081","18.7"
"Delaware, Ohio","39041","18.7"
"Jackson, Tennessee","47087","18.7"
"Madison, Nebraska","31119","18.7"
"Sioux, Nebraska","31165","18.7"
"Union, Tennessee","47173","18.7"
"Buckingham, Virginia","51029","18.7"
"Roanoke, Virginia","51161","18.7"
"Surry, Virginia","51181","18.7"
"Lincoln, Tennessee","47103","18.7"
"King William, Virginia","51101","18.7"
"Knox, Maine","23013","18.7"
"Randolph, Missouri","29175","18.6"
"Pembina, North Dakota","38067","18.6"
"Anderson, South Carolina","45007","18.6"
"Fayette, Tennessee","47047","18.6"
"Union, Florida","12125","18.6"
"Morris, New Jersey","34027","18.6"
"Washington, Florida","12133","18.6"
"Washington, Mississippi","28151","18.6"
"Dubois, Indiana","18037","18.6"
"Carroll, Virginia","51035","18.6"
"Dodge, Nebraska","31053","18.6"
"Bowman, North Dakota","38011","18.6"
"Maury, Tennessee","47119","18.6"
"Cumberland, Maine","23005","18.6"
"Middlesex, Virginia","51119","18.6"
"Roane, Tennessee","47145","18.6"
"Sargent, North Dakota","38081","18.5"
"Cumberland, Tennessee","47035","18.5"
"Wabaunsee, Kansas","20197","18.5"
"Nottoway, Virginia","51135","18.5"
"Barbour, Alabama","1005","18.5"
"Yazoo, Mississippi","28163","18.5"
"Weber, Utah","49057","18.5"
"Prince George's, Maryland","24033","18.5"
"Calhoun, Florida","12013","18.5"
"Buffalo, Nebraska","31019","18.5"
"Weakley, Tennessee","47183","18.5"
"Virginia Beach, Virginia","51810","18.5"
"Sebastian, Arkansas","5131","18.5"
"Davison, South Dakota","46035","18.5"
"Charlotte, Virginia","51037","18.5"
"Augusta, Virginia","51015","18.5"
"Montgomery, Maryland","24031","18.4"
"Linn, Kansas","20107","18.4"
"McPherson, Nebraska","31117","18.4"
"Phillips, Montana","30071","18.4"
"Passaic, New Jersey","34031","18.4"
"Caroline, Virginia","51033","18.4"
"Clarendon, South Carolina","45027","18.4"
"Dorchester, South Carolina","45035","18.4"
"Lafayette, Missouri","29107","18.4"
"Johnson, Missouri","29101","18.4"
"Meigs, Tennessee","47121","18.4"
"McKenzie, North Dakota","38053","18.4"
"Craven, North Carolina","37049","18.4"
"Johnson, Nebraska","31097","18.4"
"Harlan, Nebraska","31083","18.3"
"Lamar, Alabama","1075","18.3"
"Bannock, Idaho","16005","18.3"
"Greene, Tennessee","47059","18.3"
"Hinds, Mississippi","28049","18.3"
"Oregon, Missouri","29149","18.3"
"Phillips, Kansas","20147","18.3"
"Franklin, Virginia","51067","18.3"
"Lancaster, Pennsylvania","42071","18.3"
"Sullivan, Tennessee","47163","18.3"
"Cleveland, North Carolina","37045","18.3"
"Hot Springs, Wyoming","56017","18.3"
"Mercer, New Jersey","34021","18.3"
"Golden Valley, North Dakota","38033","18.3"
"Pawnee, Nebraska","31133","18.3"
"Liberty, Georgia","13179","18.3"
"McNairy, Tennessee","47109","18.3"
"Giles, Tennessee","47055","18.3"
"Kershaw, South Carolina","45055","18.3"
"Pierce, Nebraska","31139","18.2"
"Walsh, North Dakota","38099","18.2"
"Noble, Indiana","18113","18.2"
"Kidder, North Dakota","38043","18.2"
"Bland, Virginia","51021","18.2"
"Sheridan, North Dakota","38083","18.2"
"Jackson, Indiana","18071","18.2"
"Jackson, Florida","12063","18.2"
"Lake, Montana","30047","18.2"
"Amherst, Virginia","51009","18.2"
"Nuckolls, Nebraska","31129","18.2"
"Archuleta, Colorado","8007","18.2"
"Dixie, Florida","12029","18.1"
"Johnson, Arkansas","5071","18.1"
"Person, North Carolina","37145","18.1"
"Marshall, Tennessee","47117","18.1"
"Burke, North Dakota","38013","18.1"
"Pike, Arkansas","5109","18.1"
"Audrain, Missouri","29007","18.1"
"Howell, Missouri","29091","18.1"
"Marion, Kansas","20115","18.1"
"Washington, Missouri","29221","18.1"
"Sumter, Alabama","1119","18.1"
"Daggett, Utah","49009","18.1"
"Carter, Tennessee","47019","18.1"
"Humphreys, Mississippi","28053","18.1"
"Waldo, Maine","23027","18.1"
"Washington, Tennessee","47179","18.1"
"Saguache, Colorado","8109","18.1"
"Overton, Tennessee","47133","18.1"
"Garfield, Nebraska","31071","18.0"
"Frontier, Nebraska","31063","18.0"
"Coffee, Tennessee","47031","18.0"
"Howard, Nebraska","31093","18.0"
"Nash, North Carolina","37127","18.0"
"Knox, Nebraska","31107","18.0"
"Bonneville, Idaho","16019","18.0"
"Poquoson, Virginia","51735","18.0"
"Todd, South Dakota","46121","18.0"
"Hardin, Tennessee","47071","18.0"
"Smith, Tennessee","47159","18.0"
"Tuscaloosa, Alabama","1125","18.0"
"Logan, Kansas","20109","18.0"
"Furnas, Nebraska","31065","18.0"
"Latah, Idaho","16057","18.0"
"Boone, Nebraska","31011","18.0"
"Early, Georgia","13099","18.0"
"Carroll, Indiana","18015","18.0"
"Ottawa, Kansas","20143","18.0"
"Rooks, Kansas","20163","18.0"
"Page, Virginia","51139","18.0"
"Sweet Grass, Montana","30097","18.0"
"Rhea, Tennessee","47143","18.0"
"New Madrid, Missouri","29143","18.0"
"Thayer, Nebraska","31169","17.9"
"Leon, Florida","12073","17.9"
"Williamsburg, Virginia","51830","17.9"
"Liberty, Florida","12077","17.9"
"Alachua, Florida","12001","17.9"
"White, Tennessee","47185","17.9"
"Rosebud, Montana","30087","17.9"
"Tipton, Tennessee","47167","17.9"
"Appomattox, Virginia","51011","17.9"
"Benton, Tennessee","47005","17.9"
"Crawford, Kansas","20037","17.9"
"Codington, South Dakota","46029","17.9"
"Rockbridge, Virginia","51163","17.9"
"Laclede, Missouri","29105","17.9"
"Williams, North Dakota","38105","17.9"
"Antelope, Nebraska","31003","17.9"
"Pittsylvania, Virginia","51143","17.9"
"Kimball, Nebraska","31105","17.8"
"Northwest Arctic, Alaska","2188","17.8"
"Cavalier, North Dakota","38019","17.8"
"Washington, Virginia","51191","17.8"
"Hamilton, Florida","12047","17.8"
"Mississippi, Missouri","29133","17.8"
"Montgomery, Virginia","51121","17.8"
"Wayne, Ohio","39169","17.8"
"Clay, Tennessee","47027","17.8"
"Dale, Alabama","1045","17.8"
"Harvey, Kansas","20079","17.8"
"Carroll, Arkansas","5015","17.8"
"Kane, Illinois","17089","17.8"
"Saline, Kansas","20169","17.7"
"Prairie, Montana","30079","17.7"
"Anson, North Carolina","37007","17.7"
"Dawes, Nebraska","31045","17.7"
"Holmes, Mississippi","28051","17.7"
"Gulf, Florida","12045","17.7"
"Fentress, Tennessee","47049","17.7"
"Pottawatomie, Kansas","20149","17.7"
"Chowan, North Carolina","37041","17.7"
"Lafayette, Wisconsin","55065","17.7"
"Dickinson, Kansas","20041","17.7"
"Pima, Arizona","4019","17.7"
"Nez Perce, Idaho","16069","17.6"
"Valley, Nebraska","31175","17.6"
"Iron, Missouri","29093","17.6"
"Mineral, Nevada","32021","17.6"
"Tallapoosa, Alabama","1123","17.6"
"Henderson, Tennessee","47077","17.6"
"Anderson, Kansas","20003","17.6"
"Chester, Pennsylvania","42029","17.6"
"Ellsworth, Kansas","20053","17.6"
"Sumner, Kansas","20191","17.6"
"Rush, Kansas","20165","17.6"
"Jefferson, Louisiana","22051","17.6"
"Fairfield, Connecticut","9001","17.5"
"Bibb, Alabama","1007","17.5"
"Madison, Arkansas","5087","17.5"
"Piscataquis, Maine","23021","17.5"
"Coconino, Arizona","4005","17.5"
"Baca, Colorado","8009","17.5"
"St. Louis, Missouri","29510","17.5"
"Escambia, Florida","12033","17.5"
"Penobscot, Maine","23019","17.5"
"Marion, Tennessee","47115","17.5"
"Calhoun, Alabama","1015","17.5"
"Union, New Mexico","35059","17.5"
"Roanoke, Virginia","51770","17.4"
"Colleton, South Carolina","45029","17.4"
"Russell, Kansas","20167","17.4"
"Sandoval, New Mexico","35043","17.4"
"Grayson, Virginia","51077","17.4"
"Franklin, Maine","23007","17.4"
"Sagadahoc, Maine","23023","17.4"
"Johnson, Indiana","18081","17.4"
"Phelps, Nebraska","31137","17.4"
"Cache, Utah","49005","17.3"
"Taylor, Florida","12123","17.3"
"Columbia, Florida","12023","17.3"
"Warren, Ohio","39165","17.3"
"Essex, Virginia","51057","17.3"
"Richmond, Virginia","51760","17.3"
"Bradford, Florida","12007","17.3"
"Sequatchie, Tennessee","47153","17.3"
"Richland, South Carolina","45079","17.3"
"Montgomery, Kansas","20125","17.3"
"Fairfield, South Carolina","45039","17.3"
"Park, Montana","30067","17.3"
"Otoe, Nebraska","31131","17.3"
"Bear Lake, Idaho","16007","17.3"
"Blaine, Montana","30005","17.3"
"Eureka, Nevada","32011","17.2"
"Prince George, Virginia","51149","17.2"
"Shawnee, Kansas","20177","17.2"
"Yuma, Arizona","4027","17.2"
"Waynesboro, Virginia","51820","17.2"
"Kingman, Kansas","20095","17.2"
"Pratt, Kansas","20151","17.2"
"Broadwater, Montana","30007","17.2"
"Steuben, Indiana","18151","17.2"
"Scott, Tennessee","47151","17.2"
"Lawrence, Tennessee","47099","17.2"
"Crawford, Iowa","19047","17.2"
"Pasquotank, North Carolina","37139","17.2"
"Cumberland, Virginia","51049","17.2"
"Gila, Arizona","4007","17.1"
"Webster, Nebraska","31181","17.1"
"Scotts Bluff, Nebraska","31157","17.1"
"Florence, South Carolina","45041","17.1"
"Butler, Alabama","1013","17.1"
"Madison, Tennessee","47113","17.1"
"Valencia, New Mexico","35061","17.1"
"Lowndes, Alabama","1085","17.1"
"Yakima, Washington","53077","17.1"
"Essex, New Jersey","34013","17.1"
"Southampton, Virginia","51175","17.1"
"Campbell, Tennessee","47013","17.1"
"Custer, Nebraska","31041","17.0"
"Republic, Kansas","20157","17.0"
"Park, Colorado","8093","17.0"
"Utah, Utah","49049","17.0"
"Leflore, Mississippi","28083","17.0"
"Conecuh, Alabama","1035","17.0"
"Reno, Kansas","20155","17.0"
"Bertie, North Carolina","37015","17.0"
"Iron, Utah","49021","17.0"
"Leelanau, Michigan","26089","17.0"
"McLean, North Dakota","38055","17.0"
"Ventura, California","6111","17.0"
"Mitchell, Kansas","20123","17.0"
"Charlottesville, Virginia","51540","17.0"
"Coahoma, Mississippi","28027","17.0"
"Russell, Alabama","1113","17.0"
"Fulton, Indiana","18049","17.0"
"King George, Virginia","51099","17.0"
"Lincoln, New Mexico","35027","17.0"
"Cass, Nebraska","31025","17.0"
"Pinal, Arizona","4021","17.0"
"Baker, Florida","12003","17.0"
"McPherson, Kansas","20113","17.0"
"Marion, Indiana","18097","16.9"
"Holt, Nebraska","31089","16.9"
"Mono, California","6051","16.9"
"Chambers, Alabama","1017","16.9"
"Santa Barbara, California","6083","16.9"
"Hawkins, Tennessee","47073","16.9"
"San Juan, New Mexico","35045","16.9"
"Montgomery, Arkansas","5097","16.9"
"Stark, North Dakota","38089","16.9"
"Alleghany/Clifton Forge, Virginia","51005","16.9"
"Sumter, South Carolina","45085","16.9"
"Logan, Nebraska","31113","16.9"
"Hitchcock, Nebraska","31087","16.9"
"Fillmore, Nebraska","31059","16.9"
"Osage, Kansas","20139","16.9"
"Stillwater, Montana","30095","16.8"
"Nemaha, Kansas","20131","16.8"
"Musselshell, Montana","30065","16.8"
"Adams, Nebraska","31001","16.8"
"Norfolk, Virginia","51710","16.8"
"Loup, Nebraska","31115","16.8"
"Cowley, Kansas","20035","16.8"
"Middlesex, New Jersey","34023","16.8"
"Sarpy, Nebraska","31153","16.8"
"Greenwood, Kansas","20073","16.8"
"Scotland, North Carolina","37165","16.8"
"Yell, Arkansas","5149","16.8"
"Bamberg, South Carolina","45009","16.8"
"Monmouth, New Jersey","34025","16.7"
"Blaine, Nebraska","31009","16.7"
"Louisa, Iowa","19115","16.7"
"Pope, Arkansas","5115","16.7"
"Morgan, Colorado","8087","16.7"
"Treasure, Montana","30103","16.7"
"Bottineau, North Dakota","38009","16.7"
"Wythe, Virginia","51197","16.7"
"Monroe, Indiana","18105","16.7"
"Lake, Illinois","17097","16.7"
"Laramie, Wyoming","56021","16.7"
"Washington, Oregon","41067","16.7"
"Cherokee, South Carolina","45021","16.7"
"Northampton, North Carolina","37131","16.7"
"Claiborne, Tennessee","47025","16.6"
"Butler, Missouri","29023","16.6"
"St. Francois, Missouri","29187","16.6"
"Trempealeau, Wisconsin","55121","16.6"
"Morrow, Oregon","41049","16.6"
"Macon, Alabama","1087","16.6"
"Douglas, Kansas","20045","16.6"
"Banner, Nebraska","31007","16.6"
"Pulaski, Missouri","29169","16.6"
"Shannon, South Dakota","46113","16.6"
"Butler, Kansas","20015","16.5"
"Clay, Kansas","20027","16.5"
"Hendricks, Indiana","18063","16.5"
"Dickey, North Dakota","38021","16.5"
"Washington, North Carolina","37187","16.5"
"Box Elder, Utah","49003","16.5"
"Green Lake, Wisconsin","55047","16.5"
"Miami, Kansas","20121","16.5"
"Vance, North Carolina","37181","16.5"
"Sevier, Utah","49041","16.5"
"Dillon, South Carolina","45033","16.5"
"Brunswick, Virginia","51025","16.5"
"Prince Edward, Virginia","51147","16.5"
"York, Maine","23031","16.5"
"Hancock, Indiana","18059","16.5"
"Franklin, Nebraska","31061","16.4"
"Richmond, North Carolina","37153","16.4"
"McHenry, North Dakota","38049","16.4"
"Big Horn, Montana","30003","16.4"
"Oxford, Maine","23017","16.4"
"Somerset, Maine","23025","16.4"
"Mackinac, Michigan","26097","16.3"
"Merrick, Nebraska","31121","16.3"
"Buchanan, Virginia","51027","16.3"
"Hale, Alabama","1065","16.3"
"Marengo, Alabama","1091","16.3"
"Carroll, Tennessee","47017","16.3"
"Traill, North Dakota","38097","16.3"
"Porter, Indiana","18127","16.3"
"Judith Basin, Montana","30045","16.3"
"Nance, Nebraska","31125","16.3"
"Martin, North Carolina","37117","16.3"
"Marion, South Carolina","45067","16.3"
"Hertford, North Carolina","37091","16.3"
"Dona Ana, New Mexico","35013","16.3"
"Clear Creek, Colorado","8019","16.3"
"Elbert, Colorado","8039","16.2"
"Scott, Missouri","29201","16.2"
"Alamosa, Colorado","8003","16.2"
"Obion, Tennessee","47131","16.2"
"Coffey, Kansas","20031","16.2"
"Craig, Virginia","51045","16.2"
"Colonial Heights, Virginia","51570","16.2"
"Kane, Utah","49025","16.2"
"Roosevelt, New Mexico","35041","16.2"
"Darlington, South Carolina","45031","16.2"
"Hunterdon, New Jersey","34019","16.2"
"Golden Valley, Montana","30037","16.1"
"Prowers, Colorado","8099","16.1"
"Hamilton, Nebraska","31081","16.1"
"Polk, Arkansas","5113","16.1"
"Foster, North Dakota","38031","16.1"
"Buena Vista, Iowa","19021","16.1"
"Parke, Indiana","18121","16.0"
"Union, South Carolina","45087","16.0"
"DuPage, Illinois","17043","16.0"
"Bradley, Arkansas","5011","16.0"
"Doniphan, Kansas","20043","16.0"
"Lancaster, Nebraska","31109","16.0"
"Hardeman, Tennessee","47069","16.0"
"Hancock, Tennessee","47067","16.0"
"Jasper, Indiana","18073","15.9"
"Gallatin, Montana","30031","15.9"
"Eddy, North Dakota","38027","15.9"
"Davis, Utah","49011","15.9"
"Gunnison, Colorado","8051","15.9"
"Orangeburg, South Carolina","45075","15.9"
"Butler, Nebraska","31023","15.9"
"Gibson, Tennessee","47053","15.9"
"Cochise, Arizona","4003","15.9"
"Giles, Virginia","51071","15.9"
"Arapahoe, Colorado","8005","15.9"
"Valley, Montana","30105","15.9"
"Allen, Indiana","18003","15.8"
"Henry, Tennessee","47079","15.8"
"Lexington, Virginia","51678","15.8"
"Cook, Illinois","17031","15.8"
"Walworth, Wisconsin","55127","15.8"
"Washington, Nebraska","31177","15.8"
"St. Joseph, Indiana","18141","15.8"
"Chesapeake, Virginia","51550","15.8"
"Tipton, Indiana","18159","15.8"
"Mercer, North Dakota","38057","15.8"
"Broomfield, Colorado","8014","15.8"
"Tippecanoe, Indiana","18157","15.8"
"Bethel, Alaska","2050","15.7"
"Lauderdale, Tennessee","47097","15.7"
"Montgomery, Indiana","18107","15.7"
"Howard, Arkansas","5061","15.7"
"Neosho, Kansas","20133","15.7"
"Ouray, Colorado","8091","15.7"
"Lincoln, Louisiana","22061","15.7"
"Toole, Montana","30101","15.7"
"Vernon, Wisconsin","55123","15.7"
"Newport News, Virginia","51700","15.7"
"Cherokee, Kansas","20021","15.7"
"Plaquemines, Louisiana","22075","15.7"
"Rio Grande, Colorado","8105","15.6"
"Benton, Indiana","18007","15.6"
"Nobles, Minnesota","27105","15.6"
"Wade Hampton, Alaska","2270","15.6"
"Taos, New Mexico","35055","15.6"
"McKinley, New Mexico","35031","15.6"
"Thurston, Nebraska","31173","15.6"
"Spencer, Indiana","18147","15.6"
"Meagher, Montana","30059","15.6"
"McHenry, Illinois","17111","15.6"
"Lincoln, Montana","30053","15.6"
"Okanogan, Washington","53047","15.6"
"Bernalillo, New Mexico","35001","15.6"
"San Juan, Washington","53055","15.6"
"Shelby, Kentucky","21211","15.6"
"Lynchburg, Virginia","51680","15.6"
"Smyth, Virginia","51173","15.6"
"Halifax, North Carolina","37083","15.6"
"Mecklenburg, Virginia","51117","15.6"
"Monterey, California","6053","15.5"
"Eddy, New Mexico","35015","15.5"
"Costilla, Colorado","8023","15.5"
"Boulder, Colorado","8013","15.5"
"Tazewell, Virginia","51185","15.5"
"Gosper, Nebraska","31073","15.5"
"Tunica, Mississippi","28143","15.5"
"Marshall, Kansas","20117","15.5"
"Napa, California","6055","15.5"
"Pondera, Montana","30073","15.5"
"Dyer, Tennessee","47045","15.4"
"Hooker, Nebraska","31091","15.4"
"Denver, Colorado","8031","15.4"
"Suffolk, Virginia","51800","15.4"
"Crawford, Indiana","18025","15.4"
"Oceana, Michigan","26127","15.4"
"Halifax, Virginia","51083","15.4"
"Chattahoochee, Georgia","13053","15.4"
"Keith, Nebraska","31101","15.4"
"Richardson, Nebraska","31147","15.4"
"Mineral, Colorado","8079","15.4"
"Izard, Arkansas","5065","15.4"
"Ellis, Kansas","20051","15.4"
"Brown, Kansas","20013","15.3"
"Cocke, Tennessee","47029","15.3"
"Seward, Nebraska","31159","15.3"
"Jefferson, Nebraska","31095","15.3"
"Otero, New Mexico","35035","15.3"
"Pawnee, Kansas","20145","15.3"
"Terrebonne, Louisiana","22109","15.3"
"Stone, Arkansas","5137","15.3"
"Dickenson, Virginia","51051","15.3"
"Pulaski, Virginia","51155","15.3"
"Adams, Washington","53001","15.3"
"Rolette, North Dakota","38079","15.3"
"Chester, South Carolina","45023","15.3"
"Red Willow, Nebraska","31145","15.3"
"Franklin, Indiana","18047","15.3"
"Chaves, New Mexico","35005","15.3"
"Marion, Missouri","29127","15.3"
"Powell, Montana","30077","15.2"
"Scott, Virginia","51169","15.2"
"St. Tammany, Louisiana","22103","15.2"
"Steele, North Dakota","38091","15.2"
"Oliver, North Dakota","38065","15.2"
"Martin, Indiana","18101","15.2"
"Sullivan, Indiana","18153","15.2"
"Marin, California","6041","15.2"
"Klickitat, Washington","53039","15.2"
"Wilcox, Alabama","1131","15.2"
"Box Butte, Nebraska","31013","15.2"
"Colusa, California","6011","15.2"
"Mohave, Arizona","4015","15.2"
"Greensville, Virginia","51081","15.2"
"Cloud, Kansas","20029","15.1"
"San Diego, California","6073","15.1"
"Whitley, Indiana","18183","15.1"
"Warrick, Indiana","18173","15.1"
"Grant, Washington","53025","15.1"
"Staunton, Virginia","51790","15.1"
"Edgecombe, North Carolina","37065","15.1"
"Labette, Kansas","20099","15.1"
"Barnwell, South Carolina","45011","15.1"
"Hampton, South Carolina","45049","15.1"
"Greene, Alabama","1063","15.1"
"Switzerland, Indiana","18155","15.1"
"Wilson, Kansas","20205","15.1"
"La Salle, Louisiana","22059","15.1"
"Renville, North Dakota","38075","15.1"
"Owen, Indiana","18119","15.1"
"Emery, Utah","49015","15.1"
"Gage, Nebraska","31067","15.1"
"Luna, New Mexico","35029","15.0"
"Douglas, Washington","53017","15.0"
"Perry, Alabama","1105","15.0"
"Carbon, Utah","49007","15.0"
"Franklin, Washington","53021","15.0"
"Caldwell, Louisiana","22021","14.9"
"Glenn, California","6021","14.9"
"Rush, Indiana","18139","14.9"
"Los Alamos, New Mexico","35028","14.9"
"Saunders, Nebraska","31155","14.9"
"Fayette, Kentucky","21067","14.9"
"Chaffee, Colorado","8015","14.8"
"Leavenworth, Kansas","20103","14.8"
"Haywood, Tennessee","47075","14.8"
"Hopewell, Virginia","51670","14.8"
"Russell, Virginia","51167","14.8"
"Bullock, Alabama","1011","14.8"
"Williamsburg, South Carolina","45089","14.8"
"Howard, Maryland","24027","14.8"
"Cheyenne, Nebraska","31033","14.8"
"Sedgwick, Colorado","8115","14.8"
"Union, Ohio","39159","14.8"
"Mineral, Montana","30061","14.8"
"Pemiscot, Missouri","29155","14.8"
"Douglas, Colorado","8035","14.8"
"Kearney, Nebraska","31099","14.8"
"Garland, Arkansas","5051","14.8"
"Wise, Virginia","51195","14.7"
"La Plata, Colorado","8067","14.7"
"Lake, Ohio","39085","14.7"
"Covington, Virginia","51580","14.7"
"Harrison, Indiana","18061","14.7"
"Beauregard, Louisiana","22011","14.7"
"Wayne, Nebraska","31179","14.7"
"Watonwan, Minnesota","27165","14.7"
"Hill, Montana","30041","14.7"
"Custer, Colorado","8027","14.7"
"Lafourche, Louisiana","22057","14.7"
"Fountain, Indiana","18045","14.7"
"Rio Arriba, New Mexico","35039","14.7"
"Marlboro, South Carolina","45069","14.6"
"Pulaski, Indiana","18131","14.6"
"Lee, Virginia","51105","14.6"
"Graham, Arizona","4009","14.6"
"Scott, Arkansas","5127","14.6"
"Vermilion, Louisiana","22113","14.6"
"Pike, Pennsylvania","42103","14.6"
"Barnes, North Dakota","38003","14.6"
"Flathead, Montana","30029","14.6"
"Adams, Colorado","8001","14.6"
"Madison, Idaho","16065","14.5"
"Weld, Colorado","8123","14.5"
"Crawford, Arkansas","5033","14.5"
"Ransom, North Dakota","38073","14.5"
"Pepin, Wisconsin","55091","14.5"
"Kennebec, Maine","23011","14.5"
"Custer, Montana","30017","14.5"
"Adams, Indiana","18001","14.5"
"Sabine, Louisiana","22085","14.5"
"Ripley, Indiana","18137","14.5"
"Curry, New Mexico","35009","14.5"
"Stutsman, North Dakota","38093","14.5"
"Clark, Indiana","18019","14.4"
"Cass, North Dakota","38017","14.4"
"Grant, Nebraska","31075","14.4"
"Montrose, Colorado","8085","14.4"
"Bourbon, Kansas","20011","14.4"
"Perry, Pennsylvania","42099","14.4"
"Lapeer, Michigan","26087","14.4"
"Warren, New Jersey","34041","14.4"
"Wells, North Dakota","38103","14.4"
"Morrow, Ohio","39117","14.4"
"Hinsdale, Colorado","8053","14.4"
"Pike, Indiana","18125","14.4"
"Deer Lodge, Montana","30023","14.4"
"Lincoln, Oregon","41041","14.3"
"Franklin, Ohio","39049","14.3"
"Nemaha, Nebraska","31127","14.3"
"Hempstead, Arkansas","5057","14.3"
"Yamhill, Oregon","41071","14.3"
"Ramsey, North Dakota","38071","14.3"
"Cumberland, North Carolina","37051","14.3"
"Forest, Wisconsin","55041","14.3"
"Randolph, Indiana","18135","14.3"
"Ohio, Indiana","18115","14.3"
"Dallas, Alabama","1047","14.3"
"Griggs, North Dakota","38039","14.3"
"Marion, Oregon","41047","14.2"
"Franklin, Pennsylvania","42055","14.2"
"Huntington, Indiana","18069","14.2"
"Vanderburgh, Indiana","18163","14.2"
"Buena Vista, Virginia","51530","14.2"
"Chelan, Washington","53007","14.2"
"Lee, South Carolina","45061","14.2"
"Pierce, North Dakota","38069","14.2"
"Jefferson, Oregon","41031","14.2"
"Waushara, Wisconsin","55137","14.2"
"Washington, Indiana","18175","14.2"
"Lawrence, Indiana","18093","14.2"
"Stanton, Nebraska","31167","14.2"
"Morton, North Dakota","38059","14.2"
"Androscoggin, Maine","23001","14.2"
"Vigo, Indiana","18167","14.2"
"Craighead, Arkansas","5031","14.2"
"Navajo, Arizona","4017","14.2"
"Las Animas, Colorado","8071","14.1"
"Lake, Tennessee","47095","14.1"
"Cass, Illinois","17017","14.1"
"Columbia, Arkansas","5027","14.1"
"Socorro, New Mexico","35053","14.1"
"Riley, Kansas","20161","14.1"
"York, Nebraska","31185","14.1"
"Jay, Indiana","18075","14.1"
"St. Helena, Louisiana","22091","14.1"
"Sussex, New Jersey","34037","14.1"
"Buffalo, Wisconsin","55011","14.0"
"Salem, Virginia","51775","14.0"
"Monroe, Ohio","39111","14.0"
"Silver Bow, Montana","30093","14.0"
"Florence, Wisconsin","55037","14.0"
"Greene, Indiana","18055","14.0"
"Atlantic, New Jersey","34001","14.0"
"Lincoln, Arkansas","5079","14.0"
"Sullivan, Pennsylvania","42113","14.0"
"Union, Indiana","18161","14.0"
"White, Arkansas","5145","14.0"
"Moffat, Colorado","8081","14.0"
"Petroleum, Montana","30069","14.0"
"Ward, North Dakota","38101","14.0"
"Allen, Kansas","20001","14.0"
"Noble, Ohio","39121","13.9"
"Carroll, Ohio","39019","13.9"
"Lewis and Clark, Montana","30049","13.9"
"Clackamas, Oregon","41005","13.9"
"Hampshire, West Virginia","54027","13.9"
"Bucks, Pennsylvania","42017","13.9"
"Carroll, New Hampshire","33003","13.9"
"Allamakee, Iowa","19005","13.9"
"Sonoma, California","6097","13.9"
"Wasco, Oregon","41065","13.9"
"Faulkner, Arkansas","5045","13.9"
"Los Angeles, California","6037","13.9"
"Douglas, Illinois","17041","13.9"
"Clatsop, Oregon","41007","13.9"
"Lincoln, Colorado","8073","13.8"
"Dawson, Montana","30021","13.8"
"Kendall, Illinois","17093","13.8"
"Sussex, Delaware","10005","13.8"
"Missoula, Montana","30063","13.8"
"Monroe, West Virginia","54063","13.8"
"Door, Wisconsin","55029","13.8"
"Dearborn, Indiana","18029","13.8"
"De Soto, Louisiana","22031","13.8"
"Miami, Indiana","18103","13.8"
"Onslow, North Carolina","37133","13.8"
"De Baca, New Mexico","35011","13.8"
"Posey, Indiana","18129","13.8"
"Montgomery, Tennessee","47125","13.7"
"Grant, Wisconsin","55043","13.7"
"Multnomah, Oregon","41051","13.7"
"St. Mary, Louisiana","22101","13.7"
"Montgomery, Pennsylvania","42091","13.7"
"Knox, Ohio","39083","13.7"
"Wayne, Indiana","18177","13.7"
"Shelby, Indiana","18145","13.7"
"Wells, Indiana","18179","13.7"
"Jennings, Indiana","18079","13.7"
"Frederick, Maryland","24021","13.7"
"Ascension, Louisiana","22005","13.7"
"Lafayette, Arkansas","5073","13.7"
"Orange, California","6059","13.7"
"Rio Blanco, Colorado","8103","13.7"
"Adams, Pennsylvania","42001","13.7"
"Lincoln, Nebraska","31111","13.7"