Demographics, US by County, Non-English Language, Language Isolation (Both Sexes - 2014 to 2018), 2014 - 2018
Area,County FIPS,Percent
"Kenedy, Texas","48261","44.0"
"Starr, Texas","48427","37.9"
"Hudspeth, Texas","48229","36.0"
"Presidio, Texas","48377","36.0"
"Zapata, Texas","48505","32.2"
"Culberson, Texas","48109","29.2"
"Maverick, Texas","48323","28.9"
"Miami-Dade, Florida","12086","25.1"
"Webb, Texas","48479","23.1"
"El Paso, Texas","48141","23.1"
"Imperial, California","6025","23.0"
"Clark, Idaho","16033","21.3"
"Hidalgo, Texas","48215","20.8"
"Queens, New York","36081","19.1"
"Colfax, Nebraska","31037","18.0"
"Bronx, New York","36005","18.0"
"Yoakum, Texas","48501","17.8"
"Adams, Washington","53001","17.5"
"La Salle, Texas","48283","17.3"
"Seward, Kansas","20175","17.1"
"Tulare, California","6107","17.1"
"Cameron, Texas","48061","16.6"
"Santa Cruz, Arizona","4023","16.5"
"Apache, Arizona","4001","16.2"
"Moore, Texas","48341","16.1"
"Jim Hogg, Texas","48247","15.9"
"Kings, New York","36047","15.1"
"Hudson, New Jersey","34017","15.1"
"Castro, Texas","48069","14.8"
"Hendry, Florida","12051","14.7"
"Zavala, Texas","48507","14.7"
"Ford, Kansas","20057","14.4"
"Willacy, Texas","48489","14.0"
"Franklin, Washington","53021","13.8"
"San Miguel, New Mexico","35047","13.7"
"Reagan, Texas","48383","13.3"
"Finney, Kansas","20055","13.3"
"Monterey, California","6053","13.3"
"Socorro, New Mexico","35053","13.2"
"Dallam, Texas","48111","13.1"
"Luna, New Mexico","35029","13.1"
"Suffolk, Massachusetts","25025","13.0"
"Merced, California","6047","12.9"
"Los Angeles, California","6037","12.9"
"Hansford, Texas","48195","12.8"
"Brooks, Texas","48047","12.3"
"Texas, Oklahoma","40139","12.3"
"Guadalupe, New Mexico","35019","12.3"
"Val Verde, Texas","48465","12.3"
"Union, New Jersey","34039","12.1"
"Passaic, New Jersey","34031","12.1"
"Reeves, Texas","48389","11.9"
"Harris, Texas","48201","11.9"
"Dimmit, Texas","48127","11.8"
"Pecos, Texas","48371","11.8"
"Duval, Texas","48131","11.6"
"San Francisco, California","6075","11.6"
"Kings, California","6031","11.5"
"Deaf Smith, Texas","48117","11.5"
"Gaines, Texas","48165","11.5"
"Dallas, Texas","48113","11.4"
"Hemphill, Texas","48211","11.3"
"DeSoto, Florida","12027","11.2"
"Cochran, Texas","48079","11.2"
"Glasscock, Texas","48173","11.1"
"Costilla, Colorado","8023","11.1"
"Buena Vista, Iowa","19021","11.1"
"Menard, Texas","48327","11.0"
"Yuma, Arizona","4027","10.9"
"Osceola, Florida","12097","10.9"
"Nobles, Minnesota","27105","10.9"
"Hamilton, Kansas","20075","10.8"
"Santa Clara, California","6085","10.7"
"Winkler, Texas","48495","10.7"
"Dakota, Nebraska","31043","10.7"
"Jim Wells, Texas","48249","10.7"
"Madera, California","6039","10.6"
"Sutton, Texas","48435","10.6"
"Parmer, Texas","48369","10.5"
"Uvalde, Texas","48463","10.5"
"Colusa, California","6011","10.3"
"Union, New Mexico","35059","10.1"
"Manassas, Virginia","51683","10.0"
"Jerome, Idaho","16053","10.0"
"Essex, New Jersey","34013","10.0"
"Ochiltree, Texas","48357","9.9"
"Fresno, California","6019","9.9"
"Stevens, Kansas","20189","9.8"
"Andrews, Texas","48003","9.7"
"Frio, Texas","48163","9.6"
"Dona Ana, New Mexico","35013","9.6"
"Broward, Florida","12011","9.6"
"Edwards, Texas","48137","9.5"
"Jeff Davis, Texas","48243","9.5"
"New York, New York","36061","9.4"
"Sevier, Arkansas","5133","9.4"
"Haskell, Kansas","20081","9.3"
"Ector, Texas","48135","9.3"
"Alameda, California","6001","9.3"
"Holmes, Ohio","39075","9.3"
"Crane, Texas","48103","9.2"
"Terry, Texas","48445","9.1"
"Loving, Texas","48301","9.1"
"Kern, California","6029","9.1"
"Swisher, Texas","48437","9.1"
"Morrow, Oregon","41049","9.1"
"Yakima, Washington","53077","9.0"
"Orange, California","6059","9.0"
"Bailey, Texas","48017","9.0"
"Providence, Rhode Island","44007","8.9"
"Bergen, New Jersey","34003","8.9"
"Hardee, Florida","12049","8.9"
"Aleutians West, Alaska","2016","8.8"
"Atkinson, Georgia","13003","8.8"
"Stanislaus, California","6099","8.7"
"Glenn, California","6021","8.7"
"Owyhee, Idaho","16073","8.7"
"Atascosa, Texas","48013","8.7"
"Gwinnett, Georgia","13135","8.6"
"Wyandotte, Kansas","20209","8.6"
"Matagorda, Texas","48321","8.6"
"San Benito, California","6069","8.5"
"San Mateo, California","6081","8.5"
"Saline, Nebraska","31151","8.4"
"Sherman, Texas","48421","8.4"
"Middlesex, New Jersey","34023","8.4"
"Grant, Kansas","20067","8.3"
"McKinley, New Mexico","35031","8.3"
"Upton, Texas","48461","8.3"
"Harrisonburg, Virginia","51660","8.3"
"San Joaquin, California","6077","8.3"
"Rockland, New York","36087","8.1"
"Grant, Washington","53025","8.0"
"Whitfield, Georgia","13313","8.0"
"Sutter, California","6101","8.0"
"Orange, Florida","12095","8.0"
"Morgan, Colorado","8087","8.0"
"Power, Idaho","16077","8.0"
"Gonzales, Texas","48177","7.9"
"Riverside, California","6065","7.9"
"Potter, Texas","48375","7.9"
"Santa Barbara, California","6083","7.8"
"Saguache, Colorado","8109","7.8"
"Cook, Illinois","17031","7.7"
"Westchester, New York","36119","7.7"
"San Saba, Texas","48411","7.7"
"Chaves, New Mexico","35005","7.7"
"Morton, Kansas","20129","7.7"
"Crawford, Iowa","19047","7.6"
"Dawson, Nebraska","31047","7.6"
"Cumberland, New Jersey","34011","7.5"
"Beadle, South Dakota","46005","7.5"
"Karnes, Texas","48255","7.5"
"Bethel, Alaska","2050","7.5"
"Minidoka, Idaho","16067","7.4"
"Collingsworth, Texas","48087","7.3"
"Meade, Kansas","20119","7.3"
"Honolulu, Hawaii","15003","7.3"
"Glades, Florida","12043","7.3"
"Clark, Nevada","32003","7.3"
"Schleicher, Texas","48413","7.3"
"Brewster, Texas","48043","7.3"
"Fairfax, Virginia","51600","7.2"
"Caldwell, Texas","48055","7.1"
"Fairfield, Connecticut","9001","7.1"
"Mercer, New Jersey","34021","7.1"
"Garza, Texas","48169","7.1"
"Knox, Texas","48275","7.1"
"Ward, Texas","48475","7.0"
"Palm Beach, Florida","12099","7.0"
"Louisa, Iowa","19115","7.0"
"Echols, Georgia","13101","6.9"
"Bexar, Texas","48029","6.9"
"San Juan, Utah","49037","6.9"
"Philadelphia, Pennsylvania","42101","6.9"
"Napa, California","6055","6.9"
"Titus, Texas","48449","6.9"
"Lincoln, Idaho","16063","6.8"
"Hall, Nebraska","31079","6.8"
"Yolo, California","6113","6.8"
"Mason, Texas","48319","6.7"
"Young, Texas","48503","6.7"
"Hillsborough, Florida","12057","6.7"
"Montgomery, Maryland","24031","6.7"
"Fairfax, Virginia","51059","6.7"
"San Bernardino, California","6071","6.7"
"LaGrange, Indiana","18087","6.6"
"Calhoun, Texas","48057","6.6"
"Sacramento, California","6067","6.6"
"Chambers, Texas","48071","6.5"
"Tarrant, Texas","48439","6.5"
"Hampden, Massachusetts","25013","6.5"
"Contra Costa, California","6013","6.5"
"Essex, Massachusetts","25009","6.5"
"San Diego, California","6073","6.5"
"Evans, Georgia","13109","6.5"
"Hartley, Texas","48205","6.5"
"Crosby, Texas","48107","6.5"
"Nolan, Texas","48353","6.4"
"Collier, Florida","12021","6.4"
"Manassas Park, Virginia","51685","6.4"
"Hartford, Connecticut","9003","6.3"
"Cassia, Idaho","16031","6.3"
"Richmond, New York","36085","6.3"
"McLennan, Texas","48309","6.2"
"Travis, Texas","48453","6.2"
"Ventura, California","6111","6.2"
"Navarro, Texas","48349","6.2"
"Hall, Georgia","13139","6.1"
"Douglas, Washington","53017","6.1"
"Lea, New Mexico","35025","6.1"
"Eagle, Colorado","8037","6.1"
"Santa Cruz, California","6087","6.1"
"Fort Bend, Texas","48157","6.1"
"Lamb, Texas","48279","6.0"
"Kodiak Island, Alaska","2150","6.0"
"Duplin, North Carolina","37061","6.0"
"Alexandria, Virginia","51510","6.0"
"Hale, Texas","48189","6.0"
"Wharton, Texas","48481","5.9"
"Mora, New Mexico","35033","5.9"
"Yuma, Colorado","8125","5.9"
"Marshall, Iowa","19127","5.9"
"Stanton, Kansas","20187","5.9"
"Dawson, Texas","48115","5.9"
"Middlesex, Massachusetts","25017","5.8"
"North Slope, Alaska","2185","5.8"
"Brazos, Texas","48041","5.8"
"Okeechobee, Florida","12093","5.8"
"Navajo, Arizona","4017","5.8"
"Waller, Texas","48473","5.7"
"Haskell, Texas","48207","5.7"
"Edwards, Kansas","20047","5.7"
"Colquitt, Georgia","13071","5.7"
"Mitchell, Texas","48335","5.7"
"Nassau, New York","36059","5.6"
"Cass, Illinois","17017","5.6"
"Bristol, Massachusetts","25005","5.5"
"Lehigh, Pennsylvania","42077","5.5"
"Prince George's, Maryland","24033","5.5"
"Floyd, Texas","48153","5.5"
"Atlantic, New Jersey","34001","5.5"
"Live Oak, Texas","48297","5.5"
"King, Washington","53033","5.5"
"Prince William, Virginia","51153","5.5"
"Wheeler, Texas","48483","5.5"
"Alamosa, Colorado","8003","5.5"
"Jefferson, Louisiana","22051","5.4"
"Roosevelt, New Mexico","35041","5.4"
"Adams, Colorado","8001","5.4"
"Phillips, Colorado","8095","5.4"
"Kane, Illinois","17089","5.3"
"Jack, Texas","48237","5.3"
"Prowers, Colorado","8099","5.3"
"Ramsey, Minnesota","27123","5.3"
"Kimble, Texas","48267","5.3"
"Kearny, Kansas","20093","5.2"
"Mower, Minnesota","27099","5.2"
"Curry, New Mexico","35009","5.2"
"Limestone, Texas","48293","5.2"
"San Patricio, Texas","48409","5.2"
"Harper, Oklahoma","40059","5.2"
"Conejos, Colorado","8021","5.2"
"Hood River, Oregon","41027","5.2"
"Umatilla, Oregon","41059","5.2"
"Rio Grande, Colorado","8105","5.2"
"Winchester, Virginia","51840","5.1"
"Marion, Oregon","41047","5.1"
"Cibola, New Mexico","35006","5.1"
"New Haven, Connecticut","9009","5.1"
"Gooding, Idaho","16047","5.1"
"Cherokee, Texas","48073","5.1"
"Midland, Texas","48329","5.1"
"Comanche, Texas","48093","5.1"
"Collin, Texas","48085","5.1"
"Clayton, Georgia","13063","5.1"
"DeKalb, Georgia","13089","5.1"
"Teton, Wyoming","56039","5.0"
"Camden, New Jersey","34007","5.0"
"Watonwan, Minnesota","27165","5.0"
"Scott, Mississippi","28123","5.0"
"Hidalgo, New Mexico","35023","5.0"
"Monroe, Florida","12087","5.0"
"Lee, Florida","12071","5.0"
"Mecklenburg, North Carolina","37119","4.9"
"Yuba, California","6115","4.9"
"Ness, Kansas","20135","4.9"
"Kleberg, Texas","48273","4.9"
"Gordon, Georgia","13129","4.8"
"Denver, Colorado","8031","4.8"
"Worcester, Massachusetts","25027","4.8"
"Esmeralda, Nevada","32009","4.8"
"Durham, North Carolina","37063","4.8"
"Lake, Illinois","17097","4.8"
"Grimes, Texas","48185","4.8"
"Otero, New Mexico","35035","4.8"
"Hardeman, Texas","48197","4.7"
"Goliad, Texas","48175","4.7"
"Greene, North Carolina","37079","4.7"
"Davidson, Tennessee","47037","4.7"
"Dodge, Nebraska","31053","4.7"
"Jefferson, Texas","48245","4.7"
"Lipscomb, Texas","48295","4.7"
"Berks, Pennsylvania","42011","4.7"
"Lynn, Texas","48305","4.7"
"Blaine, Idaho","16013","4.7"
"Gray, Texas","48179","4.7"
"Pipestone, Minnesota","27117","4.7"
"Hockley, Texas","48219","4.6"
"Valencia, New Mexico","35061","4.6"
"Washington, Arkansas","5143","4.6"
"Sampson, North Carolina","37163","4.6"
"Norfolk, Massachusetts","25021","4.6"
"Churchill, Nevada","32001","4.6"
"McCulloch, Texas","48307","4.5"
"Lee, North Carolina","37105","4.5"
"Cochise, Arizona","4003","4.5"
"Morris, New Jersey","34027","4.5"
"DuPage, Illinois","17043","4.5"
"Wilson, Texas","48493","4.5"
"Arlington, Virginia","51013","4.5"
"Fisher, Texas","48151","4.5"
"Solano, California","6095","4.5"
"Arapahoe, Colorado","8005","4.5"
"McMullen, Texas","48311","4.5"
"St. Lucie, Florida","12111","4.4"
"Nueces, Texas","48355","4.4"
"Hall, Texas","48191","4.4"
"Sandoval, New Mexico","35043","4.4"
"Wayne, North Carolina","37191","4.4"
"Mendocino, California","6045","4.4"
"Bernalillo, New Mexico","35001","4.4"
"Somerset, New Jersey","34035","4.4"
"Jones, Texas","48253","4.4"
"Champaign, Illinois","17019","4.3"
"Sonoma, California","6097","4.3"
"Taos, New Mexico","35055","4.3"
"Cameron, Louisiana","22023","4.3"
"Sterling, Texas","48431","4.3"
"Tillman, Oklahoma","40141","4.3"
"Brazoria, Texas","48039","4.3"
"Maricopa, Arizona","4013","4.2"
"Cass, Indiana","18017","4.2"
"Loudoun, Virginia","51107","4.2"
"Cottle, Texas","48101","4.2"
"Garfield, Colorado","8045","4.2"
"Johnson, Iowa","19103","4.2"
"Platte, Nebraska","31141","4.1"
"Santa Fe, New Mexico","35049","4.1"
"Sullivan, Missouri","29211","4.1"
"Marin, California","6041","4.1"
"Carson City, Nevada","32510","4.1"
"Pima, Arizona","4019","4.1"
"Yell, Arkansas","5149","4.1"
"Washoe, Nevada","32031","4.0"
"Shelby, Texas","48419","4.0"
"San Juan, New Mexico","35045","4.0"
"Washington, Oregon","41067","4.0"
"Eddy, North Dakota","38027","4.0"
"Scott, Kansas","20171","4.0"
"Humboldt, Nevada","32013","4.0"
"Hennepin, Minnesota","27053","4.0"
"Houston, Texas","48225","4.0"
"Kit Carson, Colorado","8063","4.0"
"Madison, Nebraska","31119","4.0"
"Snohomish, Washington","53061","4.0"
"Smith, Texas","48423","4.0"
"Oklahoma, Oklahoma","40109","3.9"
"Robertson, Texas","48395","3.9"
"Golden Valley, Montana","30037","3.9"
"Multnomah, Oregon","41051","3.9"
"Woodbury, Iowa","19193","3.9"
"McDonald, Missouri","29119","3.9"
"Chelan, Washington","53007","3.9"
"Bacon, Georgia","13005","3.9"
"Marshall, Alabama","1095","3.8"
"Wayne, Utah","49055","3.8"
"Liberty, Texas","48291","3.8"
"Colfax, New Mexico","35007","3.8"
"Kingfisher, Oklahoma","40073","3.8"
"Dillingham, Alaska","2070","3.8"
"Marion, Indiana","18097","3.8"
"Beaver, Oklahoma","40007","3.8"
"Martin, Texas","48317","3.8"
"Kauai, Hawaii","15007","3.8"
"Hyde, North Carolina","37095","3.7"
"Summit, Colorado","8117","3.7"
"Polk, Florida","12105","3.7"
"Saluda, South Carolina","45081","3.7"
"Denton, Texas","48121","3.7"
"Story, Iowa","19169","3.7"
"Montgomery, North Carolina","37123","3.7"
"Montgomery, Texas","48339","3.7"
"Flagler, Florida","12035","3.7"
"Washington, Idaho","16087","3.7"
"Wade Hampton, Alaska","2270","3.7"
"Coke, Texas","48081","3.7"
"Anderson, Texas","48001","3.6"
"Walla Walla, Washington","53071","3.6"
"Mills, Texas","48333","3.6"
"Harmon, Oklahoma","40057","3.6"
"Quay, New Mexico","35037","3.6"
"Greeley, Kansas","20071","3.6"
"Whitman, Washington","53075","3.6"
"Fremont, Idaho","16043","3.6"
"Ellis, Texas","48139","3.6"
"Jenkins, Georgia","13165","3.6"
"Nacogdoches, Texas","48347","3.6"
"McIntosh, North Dakota","38051","3.6"
"Gray, Kansas","20069","3.6"
"Lafayette, Florida","12067","3.6"
"Bradley, Arkansas","5011","3.6"
"Johnson, Nebraska","31097","3.6"
"Hays, Texas","48209","3.6"
"Cobb, Georgia","13067","3.6"
"Douglas, Nebraska","31055","3.6"
"Lee, Texas","48287","3.6"
"Concho, Texas","48095","3.6"
"Wilbarger, Texas","48487","3.5"
"Suffolk, New York","36103","3.5"
"McKenzie, North Dakota","38053","3.5"
"Benton, Washington","53005","3.5"
"District of Columbia, District of Columbia","11001","3.5"
"Montrose, Colorado","8085","3.5"
"Guadalupe, Texas","48187","3.5"
"Monmouth, New Jersey","34025","3.5"
"Colorado, Texas","48089","3.5"
"Austin, Texas","48015","3.5"
"St. Landry, Louisiana","22097","3.5"
"Webster, Georgia","13307","3.5"
"Palo Pinto, Texas","48363","3.5"
"Jasper, South Carolina","45053","3.5"
"Rockdale, Georgia","13247","3.5"
"Clarke, Georgia","13059","3.5"
"Jackson, Oklahoma","40065","3.5"
"Clinton, Indiana","18023","3.5"
"Douglas, South Dakota","46043","3.4"
"Carroll, Kentucky","21041","3.4"
"Elkhart, Indiana","18039","3.4"
"Lyon, Kansas","20111","3.4"
"Lake, Colorado","8065","3.4"
"Milwaukee, Wisconsin","55079","3.4"
"Franklin, Alabama","1059","3.4"
"Custer, Oklahoma","40039","3.4"
"Maui, Hawaii","15009","3.4"
"Parke, Indiana","18121","3.4"
"Montague, Texas","48337","3.4"
"Salt Lake, Utah","49035","3.4"
"Tehama, California","6103","3.4"
"Gregg, Texas","48183","3.4"
"Elmore, Idaho","16039","3.4"
"Rio Arriba, New Mexico","35039","3.3"
"Windham, Connecticut","9015","3.3"
"Coconino, Arizona","4005","3.3"
"Wise, Texas","48497","3.3"
"Jackson, South Dakota","46071","3.3"
"Otero, Colorado","8089","3.3"
"Kandiyohi, Minnesota","27067","3.3"
"Jackson, Colorado","8057","3.3"
"Aleutians East, Alaska","2013","3.3"
"Warren, Kentucky","21227","3.3"
"Highlands, Florida","12055","3.3"
"Orange, New York","36071","3.3"
"Sullivan, New York","36105","3.3"
"Benton, Arkansas","5007","3.3"
"Grady, Georgia","13131","3.3"
"Seminole, Florida","12117","3.3"
"Monroe, New York","36055","3.3"
"Will, Illinois","17197","3.3"
"Lancaster, Pennsylvania","42071","3.3"
"Orange, North Carolina","37135","3.2"
"Pope, Arkansas","5115","3.2"
"Habersham, Georgia","13137","3.2"
"Hawaii, Hawaii","15001","3.2"
"Putnam, New York","36079","3.2"
"Fayette, Kentucky","21067","3.2"
"Kinney, Texas","48271","3.2"
"Manatee, Florida","12081","3.2"
"Chatham, North Carolina","37037","3.2"
"Northwest Arctic, Alaska","2188","3.2"
"Macomb, Michigan","26099","3.2"
"Camp, Texas","48063","3.1"
"Malheur, Oregon","41045","3.1"
"Rice, Minnesota","27131","3.1"
"New London, Connecticut","9011","3.1"
"Bee, Texas","48025","3.1"
"Teton, Idaho","16081","3.1"
"Williamson, Texas","48491","3.1"
"Angelina, Texas","48005","3.1"
"Greenville, South Carolina","45045","3.1"
"Galveston, Texas","48167","3.1"
"Wright, Iowa","19197","3.1"
"Howard, Maryland","24027","3.1"
"Brown, South Dakota","46013","3.0"
"Sioux, Iowa","19167","3.0"
"Johnson, Arkansas","5071","3.0"
"Polk, Iowa","19153","3.0"
"Franklin, Ohio","39049","3.0"
"Sarasota, Florida","12115","3.0"
"Victoria, Texas","48469","3.0"
"Oneida, New York","36065","3.0"
"Lubbock, Texas","48303","3.0"
"Okanogan, Washington","53047","3.0"
"Tulsa, Oklahoma","40143","3.0"
"Hoke, North Carolina","37093","3.0"
"Wicomico, Maryland","24045","3.0"
"Los Alamos, New Mexico","35028","3.0"
"Northampton, Pennsylvania","42095","3.0"
"Bedford, Tennessee","47003","3.0"
"DeWitt, Texas","48123","3.0"
"Walker, Texas","48471","3.0"
"Marshall, Oklahoma","40095","3.0"
"Forsyth, Georgia","13117","3.0"
"Cimarron, Oklahoma","40025","3.0"
"San Luis Obispo, California","6079","3.0"
"Medina, Texas","48325","3.0"
"Canyon, Idaho","16027","3.0"
"Allamakee, Iowa","19005","3.0"
"Tom Green, Texas","48451","2.9"
"Jackson, Texas","48239","2.9"
"Ketchikan Gateway, Alaska","2130","2.9"
"Southeast Fairbanks, Alaska","2240","2.9"
"Jeff Davis, Georgia","13161","2.9"
"St. Martin, Louisiana","22099","2.9"
"La Paz, Arizona","4012","2.9"
"Cuyahoga, Ohio","39035","2.9"
"Love, Oklahoma","40085","2.9"
"Foard, Texas","48155","2.9"
"Ingham, Michigan","26065","2.9"
"Gilmer, Georgia","13123","2.9"
"Warren, Illinois","17187","2.9"
"Sebastian, Arkansas","5131","2.9"
"Tattnall, Georgia","13267","2.9"
"Loudon, Tennessee","47105","2.9"
"Duval, Florida","12031","2.9"
"Tippecanoe, Indiana","18157","2.9"
"Hamblen, Tennessee","47063","2.9"
"Clark, Washington","53011","2.9"
"Lake, California","6033","2.9"
"Henrico, Virginia","51087","2.9"
"Clark, Wisconsin","55019","2.9"
"Fulton, Georgia","13121","2.8"
"Rock Island, Illinois","17161","2.8"
"Desha, Arkansas","5041","2.8"
"Twin Falls, Idaho","16083","2.8"
"Mono, California","6051","2.8"
"Skagit, Washington","53057","2.8"
"Wasatch, Utah","49051","2.8"
"Pierce, Washington","53053","2.8"
"Gillespie, Texas","48171","2.8"
"Kaufman, Texas","48257","2.8"
"Lincoln, New Mexico","35027","2.8"
"Greenlee, Arizona","4011","2.8"
"Gem, Idaho","16045","2.8"
"Sedgwick, Kansas","20173","2.8"
"Benton, Oregon","41003","2.8"
"Anchorage, Alaska","2020","2.8"
"Coffee, Georgia","13069","2.8"
"Hodgeman, Kansas","20083","2.8"
"Rusk, Texas","48401","2.8"
"Culpeper, Virginia","51047","2.8"
"Weld, Colorado","8123","2.8"
"Hillsborough, New Hampshire","33011","2.8"
"Madison, Texas","48313","2.8"
"Custer, Colorado","8027","2.8"
"Dauphin, Pennsylvania","42043","2.8"
"Milam, Texas","48331","2.8"
"Stafford, Virginia","51179","2.8"
"Marshall, Indiana","18099","2.8"
"Eddy, New Mexico","35015","2.8"
"Oakland, Michigan","26125","2.8"
"Freestone, Texas","48161","2.8"
"Plymouth, Massachusetts","25023","2.8"
"Bingham, Idaho","16011","2.7"
"Pinellas, Florida","12103","2.7"
"Alamance, North Carolina","37001","2.7"
"Pointe Coupee, Louisiana","22077","2.7"
"Modoc, California","6049","2.7"
"Montgomery, New York","36057","2.7"
"Howard, Texas","48227","2.7"
"Polk, Texas","48373","2.7"
"Alleghany, North Carolina","37005","2.7"
"Polk, Georgia","13233","2.7"
"Leon, Texas","48289","2.7"
"Martin, Florida","12085","2.7"
"Hamlin, South Dakota","46057","2.7"
"Liberty, Georgia","13179","2.7"
"Henderson, North Carolina","37089","2.7"
"Monroe, Indiana","18105","2.7"
"Vermilion, Louisiana","22113","2.7"
"Washtenaw, Michigan","26161","2.7"
"Lancaster, Nebraska","31109","2.7"
"Aransas, Texas","48007","2.7"
"Bell, Texas","48027","2.7"
"Delaware, Pennsylvania","42045","2.7"
"Noble, Indiana","18113","2.7"
"Montgomery, Georgia","13209","2.7"
"Kenosha, Wisconsin","55059","2.7"
"Baltimore, Maryland","24005","2.6"
"Dakota, Minnesota","27037","2.6"
"Wichita, Texas","48485","2.6"
"Lackawanna, Pennsylvania","42069","2.6"
"Cooke, Texas","48097","2.6"
"Coryell, Texas","48099","2.6"
"Yakutat, Alaska","2282","2.6"
"Baca, Colorado","8009","2.6"
"Aroostook, Maine","23003","2.6"
"Kent, Michigan","26081","2.6"
"Putnam, Florida","12107","2.6"
"Forsyth, North Carolina","37067","2.6"
"Bourbon, Kentucky","21017","2.6"
"Newport News, Virginia","51700","2.6"
"Wake, North Carolina","37183","2.6"
"Catawba, North Carolina","37035","2.6"
"Gila, Arizona","4007","2.6"
"Wapello, Iowa","19179","2.6"
"Tompkins, New York","36109","2.6"
"Muscatine, Iowa","19139","2.6"
"Wayne, Michigan","26163","2.6"
"Pinal, Arizona","4021","2.6"
"Jefferson, Iowa","19101","2.6"
"Mercer, North Dakota","38057","2.6"
"Warren, New Jersey","34041","2.6"
"Olmsted, Minnesota","27109","2.6"
"Jefferson, Kentucky","21111","2.6"
"Albany, New York","36001","2.6"
"Salem, New Jersey","34033","2.6"
"Sussex, Delaware","10005","2.5"
"Dutchess, New York","36027","2.5"
"Luzerne, Pennsylvania","42079","2.5"
"Schuyler, Illinois","17169","2.5"
"Johnson, Kansas","20091","2.5"
"Guilford, North Carolina","37081","2.5"
"Graves, Kentucky","21083","2.5"
"Garfield, Oklahoma","40047","2.5"
"Rabun, Georgia","13241","2.5"
"Floyd, Georgia","13115","2.5"
"Howard, Arkansas","5061","2.5"
"Scurry, Texas","48415","2.5"
"Johnson, Texas","48251","2.5"
"Eastland, Texas","48133","2.5"
"San Augustine, Texas","48405","2.5"
"Terrell, Texas","48443","2.5"
"Fayette, Texas","48149","2.5"
"Lafourche, Louisiana","22057","2.5"
"Towner, North Dakota","38095","2.5"
"Yamhill, Oregon","41071","2.5"
"Jefferson, Idaho","16051","2.5"
"Cherry, Nebraska","31031","2.5"
"Talbot, Maryland","24041","2.5"
"Johnston, North Carolina","37101","2.5"
"Centre, Pennsylvania","42027","2.4"
"Coweta, Georgia","13077","2.4"
"New Castle, Delaware","10003","2.4"
"Clarke, Iowa","19039","2.4"
"St. Mary, Louisiana","22101","2.4"
"Riley, Kansas","20161","2.4"
"Custer, Idaho","16037","2.4"
"Sweetwater, Wyoming","56037","2.4"
"Bosque, Texas","48035","2.4"
"Pike, Alabama","1109","2.4"
"Butte, California","6007","2.4"
"McDuffie, Georgia","13189","2.4"
"Taylor, Texas","48441","2.4"
"Houghton, Michigan","26061","2.4"
"Montgomery, Pennsylvania","42091","2.4"
"Macon, Tennessee","47111","2.4"
"Kerr, Texas","48265","2.4"
"Adair, Missouri","29001","2.4"
"Suwannee, Florida","12121","2.4"
"Bastrop, Texas","48021","2.4"
"Summit, Utah","49043","2.4"
"DeKalb, Alabama","1049","2.4"
"San Miguel, Colorado","8113","2.4"
"Hardy, West Virginia","54031","2.4"
"Harvey, Kansas","20079","2.4"
"Winnebago, Illinois","17201","2.4"
"Buncombe, North Carolina","37021","2.4"
"Lake, Indiana","18089","2.4"
"Geary, Kansas","20061","2.4"
"Onondaga, New York","36067","2.4"
"Harding, New Mexico","35021","2.4"
"Accomack, Virginia","51001","2.3"
"Erie, New York","36029","2.3"
"Bladen, North Carolina","37017","2.3"
"Union, North Carolina","37179","2.3"
"Richmond, North Carolina","37153","2.3"
"Chesterfield, Virginia","51041","2.3"
"Cumberland, North Carolina","37051","2.3"
"Carroll, Arkansas","5015","2.3"
"Minnehaha, South Dakota","46099","2.3"
"Stearns, Minnesota","27145","2.3"
"Elko, Nevada","32007","2.3"
"Lebanon, Pennsylvania","42075","2.3"
"Lyon, Minnesota","27083","2.3"
"Hempstead, Arkansas","5057","2.3"
"Caddo, Oklahoma","40015","2.3"
"Palo Alto, Iowa","19147","2.3"
"Wilson, North Carolina","37195","2.3"
"Crittenden, Kentucky","21055","2.3"
"Cache, Utah","49005","2.3"
"Marshall, South Dakota","46091","2.3"
"Carbon, Wyoming","56007","2.3"
"Van Zandt, Texas","48467","2.3"
"Cowley, Kansas","20035","2.3"
"Hood, Texas","48221","2.3"
"Brown, Wisconsin","55009","2.3"
"Hamilton, Texas","48193","2.3"
"Scott, Minnesota","27139","2.3"
"Torrance, New Mexico","35057","2.3"
"Sibley, Minnesota","27143","2.3"
"Cherokee, Georgia","13057","2.3"
"Orleans, Louisiana","22071","2.3"
"Dane, Wisconsin","55025","2.3"
"Woodford, Kentucky","21239","2.3"
"Osceola, Iowa","19143","2.3"
"Indian River, Florida","12061","2.3"
"Bucks, Pennsylvania","42017","2.3"
"St. Louis, Missouri","29510","2.3"
"Bartow, Georgia","13015","2.3"
"Saline, Missouri","29195","2.3"
"Todd, Kentucky","21219","2.2"
"Caribou, Idaho","16029","2.2"
"Henderson, Texas","48213","2.2"
"Wayne, Ohio","39169","2.2"
"King, Texas","48269","2.2"
"Morgan, Alabama","1103","2.2"
"Grand, Utah","49019","2.2"
"Middlesex, Connecticut","9007","2.2"
"Frederick, Maryland","24021","2.2"
"Roanoke, Virginia","51770","2.2"
"Sevier, Tennessee","47155","2.2"
"Trempealeau, Wisconsin","55121","2.2"
"Jackson, Illinois","17077","2.2"
"McLean, Illinois","17113","2.2"
"East Baton Rouge, Louisiana","22033","2.2"
"Douglas, Illinois","17041","2.2"
"Bartholomew, Indiana","18005","2.2"
"Lake, Florida","12069","2.2"
"Pontotoc, Mississippi","28115","2.2"
"Thurston, Washington","53067","2.2"
"Assumption, Louisiana","22007","2.2"
"Toombs, Georgia","13279","2.2"
"Westmoreland, Virginia","51193","2.2"
"Buffalo, Nebraska","31019","2.2"
"Grays Harbor, Washington","53027","2.2"
"Woodward, Oklahoma","40153","2.2"
"Long, Georgia","13183","2.2"
"Aurora, South Dakota","46003","2.2"
"Las Animas, Colorado","8071","2.2"
"Boone, Illinois","17007","2.2"
"Calloway, Kentucky","21035","2.2"
"Beaufort, South Carolina","45013","2.2"
"Dixon, Nebraska","31051","2.2"
"McHenry, Illinois","17111","2.2"
"Rutherford, Tennessee","47149","2.1"
"Spotsylvania, Virginia","51177","2.1"
"Allen, Indiana","18003","2.1"
"Real, Texas","48385","2.1"
"Comal, Texas","48091","2.1"
"Inyo, California","6027","2.1"
"Chester, Pennsylvania","42029","2.1"
"Terrebonne, Louisiana","22109","2.1"
"Brown, Texas","48049","2.1"
"Polk, Oregon","41053","2.1"
"Grayson, Texas","48181","2.1"
"Gallatin, Kentucky","21077","2.1"
"Graham, Arizona","4009","2.1"
"Weston, Wyoming","56045","2.1"
"Taylor, Iowa","19173","2.1"
"Douglas, Nevada","32005","2.1"
"Cuming, Nebraska","31039","2.1"
"Sumter, Alabama","1119","2.1"
"Beaver, Utah","49001","2.1"
"Lavaca, Texas","48285","2.1"
"Saline, Kansas","20169","2.1"
"Randolph, North Carolina","37151","2.1"
"Anoka, Minnesota","27003","2.1"
"Archer, Texas","48009","2.1"
"Wallace, Kansas","20199","2.1"
"Phelps, Missouri","29161","2.1"
"Falls Church, Virginia","51610","2.1"
"Monroe, Pennsylvania","42089","2.1"
"Alachua, Florida","12001","2.1"
"Lincoln, Nevada","32017","2.1"
"Lafayette, Louisiana","22055","2.1"
"Robeson, North Carolina","37155","2.1"
"Volusia, Florida","12127","2.1"
"Rawlins, Kansas","20153","2.1"
"Baltimore, Maryland","24510","2.0"
"Ocean, New Jersey","34029","2.0"
"Placer, California","6061","2.0"
"Bristol, Rhode Island","44001","2.0"
"Scotts Bluff, Nebraska","31157","2.0"
"Boone, Kentucky","21015","2.0"
"Dunn, North Dakota","38025","2.0"
"Columbia, Washington","53013","2.0"
"Wasco, Oregon","41065","2.0"
"Jackson, Missouri","29095","2.0"
"Daviess, Indiana","18027","2.0"
"Plaquemines, Louisiana","22075","2.0"
"Hopewell, Virginia","51670","2.0"
"Richmond, Virginia","51760","2.0"
"Hamilton, Iowa","19079","2.0"
"Iberia, Louisiana","22045","2.0"
"Stafford, Kansas","20185","2.0"
"Okaloosa, Florida","12091","2.0"
"Pike, Mississippi","28113","2.0"
"Fredericksburg, Virginia","51630","2.0"
"Hill, Texas","48217","2.0"
"Anson, North Carolina","37007","2.0"
"Jackson, Indiana","18071","2.0"
"Gadsden, Florida","12039","2.0"
"Sumter, Georgia","13261","2.0"
"Boulder, Colorado","8013","2.0"
"Stephens, Texas","48429","2.0"
"Chattahoochee, Georgia","13053","2.0"
"Barry, Missouri","29009","2.0"
"Burke, North Carolina","37023","2.0"
"Spartanburg, South Carolina","45083","2.0"
"Kent, Delaware","10001","1.9"
"Evangeline, Louisiana","22039","1.9"
"Schenectady, New York","36093","1.9"
"Mason, Washington","53045","1.9"
"Dallas, Iowa","19049","1.9"
"Juneau, Alaska","2110","1.9"
"Oldham, Texas","48359","1.9"
"Berkeley, South Carolina","45015","1.9"
"Columbia, Georgia","13073","1.9"
"Moniteau, Missouri","29135","1.9"
"Clear Creek, Colorado","8019","1.9"
"Ulster, New York","36111","1.9"
"Newberry, South Carolina","45071","1.9"
"Murray, Georgia","13213","1.9"
"Oktibbeha, Mississippi","28105","1.9"
"Morrill, Nebraska","31123","1.9"
"Freeborn, Minnesota","27047","1.9"
"Pasco, Florida","12101","1.9"
"Hernando, Florida","12053","1.9"
"York, Virginia","51199","1.9"
"Hopkins, Texas","48223","1.9"
"Lee, Alabama","1081","1.9"
"Rockwall, Texas","48397","1.9"
"Norfolk, Virginia","51710","1.9"
"Millard, Utah","49027","1.9"
"Glynn, Georgia","13127","1.9"
"Jessamine, Kentucky","21113","1.9"
"Albemarle, Virginia","51003","1.9"
"Burlington, New Jersey","34005","1.9"
"Washington, Texas","48477","1.9"
"Randall, Texas","48381","1.9"
"Gilmer, West Virginia","54021","1.9"
"Caroline, Maryland","24011","1.9"
"Blanco, Texas","48031","1.9"
"Franklin, North Carolina","37069","1.9"
"Lander, Nevada","32015","1.9"
"Tift, Georgia","13277","1.9"
"Surry, North Carolina","37171","1.9"
"Comanche, Oklahoma","40031","1.9"
"Colonial Heights, Virginia","51570","1.9"
"Shelby, Tennessee","47157","1.9"
"Chilton, Alabama","1021","1.9"
"Butler, Ohio","39017","1.8"
"Utah, Utah","49049","1.8"
"Logan, Nebraska","31113","1.8"
"Wichita, Kansas","20203","1.8"
"Marion, Georgia","13197","1.8"
"Acadia, Louisiana","22001","1.8"
"Ellis, Kansas","20051","1.8"
"Pulaski, Arkansas","5119","1.8"
"Sitka, Alaska","2220","1.8"
"Dewey, Oklahoma","40043","1.8"
"Yadkin, North Carolina","37197","1.8"
"Broomfield, Colorado","8014","1.8"
"Boone, Missouri","29019","1.8"
"El Paso, Colorado","8041","1.8"
"Buchanan, Missouri","29021","1.8"
"Cass, North Dakota","38017","1.8"
"De Baca, New Mexico","35011","1.8"
"Kendall, Illinois","17093","1.8"
"Dare, North Carolina","37055","1.8"
"Pratt, Kansas","20151","1.8"
"Virginia Beach, Virginia","51810","1.8"
"White Pine, Nevada","32033","1.8"
"Charlotte, Florida","12015","1.8"
"Erie, Pennsylvania","42049","1.8"
"Androscoggin, Maine","23001","1.8"
"Uintah, Utah","49047","1.8"
"Hunterdon, New Jersey","34019","1.8"
"Oconee, Georgia","13219","1.8"
"Cumberland, Pennsylvania","42041","1.8"
"Runnels, Texas","48399","1.8"
"Nantucket, Massachusetts","25019","1.8"
"Lenoir, North Carolina","37107","1.8"
"Wayne, Georgia","13305","1.8"
"Whatcom, Washington","53073","1.8"
"Liberty, Montana","30051","1.8"
"Childress, Texas","48075","1.8"
"Iredell, North Carolina","37097","1.8"
"James City, Virginia","51095","1.8"
"Cabarrus, North Carolina","37025","1.8"
"Bradley, Tennessee","47011","1.8"
"Kosciusko, Indiana","18085","1.8"
"Russell, Alabama","1113","1.7"
"Hutchinson, Texas","48233","1.7"
"Murray, Minnesota","27101","1.7"
"St. Joseph, Indiana","18141","1.7"
"Clackamas, Oregon","41005","1.7"
"Anne Arundel, Maryland","24003","1.7"
"St. Louis, Missouri","29189","1.7"
"Pitkin, Colorado","8097","1.7"
"Barrow, Georgia","13013","1.7"
"Manitowoc, Wisconsin","55071","1.7"
"Plymouth, Iowa","19149","1.7"
"Berkshire, Massachusetts","25003","1.7"
"Payne, Oklahoma","40119","1.7"
"Catron, New Mexico","35003","1.7"
"Tooele, Utah","49045","1.7"
"Mitchell, Georgia","13205","1.7"
"Adams, Nebraska","31001","1.7"
"Dillon, South Carolina","45033","1.7"
"Kendall, Texas","48259","1.7"
"Isabella, Michigan","26073","1.7"
"Lincoln, North Carolina","37109","1.7"
"Ashland, Ohio","39005","1.7"
"Franklin, Iowa","19069","1.7"
"Juab, Utah","49023","1.7"
"Le Flore, Oklahoma","40079","1.7"
"Alpine, California","6003","1.7"
"Major, Oklahoma","40093","1.7"
"Iron, Utah","49021","1.7"
"Montgomery, Virginia","51121","1.7"
"Douglas, Georgia","13097","1.7"
"Grand Forks, North Dakota","38035","1.7"
"Chesterfield, South Carolina","45025","1.7"
"Black Hawk, Iowa","19013","1.7"
"Delta, Colorado","8029","1.7"
"Shelby, Kentucky","21211","1.7"
"Harnett, North Carolina","37085","1.7"
"Sanborn, South Dakota","46111","1.7"
"Brookings, South Dakota","46011","1.7"
"Briscoe, Texas","48045","1.7"
"Clatsop, Oregon","41007","1.7"
"Monroe, Georgia","13207","1.7"
"Troup, Georgia","13285","1.7"
"Nicollet, Minnesota","27103","1.7"
"Clay, Iowa","19041","1.7"
"Jackson, North Carolina","37099","1.7"
"Steele, North Dakota","38091","1.7"
"Mackinac, Michigan","26097","1.7"
"Robertson, Tennessee","47147","1.7"
"Humboldt, California","6023","1.7"
"Brevard, Florida","12009","1.7"
"Refugio, Texas","48391","1.7"
"Kay, Oklahoma","40071","1.7"
"Throckmorton, Texas","48447","1.7"
"Floyd, Iowa","19067","1.7"
"Harrison, Mississippi","28047","1.7"
"Houston, Georgia","13153","1.7"
"Chatham, Georgia","13051","1.7"
"Oneida, Idaho","16071","1.7"
"Duchesne, Utah","49013","1.7"
"Jackson, Oregon","41029","1.7"
"Weber, Utah","49057","1.7"
"Marion, Texas","48315","1.7"
"Thurston, Nebraska","31173","1.7"
"Otoe, Nebraska","31131","1.7"
"Wood, Texas","48499","1.7"
"Broome, New York","36007","1.7"
"Brown, Illinois","17009","1.6"
"Daniels, Montana","30019","1.6"
"Humboldt, Iowa","19091","1.6"
"Calcasieu, Louisiana","22019","1.6"
"Walworth, Wisconsin","55127","1.6"
"Burnet, Texas","48053","1.6"
"Racine, Wisconsin","55101","1.6"
"Pueblo, Colorado","8101","1.6"
"Sussex, New Jersey","34037","1.6"
"Barton, Kansas","20009","1.6"
"DeKalb, Illinois","17037","1.6"
"Erath, Texas","48143","1.6"
"Marion, Florida","12083","1.6"
"Wrangell-Petersburg, Alaska","2280","1.6"
"Wilcox, Georgia","13315","1.6"
"Jefferson, Oregon","41031","1.6"
"Richland, South Carolina","45079","1.6"
"Taylor, Florida","12123","1.6"
"Mohave, Arizona","4015","1.6"
"Yavapai, Arizona","4025","1.6"
"Orleans, New York","36073","1.6"
"Clay, Florida","12019","1.6"
"Juniata, Pennsylvania","42067","1.6"
"Charleston, South Carolina","45019","1.6"
"Falls, Texas","48145","1.6"
"Scott, Iowa","19163","1.6"
"Lexington, South Carolina","45063","1.6"
"Greenwood, South Carolina","45047","1.6"
"Franklin, Massachusetts","25011","1.6"
"Quitman, Georgia","13239","1.6"
"Putnam, Tennessee","47141","1.6"
"Yates, New York","36123","1.6"
"Box Elder, Utah","49003","1.6"
"York, Pennsylvania","42133","1.6"
"Yancey, North Carolina","37199","1.6"
"Appling, Georgia","13001","1.6"
"Lincoln, Louisiana","22061","1.6"
"Montgomery, Alabama","1101","1.6"
"Walworth, South Dakota","46129","1.6"
"Simpson, Kentucky","21213","1.6"
"Chautauqua, New York","36013","1.6"
"Candler, Georgia","13043","1.6"
"Yukon-Koyukuk, Alaska","2290","1.6"
"Shannon, South Dakota","46113","1.6"
"Cumberland, Maine","23005","1.6"
"Craven, North Carolina","37049","1.6"
"Trousdale, Tennessee","47169","1.6"
"Litchfield, Connecticut","9005","1.6"
"Adams, Pennsylvania","42001","1.6"
"Hampshire, Massachusetts","25015","1.6"
"La Crosse, Wisconsin","55063","1.6"
"Gunnison, Colorado","8051","1.6"
"Cleveland, Oklahoma","40027","1.6"
"Montgomery, Indiana","18107","1.6"
"Morgan, Georgia","13211","1.6"
"Warren, Tennessee","47177","1.6"
"Ottawa, Michigan","26139","1.6"
"White, Indiana","18181","1.6"
"Craighead, Arkansas","5031","1.6"
"Waynesboro, Virginia","51820","1.6"
"San Juan, Washington","53055","1.6"
"Aiken, South Carolina","45003","1.5"
"Houston, Tennessee","47083","1.5"
"Barbour, Alabama","1005","1.5"
"Transylvania, North Carolina","37175","1.5"
"Ascension, Louisiana","22005","1.5"
"Bent, Colorado","8011","1.5"
"St. John the Baptist, Louisiana","22095","1.5"
"Shelby, Alabama","1117","1.5"
"Pamlico, North Carolina","37137","1.5"
"Lorain, Ohio","39093","1.5"
"Klamath, Oregon","41035","1.5"
"Trinity, Texas","48455","1.5"
"San Juan, Colorado","8111","1.5"
"Washington, Louisiana","22117","1.5"
"Lyon, Nevada","32019","1.5"
"Cherokee, Oklahoma","40021","1.5"
"St. Bernard, Louisiana","22087","1.5"
"Hayes, Nebraska","31085","1.5"
"Independence, Arkansas","5063","1.5"
"Clay, Nebraska","31035","1.5"
"Blount, Alabama","1009","1.5"
"Horry, South Carolina","45051","1.5"
"Tolland, Connecticut","9013","1.5"
"Emporia, Virginia","51595","1.5"
"Tama, Iowa","19171","1.5"
"Hamilton, Tennessee","47065","1.5"
"Cherokee, South Carolina","45021","1.5"
"Logan, North Dakota","38047","1.5"
"Sedgwick, Colorado","8115","1.5"
"Parker, Texas","48367","1.5"
"Pasquotank, North Carolina","37139","1.5"
"Blaine, Oklahoma","40011","1.5"
"Jefferson, Colorado","8059","1.5"
"Russell, Kentucky","21207","1.5"
"Emmet, Iowa","19063","1.5"
"Douglas, Kansas","20045","1.5"
"Strafford, New Hampshire","33017","1.5"
"Charlottesville, Virginia","51540","1.5"
"Pike, Pennsylvania","42103","1.5"
"Dinwiddie, Virginia","51053","1.5"
"Muscogee, Georgia","13215","1.5"
"Bryan, Georgia","13029","1.5"
"Escambia, Florida","12033","1.5"
"Big Horn, Wyoming","56003","1.5"
"Polk, Arkansas","5113","1.5"
"Dubois, Indiana","18037","1.5"
"Davidson, North Carolina","37057","1.5"
"Albany, Wyoming","56001","1.5"
"Scott, Kentucky","21209","1.5"
"Gilchrist, Florida","12041","1.5"
"Wood, Ohio","39173","1.5"
"Macon, North Carolina","37113","1.5"
"Hunt, Texas","48231","1.5"
"Del Norte, California","6015","1.5"
"Citrus, Florida","12017","1.5"
"El Dorado, California","6017","1.5"
"Ada, Idaho","16001","1.5"
"Elbert, Georgia","13105","1.5"
"Washington, Utah","49053","1.5"
"Fallon, Montana","30025","1.5"
"St. Tammany, Louisiana","22103","1.5"
"Kiowa, Oklahoma","40075","1.5"
"Lucas, Iowa","19117","1.5"
"Nome, Alaska","2180","1.5"
"Hamilton, Indiana","18057","1.5"
"Coffee, Alabama","1031","1.5"
"McCook, South Dakota","46087","1.5"
"Rowan, North Carolina","37159","1.5"
"Benton, Minnesota","27009","1.5"
"Grant, New Mexico","35017","1.5"
"Mineral, West Virginia","54057","1.5"
"Hamilton, Florida","12047","1.5"
"Platte, Missouri","29165","1.5"
"Jackson, Kansas","20085","1.5"
"Larimer, Colorado","8069","1.5"
"Grand, Colorado","8049","1.5"
"Adams, Indiana","18001","1.5"
"Wayne, Iowa","19185","1.5"
"Barnstable, Massachusetts","25001","1.5"
"Garfield, Utah","49017","1.5"
"Cottonwood, Minnesota","27033","1.5"
"Columbia, New York","36021","1.5"
"Ogle, Illinois","17141","1.4"
"Linn, Iowa","19113","1.4"
"Stark, North Dakota","38089","1.4"
"Kent, Maryland","24029","1.4"
"Madison, Arkansas","5087","1.4"
"Warren, Mississippi","28149","1.4"
"St. Joseph, Michigan","26149","1.4"
"Madison, Alabama","1089","1.4"
"Alexander, North Carolina","37003","1.4"
"Norman, Minnesota","27107","1.4"
"Pettis, Missouri","29159","1.4"
"Baldwin, Alabama","1003","1.4"
"Mariposa, California","6043","1.4"
"Emery, Utah","49015","1.4"
"Barron, Wisconsin","55005","1.4"
"Grant, Minnesota","27051","1.4"
"Todd, South Dakota","46121","1.4"
"Avery, North Carolina","37011","1.4"
"Fannin, Texas","48147","1.4"
"Burleson, Texas","48051","1.4"
"Bay, Florida","12005","1.4"
"Caldwell, North Carolina","37027","1.4"
"Logan, Arkansas","5083","1.4"
"Staunton, Virginia","51790","1.4"
"Franklin, Pennsylvania","42055","1.4"
"Van Buren, Michigan","26159","1.4"
"Levy, Florida","12075","1.4"
"Wilkes, Georgia","13317","1.4"
"Granville, North Carolina","37077","1.4"
"Cerro Gordo, Iowa","19033","1.4"
"Hamilton, Ohio","39061","1.4"
"Gloucester, New Jersey","34015","1.4"
"Calhoun, Mississippi","28013","1.4"
"Jerauld, South Dakota","46073","1.4"
"Swift, Minnesota","27151","1.4"
"Tangipahoa, Louisiana","22105","1.4"
"Decatur, Kansas","20039","1.4"
"Stanton, Nebraska","31167","1.4"
"Lane, Oregon","41039","1.4"
"Jefferson, Oklahoma","40067","1.4"
"Wilson, Tennessee","47189","1.4"
"Russell, Kansas","20167","1.4"
"Sequatchie, Tennessee","47153","1.4"
"Madison, Florida","12079","1.4"
"Gaston, North Carolina","37071","1.4"
"Harrison, Texas","48203","1.4"
"Fayette, Georgia","13113","1.4"
"Leavenworth, Kansas","20103","1.4"
"Rensselaer, New York","36083","1.4"
"Pitt, North Carolina","37147","1.4"
"Warren, Virginia","51187","1.4"
"Frederick, Virginia","51069","1.4"
"Morton, North Dakota","38059","1.4"
"Nelson, Virginia","51125","1.4"
"Dukes, Massachusetts","25007","1.3"
"Summit, Ohio","39153","1.3"
"Dodge, Georgia","13091","1.3"
"Bonneville, Idaho","16019","1.3"
"Canadian, Oklahoma","40017","1.3"
"Hancock, Ohio","39063","1.3"
"Bannock, Idaho","16005","1.3"
"Butler, Kentucky","21031","1.3"
"Oceana, Michigan","26127","1.3"
"Charles, Maryland","24017","1.3"
"Crawford, Kansas","20037","1.3"
"Fauquier, Virginia","51061","1.3"
"Richland, Wisconsin","55103","1.3"
"Jackson, Louisiana","22049","1.3"
"Winnebago, Wisconsin","55139","1.3"
"Lewis, Washington","53041","1.3"
"Allegheny, Pennsylvania","42003","1.3"
"Tripp, South Dakota","46123","1.3"
"Davie, North Carolina","37059","1.3"
"Pender, North Carolina","37141","1.3"
"Beaufort, North Carolina","37013","1.3"
"Cape May, New Jersey","34009","1.3"
"Chase, Nebraska","31029","1.3"
"Moffat, Colorado","8081","1.3"
"Grundy, Missouri","29079","1.3"
"Payette, Idaho","16075","1.3"
"Pickens, South Carolina","45077","1.3"
"Chittenden, Vermont","50007","1.3"
"De Soto, Louisiana","22031","1.3"
"Henry, Virginia","51089","1.3"
"Nye, Nevada","32023","1.3"
"Clay, Missouri","29047","1.3"
"Adams, Mississippi","28001","1.3"
"Peach, Georgia","13225","1.3"
"Clark, Kentucky","21049","1.3"
"Routt, Colorado","8107","1.3"
"Tuolumne, California","6109","1.3"
"Grant, Oklahoma","40053","1.3"
"St. Lawrence, New York","36089","1.3"
"Greene, New York","36039","1.3"
"Deuel, Nebraska","31049","1.3"
"Todd, Minnesota","27153","1.3"
"Montgomery, Mississippi","28097","1.3"
"Tuscaloosa, Alabama","1125","1.3"
"Newport, Rhode Island","44005","1.3"
"Rockingham, Virginia","51165","1.3"
"Fillmore, Minnesota","27045","1.3"
"Knox, Tennessee","47093","1.3"
"Washakie, Wyoming","56043","1.3"
"Lake, Ohio","39085","1.3"
"Jasper, Georgia","13159","1.3"
"Mesa, Colorado","8077","1.3"
"Jefferson, Alabama","1073","1.3"
"Sheboygan, Wisconsin","55117","1.3"
"Kent, Rhode Island","44003","1.3"
"Montgomery, Iowa","19137","1.3"
"Newton, Georgia","13217","1.3"
"Montgomery, Ohio","39113","1.3"
"Richmond, Georgia","13245","1.3"
"Taliaferro, Georgia","13265","1.3"
"Marshall, Tennessee","47117","1.3"
"McClain, Oklahoma","40087","1.3"
"Clallam, Washington","53009","1.3"
"Somerset, Maryland","24039","1.3"
"New Hanover, North Carolina","37129","1.3"
"Spokane, Washington","53063","1.3"
"Pacific, Washington","53049","1.3"
"Vernon, Louisiana","22115","1.3"
"Garland, Arkansas","5051","1.3"
"Ohio, Kentucky","21183","1.3"
"Union, Mississippi","28145","1.3"
"Mineral, Nevada","32021","1.3"
"Dallas, Missouri","29059","1.3"
"Jackson, Mississippi","28059","1.3"
"Eaton, Michigan","26045","1.2"
"Montour, Pennsylvania","42093","1.2"
"La Salle, Illinois","17099","1.2"
"Clark, South Dakota","46025","1.2"
"Crenshaw, Alabama","1041","1.2"
"Chippewa, Minnesota","27023","1.2"
"Isle of Wight, Virginia","51093","1.2"
"Beaverhead, Montana","30001","1.2"
"Polk, Nebraska","31143","1.2"
"Klickitat, Washington","53039","1.2"
"Stevens, Minnesota","27149","1.2"
"Washington, Kansas","20201","1.2"
"Twiggs, Georgia","13289","1.2"
"Newton, Indiana","18111","1.2"
"Rio Blanco, Colorado","8103","1.2"
"Cowlitz, Washington","53015","1.2"
"Scott, Arkansas","5127","1.2"
"Rock, Wisconsin","55105","1.2"
"Franklin, Texas","48159","1.2"
"Phelps, Nebraska","31137","1.2"
"Richland, Montana","30083","1.2"
"Newton, Missouri","29145","1.2"
"Hughes, South Dakota","46065","1.2"
"Grainger, Tennessee","47057","1.2"
"Rhea, Tennessee","47143","1.2"
"Hancock, Iowa","19081","1.2"
"Lake, South Dakota","46079","1.2"
"Marathon, Wisconsin","55073","1.2"
"Clark, Arkansas","5019","1.2"
"Custer, Nebraska","31041","1.2"
"Essex, Vermont","50009","1.2"
"Geauga, Ohio","39055","1.2"
"Monongalia, West Virginia","54061","1.2"
"Shawnee, Kansas","20177","1.2"
"Shasta, California","6089","1.2"
"Llano, Texas","48299","1.2"
"Meeker, Minnesota","27093","1.2"
"Lynchburg, Virginia","51680","1.2"
"Siskiyou, California","6093","1.2"
"Clay, North Carolina","37043","1.2"
"Edmunds, South Dakota","46045","1.2"
"Sevier, Utah","49041","1.2"
"Kankakee, Illinois","17091","1.2"
"Polk, Minnesota","27119","1.2"
"Hancock, Mississippi","28045","1.2"
"Sanpete, Utah","49039","1.2"
"San Jacinto, Texas","48407","1.2"
"Avoyelles, Louisiana","22009","1.2"
"Chattooga, Georgia","13055","1.2"
"Lawrence, Missouri","29109","1.2"
"Wilkes, North Carolina","37193","1.2"
"Jasper, Missouri","29097","1.2"
"Rains, Texas","48379","1.2"
"Oliver, North Dakota","38065","1.2"
"Daviess, Kentucky","21059","1.2"
"Ashe, North Carolina","37009","1.2"
"Outagamie, Wisconsin","55087","1.2"
"Rapides, Louisiana","22079","1.2"
"Union, Iowa","19175","1.2"
"Brunswick, North Carolina","37019","1.2"
"Louisa, Virginia","51109","1.2"
"Tate, Mississippi","28137","1.2"
"Adams, North Dakota","38001","1.2"
"Peoria, Illinois","17143","1.2"
"Lafayette, Wisconsin","55065","1.2"
"Eau Claire, Wisconsin","55035","1.2"
"Lucas, Ohio","39095","1.2"
"Union, Georgia","13291","1.2"
"Davis, Iowa","19051","1.2"
"Laramie, Wyoming","56021","1.2"
"Dunklin, Missouri","29069","1.2"
"Jefferson, Nebraska","31095","1.2"
"Union, Pennsylvania","42119","1.2"
"Crook, Wyoming","56011","1.2"
"Wayne, Illinois","17191","1.2"
"Shenandoah, Virginia","51171","1.2"
"Columbus, North Carolina","37047","1.2"
"Athens, Ohio","39009","1.2"
"Mahoning, Ohio","39099","1.2"
"Walsh, North Dakota","38099","1.2"
"Nevada, California","6057","1.2"
"Morris, Kansas","20127","1.2"
"Onslow, North Carolina","37133","1.1"
"Howard, Iowa","19089","1.1"
"Custer, South Dakota","46033","1.1"
"Rich, Utah","49033","1.1"
"Pottawattamie, Iowa","19155","1.1"
"Faribault, Minnesota","27043","1.1"
"Fluvanna, Virginia","51065","1.1"
"Putnam, Indiana","18133","1.1"
"Nassau, Florida","12089","1.1"
"Lowndes, Georgia","13185","1.1"
"Coleman, Texas","48083","1.1"
"Scotland, Missouri","29199","1.1"
"Rice, Kansas","20159","1.1"
"Archuleta, Colorado","8007","1.1"
"Bowie, Texas","48037","1.1"
"Carter, Oklahoma","40019","1.1"
"Webster, Kentucky","21233","1.1"
"Crawford, Arkansas","5033","1.1"
"Person, North Carolina","37145","1.1"
"Lauderdale, Tennessee","47097","1.1"
"Williamson, Tennessee","47187","1.1"
"Lyon, Kentucky","21143","1.1"
"Clinton, Kentucky","21053","1.1"
"Montgomery, Kansas","20125","1.1"
"Dorchester, Maryland","24019","1.1"
"Montgomery, Tennessee","47125","1.1"
"Taney, Missouri","29213","1.1"
"Greene, Ohio","39057","1.1"
"Blount, Tennessee","47009","1.1"
"Hendricks, Indiana","18063","1.1"
"Shelby, Ohio","39149","1.1"
"York, South Carolina","45091","1.1"
"Washington, Maryland","24043","1.1"
"Merrimack, New Hampshire","33013","1.1"
"Coshocton, Ohio","39031","1.1"
"Butler, Nebraska","31023","1.1"
"Jasper, Indiana","18073","1.1"
"Pittsburg, Oklahoma","40121","1.1"
"Carbon, Pennsylvania","42025","1.1"
"Madison, Georgia","13195","1.1"
"Harford, Maryland","24025","1.1"
"Arkansas, Arkansas","5001","1.1"
"Murray, Oklahoma","40099","1.1"
"Hot Spring, Arkansas","5059","1.1"
"Carroll, Georgia","13045","1.1"
"Fond du Lac, Wisconsin","55039","1.1"
"Ontario, New York","36069","1.1"
"Bryan, Oklahoma","40013","1.1"
"Lamar, Texas","48277","1.1"
"Bibb, Georgia","13021","1.1"
"Bulloch, Georgia","13031","1.1"
"Taylor, Wisconsin","55119","1.1"
"Mahaska, Iowa","19123","1.1"
"Dooly, Georgia","13093","1.1"
"Upshur, Texas","48459","1.1"
"Warren, Ohio","39165","1.1"
"Bullock, Alabama","1011","1.1"
"Dunn, Wisconsin","55033","1.1"
"Ben Hill, Georgia","13017","1.1"
"Dougherty, Georgia","13095","1.1"
"Dale, Alabama","1045","1.1"
"Jasper, Iowa","19099","1.1"
"Thomas, Georgia","13275","1.1"
"Mobile, Alabama","1097","1.1"
"Walton, Florida","12131","1.1"
"Leon, Florida","12073","1.1"
"Whiteside, Illinois","17195","1.1"
"Allen, Louisiana","22003","1.1"
"Grayson, Virginia","51077","1.1"
"Thomas, Kansas","20193","1.1"
"Seneca, New York","36099","1.1"
"St. Charles, Louisiana","22089","1.1"
"Snyder, Pennsylvania","42109","1.1"
"Island, Washington","53029","1.1"
"Clay, Minnesota","27027","1.1"
"McPherson, South Dakota","46089","1.1"
"Saginaw, Michigan","26145","1.1"
"Camas, Idaho","16025","1.1"
"Natrona, Wyoming","56025","1.1"
"Winnebago, Iowa","19189","1.0"
"Washington, Iowa","19183","1.0"
"Heard, Georgia","13149","1.0"
"Cheshire, New Hampshire","33005","1.0"
"Neshoba, Mississippi","28099","1.0"
"Woods, Oklahoma","40151","1.0"
"Clarke, Virginia","51043","1.0"
"Chickasaw, Iowa","19037","1.0"
"Davis, Utah","49011","1.0"
"Cass, Iowa","19029","1.0"
"Bennett, South Dakota","46007","1.0"
"Washington, Mississippi","28151","1.0"
"Tuscarawas, Ohio","39157","1.0"
"McCurtain, Oklahoma","40089","1.0"
"Washita, Oklahoma","40149","1.0"
"Crawford, Illinois","17033","1.0"
"Coffee, Tennessee","47031","1.0"
"Lee, Arkansas","5077","1.0"
"Foster, North Dakota","38031","1.0"
"Beckham, Oklahoma","40009","1.0"
"Saunders, Nebraska","31155","1.0"
"Cecil, Maryland","24015","1.0"
"Sarpy, Nebraska","31153","1.0"
"Jackson, Georgia","13157","1.0"
"Roseau, Minnesota","27135","1.0"
"Kitsap, Washington","53035","1.0"
"Portage, Ohio","39133","1.0"
"Ramsey, North Dakota","38071","1.0"
"Cavalier, North Dakota","38019","1.0"
"Kittitas, Washington","53037","1.0"
"Toole, Montana","30101","1.0"
"McMinn, Tennessee","47107","1.0"
"Calhoun, Michigan","26025","1.0"
"Moore, Tennessee","47127","1.0"
"Kalamazoo, Michigan","26077","1.0"
"Lafayette, Mississippi","28071","1.0"
"Franklin, Arkansas","5047","1.0"
"Kiowa, Colorado","8061","1.0"
"Kearney, Nebraska","31099","1.0"
"Crowley, Colorado","8025","1.0"
"Jones, Iowa","19105","1.0"
"Portsmouth, Virginia","51740","1.0"
"Rappahannock, Virginia","51157","1.0"
"White, Arkansas","5145","1.0"
"Chesapeake, Virginia","51550","1.0"
"Franklin, Idaho","16041","1.0"
"Washington, Kentucky","21229","1.0"
"Wabasha, Minnesota","27157","1.0"
"Niagara, New York","36063","1.0"
"Mifflin, Pennsylvania","42087","1.0"
"Pittsylvania, Virginia","51143","1.0"
"Big Stone, Minnesota","27011","1.0"
"Lowndes, Mississippi","28087","1.0"
"Calhoun, Alabama","1015","1.0"
"Lampasas, Texas","48281","1.0"
"Jackson, Florida","12063","1.0"
"York, Maine","23031","1.0"
"DeSoto, Mississippi","28033","1.0"
"Sierra, New Mexico","35051","1.0"
"Chowan, North Carolina","37041","1.0"
"Haskell, Oklahoma","40061","1.0"
"Jones, Mississippi","28067","1.0"
"Cook, Georgia","13075","1.0"
"Henry, Georgia","13151","1.0"
"Orange, Virginia","51137","1.0"
"Valley, Nebraska","31175","1.0"
"Henderson, Tennessee","47077","1.0"
"Panola, Texas","48365","1.0"
"Wagoner, Oklahoma","40145","1.0"
"Koochiching, Minnesota","27071","1.0"
"Jefferson, Georgia","13163","1.0"
"Nash, North Carolina","37127","1.0"
"Wyandot, Ohio","39175","1.0"
"Banks, Georgia","13011","1.0"
"Christian, Kentucky","21047","1.0"
"Greene, Missouri","29077","1.0"
"Harney, Oregon","41025","1.0"
"Carbon, Montana","30009","1.0"
"Jo Daviess, Illinois","17085","0.9"
"Adams, Wisconsin","55001","0.9"
"Clinton, Michigan","26037","0.9"
"Hart, Georgia","13147","0.9"
"Sheridan, Kansas","20179","0.9"
"Knox, Illinois","17095","0.9"
"Bureau, Illinois","17011","0.9"
"Pierce, Nebraska","31139","0.9"
"Decatur, Iowa","19053","0.9"
"Edgecombe, North Carolina","37065","0.9"
"Winston, Alabama","1133","0.9"
"Allen, Kentucky","21003","0.9"
"Bossier, Louisiana","22015","0.9"
"Madison, Tennessee","47113","0.9"
"Madison, Mississippi","28089","0.9"
"Washington, Minnesota","27163","0.9"
"Allegan, Michigan","26005","0.9"
"Bandera, Texas","48019","0.9"
"Iroquois, Illinois","17075","0.9"
"Leake, Mississippi","28079","0.9"
"Berrien, Georgia","13019","0.9"
"Fulton, Ohio","39051","0.9"
"Union, Arkansas","5139","0.9"
"Randolph, Indiana","18135","0.9"
"Jefferson, Tennessee","47089","0.9"
"Ottawa, Oklahoma","40115","0.9"
"Baldwin, Georgia","13009","0.9"
"Kent, Texas","48263","0.9"
"Wabash, Illinois","17185","0.9"
"Chaffee, Colorado","8015","0.9"
"Cattaraugus, New York","36009","0.9"
"Walton, Georgia","13297","0.9"
"Posey, Indiana","18129","0.9"
"Clinton, Pennsylvania","42035","0.9"
"Waseca, Minnesota","27161","0.9"
"Walker, Alabama","1127","0.9"
"Barber, Kansas","20007","0.9"
"Emanuel, Georgia","13107","0.9"
"Moore, North Carolina","37125","0.9"
"Clay, Kansas","20027","0.9"
"West Baton Rouge, Louisiana","22121","0.9"
"Seminole, Oklahoma","40133","0.9"
"Effingham, Georgia","13103","0.9"
"Dodge, Minnesota","27039","0.9"
"Union, Ohio","39159","0.9"
"Washington, Rhode Island","44009","0.9"
"Madison, Idaho","16065","0.9"
"Harper, Kansas","20077","0.9"
"Delaware, New York","36025","0.9"
"Blaine, Nebraska","31009","0.9"
"Tunica, Mississippi","28143","0.9"
"Oconee, South Carolina","45073","0.9"
"Phillips, Kansas","20147","0.9"
"Vigo, Indiana","18167","0.9"
"Muskogee, Oklahoma","40101","0.9"
"Douglas, Colorado","8035","0.9"
"Hanover, Virginia","51085","0.9"
"Mason, Kentucky","21161","0.9"
"Red River, Louisiana","22081","0.9"
"Le Sueur, Minnesota","27079","0.9"
"Green, Wisconsin","55045","0.9"
"Sandusky, Ohio","39143","0.9"
"Burke, Georgia","13033","0.9"
"Reno, Kansas","20155","0.9"
"Franklin, Tennessee","47051","0.9"
"Trimble, Kentucky","21223","0.9"
"Williamsburg, Virginia","51830","0.9"
"Kenton, Kentucky","21117","0.9"
"Harrison, Missouri","29081","0.9"
"Union, South Dakota","46127","0.9"
"Hampton, South Carolina","45049","0.9"
"Carver, Minnesota","27019","0.9"
"Jackson, Wisconsin","55053","0.9"
"Moultrie, Illinois","17139","0.9"
"Petersburg, Virginia","51730","0.9"
"Brooks, Georgia","13027","0.9"
"Clark, Indiana","18019","0.9"
"St. Clair, Illinois","17163","0.9"
"LaPorte, Indiana","18091","0.9"
"Clark, Ohio","39023","0.9"
"Plumas, California","6063","0.9"
"Crittenden, Arkansas","5035","0.9"
"Columbia, Florida","12023","0.9"
"Vermillion, Indiana","18165","0.9"
"Iowa, Iowa","19095","0.9"
"Turner, South Dakota","46125","0.9"
"Lauderdale, Alabama","1077","0.8"
"Armstrong, Texas","48011","0.8"
"Franklin, Georgia","13119","0.8"
"Sumter, South Carolina","45085","0.8"
"Berrien, Michigan","26021","0.8"
"Des Moines, Iowa","19057","0.8"
"Roger Mills, Oklahoma","40129","0.8"
"Graham, North Carolina","37075","0.8"
"Warren, New York","36113","0.8"
"Saline, Arkansas","5125","0.8"
"Montgomery, Arkansas","5097","0.8"
"Monroe, Tennessee","47123","0.8"
"Lee, Mississippi","28081","0.8"
"Stephens, Oklahoma","40137","0.8"
"Langlade, Wisconsin","55067","0.8"
"Marion, Ohio","39101","0.8"
"Greene, Georgia","13133","0.8"
"Howard, Indiana","18067","0.8"
"Haywood, North Carolina","37087","0.8"
"Dorchester, South Carolina","45035","0.8"
"Fulton, Arkansas","5049","0.8"
"Lyon, Iowa","19119","0.8"
"Lincoln, South Dakota","46083","0.8"
"Cayuga, New York","36011","0.8"
"Iosco, Michigan","26069","0.8"
"Saratoga, New York","36091","0.8"
"Page, Iowa","19145","0.8"
"McDowell, North Carolina","37111","0.8"
"Anderson, Tennessee","47001","0.8"
"Orleans, Vermont","50019","0.8"
"Jefferson, New York","36045","0.8"
"Mitchell, North Carolina","37121","0.8"
"Coos, New Hampshire","33007","0.8"
"Washington, Oklahoma","40147","0.8"
"Sherburne, Minnesota","27141","0.8"
"Ashley, Arkansas","5003","0.8"
"Alfalfa, Oklahoma","40003","0.8"
"King George, Virginia","51099","0.8"
"Sumner, Tennessee","47165","0.8"
"Boyd, Nebraska","31015","0.8"
"Treutlen, Georgia","13283","0.8"
"Lane, Kansas","20101","0.8"
"St. Mary's, Maryland","24037","0.8"
"Madison, Iowa","19121","0.8"
"Nance, Nebraska","31125","0.8"
"Macon, Georgia","13193","0.8"
"Yazoo, Mississippi","28163","0.8"
"Hardin, Kentucky","21093","0.8"
"Halifax, Virginia","51083","0.8"
"Monroe, Kentucky","21171","0.8"
"Menominee, Wisconsin","55078","0.8"
"Niobrara, Wyoming","56027","0.8"
"Yellow Medicine, Minnesota","27173","0.8"
"Johnson, Indiana","18081","0.8"
"Caswell, North Carolina","37033","0.8"
"Lewis, Tennessee","47101","0.8"
"Haakon, South Dakota","46055","0.8"
"Copiah, Mississippi","28029","0.8"
"Jefferson, Mississippi","28063","0.8"
"Goodhue, Minnesota","27049","0.8"
"Hart, Kentucky","21099","0.8"
"Wayne, New York","36117","0.8"
"Woodson, Kansas","20207","0.8"
"Defiance, Ohio","39039","0.8"
"Forrest, Mississippi","28035","0.8"
"Huron, Ohio","39077","0.8"
"Marion, Mississippi","28091","0.8"
"DeKalb, Indiana","18033","0.8"
"Porter, Indiana","18127","0.8"
"Rush, Indiana","18139","0.8"
"Buffalo, Wisconsin","55011","0.8"
"Santa Rosa, Florida","12113","0.8"
"Pike, Arkansas","5109","0.8"
"Washington, Florida","12133","0.8"
"St. Johns, Florida","12109","0.8"
"Marion, Kentucky","21155","0.8"
"Shelby, Indiana","18145","0.8"
"Wheeler, Nebraska","31183","0.8"
"Addison, Vermont","50001","0.8"
"Breckinridge, Kentucky","21027","0.8"
"Stewart, Georgia","13259","0.8"
"Calumet, Wisconsin","55015","0.8"
"Lassen, California","6035","0.8"
"Iberville, Louisiana","22047","0.8"
"Waukesha, Wisconsin","55133","0.8"
"Hampton, Virginia","51650","0.8"
"Caroline, Virginia","51033","0.8"
"Branch, Michigan","26023","0.8"
"Lenawee, Michigan","26091","0.8"
"Dubuque, Iowa","19061","0.8"
"Franklin, Kentucky","21073","0.8"
"Bath, Virginia","51017","0.8"
"Nicholas, Kentucky","21181","0.8"
"Clay, Illinois","17025","0.8"
"Grafton, New Hampshire","33009","0.8"
"Ward, North Dakota","38101","0.8"
"Missoula, Montana","30063","0.8"
"Tillamook, Oregon","41057","0.8"
"Wayne, Indiana","18177","0.8"
"Dawson, Montana","30021","0.8"
"Billings, North Dakota","38007","0.8"
"Linn, Oregon","41043","0.8"
"Burleigh, North Dakota","38015","0.8"
"Clayton, Iowa","19043","0.8"
"Martin, Minnesota","27091","0.8"
"Vernon, Wisconsin","55123","0.8"
"Perkins, Nebraska","31135","0.8"
"Steele, Minnesota","27147","0.8"
"Pottawatomie, Kansas","20149","0.8"
"Emmons, North Dakota","38029","0.8"
"LaMoure, North Dakota","38045","0.8"
"Deuel, South Dakota","46039","0.8"
"Goshen, Wyoming","56015","0.8"
"Marquette, Wisconsin","55077","0.8"
"Knox, Nebraska","31107","0.8"
"Holt, Nebraska","31089","0.8"
"Pershing, Nevada","32027","0.8"
"Red Willow, Nebraska","31145","0.8"
"Laurens, South Carolina","45059","0.8"
"Fannin, Georgia","13111","0.8"
"Sequoyah, Oklahoma","40135","0.8"
"Kershaw, South Carolina","45055","0.8"
"Florence, South Carolina","45041","0.8"
"Starke, Indiana","18149","0.8"
"Limestone, Alabama","1083","0.8"
"Allegany, Maryland","24001","0.7"
"Spink, South Dakota","46115","0.7"
"Bay, Michigan","26017","0.7"
"Sabine, Louisiana","22085","0.7"
"Jefferson, Wisconsin","55055","0.7"
"Winston, Mississippi","28159","0.7"
"Matanuska-Susitna, Alaska","2170","0.7"
"Pulaski, Illinois","17153","0.7"
"Bibb, Alabama","1007","0.7"
"Greene, Virginia","51079","0.7"
"Otsego, New York","36077","0.7"
"Wilkinson, Georgia","13319","0.7"
"Deschutes, Oregon","41017","0.7"
"Seneca, Ohio","39147","0.7"
"Tallahatchie, Mississippi","28135","0.7"
"Calhoun, Florida","12013","0.7"
"Somerset, Maine","23025","0.7"
"Jasper, Texas","48241","0.7"
"Mahnomen, Minnesota","27087","0.7"
"Northumberland, Pennsylvania","42097","0.7"
"Calhoun, South Carolina","45017","0.7"
"Furnas, Nebraska","31065","0.7"
"Boone, Indiana","18011","0.7"
"Georgetown, South Carolina","45043","0.7"
"Faulkner, Arkansas","5045","0.7"
"Sauk, Wisconsin","55111","0.7"
"Vernon, Missouri","29217","0.7"
"Columbia, Wisconsin","55021","0.7"
"Screven, Georgia","13251","0.7"
"Dodge, Wisconsin","55027","0.7"
"Musselshell, Montana","30065","0.7"
"Conway, Arkansas","5029","0.7"
"Richmond, Virginia","51159","0.7"
"Cherokee, Alabama","1019","0.7"
"Leflore, Mississippi","28083","0.7"
"Sheridan, Wyoming","56033","0.7"
"Lincoln, Oregon","41041","0.7"
"Stokes, North Carolina","37169","0.7"
"Lancaster, Virginia","51103","0.7"
"Blue Earth, Minnesota","27013","0.7"
"Fall River, South Dakota","46047","0.7"
"Benson, North Dakota","38005","0.7"
"Marshall, Minnesota","27089","0.7"
"Lee, Georgia","13177","0.7"
"Hutchinson, South Dakota","46067","0.7"
"Putnam, Ohio","39137","0.7"
"McCracken, Kentucky","21145","0.7"
"Monroe, Wisconsin","55081","0.7"
"Delaware, Oklahoma","40041","0.7"
"Stephens, Georgia","13257","0.7"
"Otter Tail, Minnesota","27111","0.7"
"Amelia, Virginia","51007","0.7"
"Autauga, Alabama","1001","0.7"
"Prince George, Virginia","51149","0.7"
"Maury, Tennessee","47119","0.7"
"Shoshone, Idaho","16079","0.7"
"Obion, Tennessee","47131","0.7"
"Cape Girardeau, Missouri","29031","0.7"
"Carteret, North Carolina","37031","0.7"
"Henry, Iowa","19087","0.7"
"Ashtabula, Ohio","39007","0.7"
"Franklin, Vermont","50011","0.7"
"Rockingham, New Hampshire","33015","0.7"
"Buena Vista, Virginia","51530","0.7"
"Grant, West Virginia","54023","0.7"
"St. Charles, Missouri","29183","0.7"
"Dawson, Georgia","13085","0.7"
"Spalding, Georgia","13255","0.7"
"Paulding, Ohio","39125","0.7"
"Forest, Pennsylvania","42053","0.7"
"Montezuma, Colorado","8083","0.7"
"Nodaway, Missouri","29147","0.7"
"Lauderdale, Mississippi","28075","0.7"
"La Plata, Colorado","8067","0.7"
"Kewaunee, Wisconsin","55061","0.7"
"Wayne, Nebraska","31179","0.7"
"Sac, Iowa","19161","0.7"
"Waushara, Wisconsin","55137","0.7"
"Lapeer, Michigan","26087","0.7"
"Washington, Colorado","8121","0.7"
"Antelope, Nebraska","31003","0.7"
"Trumbull, Ohio","39155","0.7"
"Decatur, Georgia","13087","0.7"
"Marion, Kansas","20115","0.7"
"Campbell, Virginia","51031","0.7"
"Nottoway, Virginia","51135","0.7"
"Orange, Texas","48361","0.7"
"Chase, Kansas","20017","0.7"
"Marion, Alabama","1093","0.7"
"Mercer, West Virginia","54055","0.7"
"Pennington, Minnesota","27113","0.7"
"Caddo, Louisiana","22017","0.7"
"Jefferson, Arkansas","5069","0.7"
"Wilcox, Alabama","1131","0.7"
"Presque Isle, Michigan","26141","0.7"
"Bedford, Virginia","51917","0.7"
"Steuben, Indiana","18151","0.7"
"Bleckley, Georgia","13023","0.7"
"Green Lake, Wisconsin","55047","0.7"
"Waupaca, Wisconsin","55135","0.7"
"Randolph, Arkansas","5121","0.7"
"Pennington, South Dakota","46103","0.7"
"Lincoln, Wyoming","56023","0.7"
"Madison, Kentucky","21151","0.7"
"Queen Anne's, Maryland","24035","0.7"
"Rogers, Oklahoma","40131","0.7"
"Fairbanks North Star, Alaska","2090","0.7"
"Greer, Oklahoma","40055","0.7"
"Stark, Ohio","39151","0.7"
"Portage, Wisconsin","55097","0.7"
"Buffalo, South Dakota","46017","0.7"
"Huntington, Indiana","18069","0.6"
"Randolph, Alabama","1111","0.6"
"Preston, West Virginia","54077","0.6"
"Crawford, Ohio","39033","0.6"
"Richland, Ohio","39139","0.6"
"Henry, Illinois","17073","0.6"
"Metcalfe, Kentucky","21169","0.6"
"Worth, Georgia","13321","0.6"
"Cumberland, Tennessee","47035","0.6"
"Sanilac, Michigan","26151","0.6"
"McLeod, Minnesota","27085","0.6"
"Danville, Virginia","51590","0.6"
"Coles, Illinois","17029","0.6"
"Beaver, Pennsylvania","42007","0.6"
"Camden, Georgia","13039","0.6"
"Renville, Minnesota","27129","0.6"
"Audubon, Iowa","19009","0.6"
"Madison, Ohio","39097","0.6"
"Brown, Nebraska","31017","0.6"
"Perquimans, North Carolina","37143","0.6"
"Keweenaw, Michigan","26083","0.6"
"Davison, South Dakota","46035","0.6"
"Houston, Alabama","1069","0.6"
"Poweshiek, Iowa","19157","0.6"
"Stanly, North Carolina","37167","0.6"
"Hertford, North Carolina","37091","0.6"
"Casey, Kentucky","21045","0.6"
"Pulaski, Missouri","29169","0.6"
"Williamson, Illinois","17199","0.6"
"McDonough, Illinois","17109","0.6"
"Walthall, Mississippi","28147","0.6"
"Atoka, Oklahoma","40005","0.6"
"Baker, Florida","12003","0.6"
"Saline, Illinois","17165","0.6"
"Jefferson, Florida","12065","0.6"
"George, Mississippi","28039","0.6"
"Knox, Ohio","39083","0.6"
"Clay, South Dakota","46027","0.6"
"Lawrence, Pennsylvania","42073","0.6"
"Dundy, Nebraska","31057","0.6"
"Henderson, Kentucky","21101","0.6"
"Lincoln, Colorado","8073","0.6"
"Kossuth, Iowa","19109","0.6"
"Caldwell, Missouri","29025","0.6"
"Union, Louisiana","22111","0.6"
"Teller, Colorado","8119","0.6"
"Richland, Louisiana","22083","0.6"
"Marshall, Mississippi","28093","0.6"
"Vanderburgh, Indiana","18163","0.6"
"McIntosh, Georgia","13191","0.6"
"Suffolk, Virginia","51800","0.6"
"Miner, South Dakota","46097","0.6"
"Cherokee, North Carolina","37039","0.6"
"Spencer, Kentucky","21215","0.6"
"Morgan, Missouri","29141","0.6"
"Etowah, Alabama","1055","0.6"
"Escambia, Alabama","1053","0.6"
"Rush, Kansas","20165","0.6"
"Schuylkill, Pennsylvania","42107","0.6"
"Fairfield, Ohio","39045","0.6"
"Mercer, Pennsylvania","42085","0.6"
"Delaware, Ohio","39041","0.6"
"Anderson, South Carolina","45007","0.6"
"Carroll, Illinois","17015","0.6"
"Swain, North Carolina","37173","0.6"
"Cole, Missouri","29051","0.6"
"Pulaski, Virginia","51155","0.6"
"Fayette, Tennessee","47047","0.6"
"Juneau, Wisconsin","55057","0.6"
"Hancock, Illinois","17067","0.6"
"Raleigh, West Virginia","54081","0.6"
"Bradford, Florida","12007","0.6"
"Roanoke, Virginia","51161","0.6"
"Alcorn, Mississippi","28003","0.6"
"Rowan, Kentucky","21205","0.6"
"Polk, North Carolina","37149","0.6"
"Crawford, Pennsylvania","42039","0.6"
"Genesee, New York","36037","0.6"
"Livingston, Louisiana","22063","0.6"
"Coal, Oklahoma","40029","0.6"
"Lincoln, Washington","53043","0.6"
"Logan, Oklahoma","40083","0.6"
"Adair, Oklahoma","40001","0.6"
"Wahkiakum, Washington","53069","0.6"
"Platte, Wyoming","56031","0.6"
"Renville, North Dakota","38075","0.6"
"Edgefield, South Carolina","45037","0.6"
"Grant, Wisconsin","55043","0.6"
"Washington, Maine","23029","0.6"
"Goochland, Virginia","51075","0.6"
"Darlington, South Carolina","45031","0.6"
"Mountrail, North Dakota","38061","0.6"
"Pope, Minnesota","27121","0.6"
"Lincoln, Kansas","20105","0.6"
"Bremer, Iowa","19017","0.6"
"Union, Oregon","41061","0.6"
"Meade, South Dakota","46093","0.6"
"Jersey, Illinois","17083","0.6"
"Audrain, Missouri","29007","0.6"
"Sheridan, North Dakota","38083","0.6"
"Wheatland, Montana","30107","0.6"
"Cheyenne, Kansas","20023","0.6"
"Ozaukee, Wisconsin","55089","0.6"
"Pottawatomie, Oklahoma","40125","0.6"
"Steuben, New York","36101","0.6"
"Gallatin, Montana","30031","0.6"
"Yellowstone, Montana","30111","0.6"
"Park, Montana","30067","0.6"
"Washington, Wisconsin","55131","0.6"
"Allegany, New York","36003","0.6"
"Chambers, Alabama","1017","0.6"
"Pickens, Alabama","1107","0.6"
"Grand Isle, Vermont","50013","0.6"
"Oconto, Wisconsin","55083","0.6"
"Baylor, Texas","48023","0.6"
"Douglas, Oregon","41019","0.6"
"Laurens, Georgia","13175","0.6"
"Becker, Minnesota","27005","0.6"
"Wright, Minnesota","27171","0.6"
"Oscoda, Michigan","26135","0.6"
"Elmore, Alabama","1051","0.6"
"Tipton, Indiana","18159","0.6"
"Lumpkin, Georgia","13187","0.6"
"Richland, North Dakota","38077","0.6"
"Bristol Bay, Alaska","2060","0.6"
"Leelanau, Michigan","26089","0.6"
"West Carroll, Louisiana","22123","0.6"
"Anderson, Kansas","20003","0.6"
"Cheatham, Tennessee","47021","0.6"
"Wheeler, Georgia","13309","0.6"
"White, Georgia","13311","0.6"
"Kennebec, Maine","23011","0.6"
"Fulton, Indiana","18049","0.6"
"Herkimer, New York","36043","0.6"
"Cameron, Pennsylvania","42023","0.5"
"Grand Traverse, Michigan","26055","0.5"
"Carbon, Utah","49007","0.5"
"Sioux, North Dakota","38085","0.5"
"Berkeley, West Virginia","54003","0.5"
"Scott, Illinois","17171","0.5"
"Jefferson, Washington","53031","0.5"
"Northampton, North Carolina","37131","0.5"
"Montcalm, Michigan","26117","0.5"
"Pontotoc, Oklahoma","40123","0.5"
"Grant, North Dakota","38037","0.5"
"Wexford, Michigan","26165","0.5"
"Guernsey, Ohio","39059","0.5"
"Bienville, Louisiana","22013","0.5"
"Hardin, Ohio","39065","0.5"
"Winona, Minnesota","27169","0.5"
"Trigg, Kentucky","21221","0.5"
"St. Louis, Minnesota","27137","0.5"
"Franklin, Florida","12037","0.5"
"Perry, Tennessee","47135","0.5"
"Sumter, Florida","12119","0.5"
"Vermilion, Illinois","17183","0.5"
"Carroll, Virginia","51035","0.5"
"Newton, Mississippi","28101","0.5"
"Hardin, Iowa","19083","0.5"
"Morgan, Illinois","17137","0.5"
"Carter, Montana","30011","0.5"
"Catoosa, Georgia","13047","0.5"
"Cannon, Tennessee","47015","0.5"
"Carroll, Maryland","24013","0.5"
"Kiowa, Kansas","20097","0.5"
"Stutsman, North Dakota","38093","0.5"
"Campbell, Wyoming","56005","0.5"
"Madison, Virginia","51113","0.5"
"Buckingham, Virginia","51029","0.5"
"Hill, Montana","30041","0.5"
"Winn, Louisiana","22127","0.5"
"Crisp, Georgia","13081","0.5"
"Mercer, Missouri","29129","0.5"
"Craig, Oklahoma","40035","0.5"
"Genesee, Michigan","26049","0.5"
"Kootenai, Idaho","16055","0.5"
"Lake, Oregon","41037","0.5"
"Talladega, Alabama","1121","0.5"
"Curry, Oregon","41015","0.5"
"Redwood, Minnesota","27127","0.5"
"Traverse, Minnesota","27155","0.5"
"Richland, Illinois","17159","0.5"
"Nowata, Oklahoma","40105","0.5"
"Haywood, Tennessee","47075","0.5"
"Pondera, Montana","30073","0.5"
"Oswego, New York","36075","0.5"
"Perry, Missouri","29157","0.5"
"Bamberg, South Carolina","45009","0.5"
"Mayes, Oklahoma","40097","0.5"
"Cullman, Alabama","1043","0.5"
"Perry, Pennsylvania","42099","0.5"
"Polk, Tennessee","47139","0.5"
"Logan, Ohio","39091","0.5"
"Kenai Peninsula, Alaska","2122","0.5"
"Clay, Alabama","1027","0.5"
"Donley, Texas","48129","0.5"
"Calaveras, California","6009","0.5"
"Butler, Missouri","29023","0.5"
"Nuckolls, Nebraska","31129","0.5"

"undefined"