Demographics, US by County, Crowding, Households with >1 Person per Room (Both Sexes - 2014 to 2018), 2014 - 2018
Area,County FIPS,Percent
"Wade Hampton, Alaska","2270","49.3"
"Northwest Arctic, Alaska","2188","35.8"
"Bethel, Alaska","2050","35.4"
"Shannon, South Dakota","46113","33.8"
"North Slope, Alaska","2185","31.8"
"Nome, Alaska","2180","30.5"
"Dillingham, Alaska","2070","23.0"
"Loving, Texas","48301","21.2"
"Zapata, Texas","48505","18.1"
"Yukon-Koyukuk, Alaska","2290","16.3"
"Big Horn, Montana","30003","15.5"
"Clark, Idaho","16033","14.4"
"Ziebach, South Dakota","46137","14.2"
"Monterey, California","6053","13.7"
"Todd, South Dakota","46121","13.5"
"McKinley, New Mexico","35031","13.5"
"Apache, Arizona","4001","13.1"
"Adams, Washington","53001","12.9"
"Thurston, Nebraska","31173","12.8"
"Starr, Texas","48427","12.6"
"Webb, Texas","48479","12.6"
"Hidalgo, Texas","48215","12.3"
"Bronx, New York","36005","12.3"
"Sioux, North Dakota","38085","12.2"
"Buffalo, South Dakota","46017","11.9"
"Jackson, South Dakota","46071","11.8"
"Los Angeles, California","6037","11.4"
"McMullen, Texas","48311","11.2"
"Maverick, Texas","48323","11.2"
"Cameron, Texas","48061","10.9"
"Bennett, South Dakota","46007","10.7"
"Aleutians West, Alaska","2016","10.6"
"Santa Barbara, California","6083","10.6"
"Imperial, California","6025","10.5"
"Maui, Hawaii","15009","10.5"
"Kings, New York","36047","10.3"
"Parmer, Texas","48369","10.1"
"Franklin, Washington","53021","10.0"
"Gonzales, Texas","48177","9.8"
"Tulare, California","6107","9.8"
"Dewey, South Dakota","46041","9.7"
"Merced, California","6047","9.6"
"Somervell, Texas","48425","9.6"
"Queens, New York","36081","9.5"
"Honolulu, Hawaii","15003","9.4"
"Fresno, California","6019","9.3"
"Kern, California","6029","9.3"
"Willacy, Texas","48489","9.2"
"Southeast Fairbanks, Alaska","2240","9.2"
"Kodiak Island, Alaska","2150","9.1"
"Cibola, New Mexico","35006","9.1"
"San Bernardino, California","6071","9.0"
"Madera, California","6039","9.0"
"Orange, California","6059","8.9"
"Navajo, Arizona","4017","8.8"
"Morrow, Oregon","41049","8.8"
"Menominee, Wisconsin","55078","8.8"
"Dimmit, Texas","48127","8.5"
"Benson, North Dakota","38005","8.5"
"Mellette, South Dakota","46095","8.5"
"Calhoun, Texas","48057","8.5"
"San Juan, Utah","49037","8.4"
"Finney, Kansas","20055","8.4"
"Yoakum, Texas","48501","8.3"
"San Benito, California","6069","8.3"
"Kings, California","6031","8.2"
"Madison, Idaho","16065","8.2"
"Davis, Iowa","19051","8.1"
"Santa Clara, California","6085","8.1"
"Hardee, Florida","12049","8.1"
"Yakima, Washington","53077","8.1"
"Corson, South Dakota","46031","8.0"
"Titus, Texas","48449","8.0"
"Presidio, Texas","48377","7.9"
"Haines, Alaska","2100","7.9"
"Frio, Texas","48163","7.9"
"Hendry, Florida","12051","7.9"
"Kauai, Hawaii","15007","7.8"
"Lake and Peninsula, Alaska","2164","7.8"
"Bailey, Texas","48017","7.8"
"San Mateo, California","6081","7.8"
"Jim Hogg, Texas","48247","7.7"
"McKenzie, North Dakota","38053","7.7"
"Alameda, California","6001","7.7"
"Sevier, Arkansas","5133","7.6"
"Hudson, New Jersey","34017","7.5"
"La Salle, Texas","48283","7.5"
"Val Verde, Texas","48465","7.5"
"Duval, Texas","48131","7.4"
"Neshoba, Mississippi","28099","7.4"
"Andrews, Texas","48003","7.4"
"Cook, Minnesota","27031","7.3"
"San Joaquin, California","6077","7.3"
"Santa Cruz, California","6087","7.3"
"Yuba, California","6115","7.3"
"Martin, Texas","48317","7.3"
"Crosby, Texas","48107","7.3"
"Lavaca, Texas","48285","7.2"
"Teton, Wyoming","56039","7.2"
"Atascosa, Texas","48013","7.1"
"Moore, Texas","48341","7.1"
"Ford, Kansas","20057","7.1"
"Passaic, New Jersey","34031","7.1"
"Yuma, Arizona","4027","7.0"
"Buena Vista, Iowa","19021","7.0"
"Dakota, Nebraska","31043","7.0"
"Grand, Utah","49019","6.9"
"Caldwell, Texas","48055","6.9"
"Yakutat, Alaska","2282","6.9"
"McDonald, Missouri","29119","6.9"
"Colusa, California","6011","6.9"
"Riverside, California","6065","6.9"
"East Carroll, Louisiana","22035","6.9"
"Coconino, Arizona","4005","6.8"
"Seward, Kansas","20175","6.8"
"Colorado, Texas","48089","6.7"
"Madison, Texas","48313","6.7"
"Stanislaus, California","6099","6.7"
"Hawaii, Hawaii","15001","6.7"
"Floyd, Texas","48153","6.7"
"Decatur, Georgia","13087","6.7"
"San Patricio, Texas","48409","6.7"
"San Diego, California","6073","6.7"
"Ochiltree, Texas","48357","6.7"
"Dallas, Texas","48113","6.7"
"Haskell, Kansas","20081","6.7"
"Cherokee, Texas","48073","6.6"
"Ventura, California","6111","6.6"
"Rockland, New York","36087","6.6"
"Sutton, Texas","48435","6.5"
"Douglas, Washington","53017","6.5"
"Chattooga, Georgia","13055","6.5"
"Whitfield, Georgia","13313","6.5"
"Hemphill, Texas","48211","6.5"
"Sutter, California","6101","6.4"
"Waller, Texas","48473","6.4"
"Bee, Texas","48025","6.4"
"San Juan, New Mexico","35045","6.4"
"Kleberg, Texas","48273","6.4"
"San Francisco, California","6075","6.4"
"Napa, California","6055","6.3"
"Cochran, Texas","48079","6.3"
"Miami-Dade, Florida","12086","6.3"
"Miller, Georgia","13201","6.3"
"Umatilla, Oregon","41059","6.2"
"Gaines, Texas","48165","6.2"
"Colfax, Nebraska","31037","6.2"
"Crane, Texas","48103","6.2"
"Jim Wells, Texas","48249","6.2"
"Mitchell, Texas","48335","6.1"
"Midland, Texas","48329","6.1"
"Owyhee, Idaho","16073","6.1"
"Grant, Washington","53025","6.1"
"Graham, Arizona","4009","6.1"
"Jerome, Idaho","16053","6.0"
"Prince of Wales-Outer Ketchikan, Alaska","2201","6.0"
"Hudspeth, Texas","48229","6.0"
"Blaine, Montana","30005","5.9"
"Fairbanks North Star, Alaska","2090","5.9"
"Summit, Colorado","8117","5.9"
"Rolette, North Dakota","38079","5.9"
"Brooks, Texas","48047","5.8"
"New York, New York","36061","5.8"
"Garfield, Colorado","8045","5.8"
"Hockley, Texas","48219","5.8"
"Scurry, Texas","48415","5.7"
"Claiborne, Mississippi","28021","5.7"
"Sanpete, Utah","49039","5.7"
"Lincoln, Idaho","16063","5.7"
"Potter, Texas","48375","5.7"
"Hale, Texas","48189","5.7"
"Pershing, Nevada","32027","5.7"
"Pecos, Texas","48371","5.7"
"Juab, Utah","49023","5.7"
"Lafayette, Florida","12067","5.6"
"Harris, Texas","48201","5.6"
"Payette, Idaho","16075","5.6"
"Crockett, Texas","48105","5.6"
"Yell, Arkansas","5149","5.6"
"Zavala, Texas","48507","5.6"
"Wheeler, Texas","48483","5.6"
"Motley, Texas","48345","5.6"
"Stone, Mississippi","28131","5.6"
"Benewah, Idaho","16009","5.6"
"Beaver, Utah","49001","5.6"
"Yolo, California","6113","5.5"
"Lyman, South Dakota","46085","5.5"
"Early, Georgia","13099","5.5"
"Falls, Texas","48145","5.5"
"Adair, Oklahoma","40001","5.5"
"Carroll, Arkansas","5015","5.5"
"Malheur, Oregon","41045","5.5"
"Nevada, Arkansas","5099","5.5"
"DeSoto, Florida","12027","5.5"
"Lea, New Mexico","35025","5.5"
"Saguache, Colorado","8109","5.4"
"Roosevelt, Montana","30085","5.4"
"Lee, Texas","48287","5.4"
"Tyler, Texas","48457","5.4"
"Schleicher, Texas","48413","5.4"
"Culberson, Texas","48109","5.4"
"Swisher, Texas","48437","5.4"
"Wharton, Texas","48481","5.4"
"Hall, Georgia","13139","5.4"
"Adams, Colorado","8001","5.4"
"Skagit, Washington","53057","5.3"
"Jackson, Texas","48239","5.3"
"Ector, Texas","48135","5.3"
"Burleson, Texas","48051","5.3"
"Kenedy, Texas","48261","5.3"
"El Paso, Texas","48141","5.3"
"Sonoma, California","6097","5.2"
"Glascock, Georgia","13125","5.2"
"Castro, Texas","48069","5.2"
"Musselshell, Montana","30065","5.2"
"Wilson, Texas","48493","5.2"
"Solano, California","6095","5.2"
"McIntosh, Oklahoma","40091","5.2"
"La Paz, Arizona","4012","5.2"
"Bastrop, Texas","48021","5.2"
"McCurtain, Oklahoma","40089","5.2"
"Tehama, California","6103","5.2"
"Austin, Texas","48015","5.1"
"Candler, Georgia","13043","5.1"
"Terry, Texas","48445","5.1"
"Hill, Texas","48217","5.1"
"Mendocino, California","6045","5.1"
"Shackelford, Texas","48417","5.1"
"Washington, Utah","49053","5.0"
"Camp, Texas","48063","5.0"
"Matanuska-Susitna, Alaska","2170","5.0"
"Pointe Coupee, Louisiana","22077","5.0"
"Union, Arkansas","5139","5.0"
"Mineral, Nevada","32021","5.0"
"Santa Cruz, Arizona","4023","5.0"
"Ferry, Washington","53019","5.0"
"Rutland, Vermont","50021","5.0"
"Texas, Oklahoma","40139","5.0"
"Victoria, Texas","48469","5.0"
"Champaign, Illinois","17019","5.0"
"Adams, Indiana","18001","5.0"
"Tate, Mississippi","28137","4.9"
"Pontotoc, Mississippi","28115","4.9"
"Angelina, Texas","48005","4.9"
"Sacramento, California","6067","4.9"
"Nueces, Texas","48355","4.9"
"Carroll, Kentucky","21041","4.9"
"Klickitat, Washington","53039","4.9"
"Glasscock, Texas","48173","4.9"
"McPherson, Nebraska","31117","4.9"
"Mountrail, North Dakota","38061","4.9"
"Dixie, Florida","12029","4.9"
"Sequoyah, Oklahoma","40135","4.9"
"Utah, Utah","49049","4.8"
"Lander, Nevada","32015","4.8"
"Marion, Oregon","41047","4.8"
"Johnson, Georgia","13167","4.8"
"Nolan, Texas","48353","4.8"
"Dawson, Nebraska","31047","4.8"
"Gooding, Idaho","16047","4.8"
"Reeves, Texas","48389","4.8"
"Knott, Kentucky","21119","4.8"
"Beadle, South Dakota","46005","4.8"
"Contra Costa, California","6013","4.8"
"Poinsett, Arkansas","5111","4.8"
"Glacier, Montana","30035","4.8"
"Barry, Missouri","29009","4.7"
"Custer, Oklahoma","40039","4.7"
"Tunica, Mississippi","28143","4.7"
"Polk, Arkansas","5113","4.7"
"Scott, Mississippi","28123","4.7"
"Milam, Texas","48331","4.7"
"Liberty, Texas","48291","4.7"
"DeWitt, Texas","48123","4.7"
"Okeechobee, Florida","12093","4.7"
"Del Norte, California","6015","4.7"
"Esmeralda, Nevada","32009","4.6"
"Pend Oreille, Washington","53051","4.6"
"Duplin, North Carolina","37061","4.6"
"San Jacinto, Texas","48407","4.6"
"Newton, Mississippi","28101","4.6"
"Karnes, Texas","48255","4.6"
"Maricopa, Arizona","4013","4.6"
"Hansford, Texas","48195","4.6"
"Madison, Louisiana","22065","4.6"
"Rio Grande, Colorado","8105","4.6"
"Hunt, Texas","48231","4.5"
"Eddy, New Mexico","35015","4.5"
"Collier, Florida","12021","4.5"
"Haskell, Oklahoma","40061","4.5"
"Bristol Bay, Alaska","2060","4.5"
"Jeff Davis, Georgia","13161","4.5"
"Anchorage, Alaska","2020","4.5"
"Kenai Peninsula, Alaska","2122","4.5"
"Collingsworth, Texas","48087","4.5"
"Holmes, Ohio","39075","4.5"
"Sherman, Texas","48421","4.5"
"Washoe, Nevada","32031","4.5"
"Union, New Jersey","34039","4.5"
"Josephine, Oregon","41033","4.5"
"Tarrant, Texas","48439","4.5"
"Okanogan, Washington","53047","4.5"
"Jefferson, Oregon","41031","4.4"
"Ketchikan Gateway, Alaska","2130","4.4"
"Travis, Texas","48453","4.4"
"East Feliciana, Louisiana","22037","4.4"
"Allen, Louisiana","22003","4.4"
"Carson City, Nevada","32510","4.4"
"Scotland, North Carolina","37165","4.4"
"Owen, Kentucky","21187","4.4"
"Navarro, Texas","48349","4.4"
"Shelby, Texas","48419","4.4"
"Yuma, Colorado","8125","4.4"
"Alexandria, Virginia","51510","4.4"
"Sharkey, Mississippi","28125","4.4"
"Mississippi, Arkansas","5093","4.4"
"Turner, Georgia","13287","4.4"
"Robertson, Texas","48395","4.4"
"Palo Pinto, Texas","48363","4.4"
"Cass, Texas","48067","4.4"
"Limestone, Texas","48293","4.4"
"Chesterfield, South Carolina","45025","4.4"
"Wayne, Iowa","19185","4.4"
"Warren, Missouri","29219","4.4"
"Juneau, Alaska","2110","4.4"
"Oceana, Michigan","26127","4.4"
"Seminole, Georgia","13253","4.4"
"Montgomery, North Carolina","37123","4.3"
"Matagorda, Texas","48321","4.3"
"Canyon, Idaho","16027","4.3"
"Richmond, New York","36085","4.3"
"Tattnall, Georgia","13267","4.3"
"Crawford, Iowa","19047","4.3"
"Hopewell, Virginia","51670","4.3"
"Hood River, Oregon","41027","4.3"
"Marion, Mississippi","28091","4.3"
"Morgan, Colorado","8087","4.3"
"Eagle, Colorado","8037","4.3"
"Crawford, Kansas","20037","4.3"
"Rains, Texas","48379","4.3"
"Toombs, Georgia","13279","4.3"
"Columbia, Arkansas","5027","4.3"
"Lee, Mississippi","28081","4.3"
"Falls Church, Virginia","51610","4.2"
"Noxubee, Mississippi","28103","4.2"
"Bexar, Texas","48029","4.2"
"Hyde, North Carolina","37095","4.2"
"Middlesex, New Jersey","34023","4.2"
"Holmes, Mississippi","28051","4.2"
"Clark, Nevada","32003","4.2"
"Duchesne, Utah","49013","4.2"
"Essex, New Jersey","34013","4.2"
"Aransas, Texas","48007","4.2"
"Caldwell, Louisiana","22021","4.2"
"Ramsey, Minnesota","27123","4.2"
"Simpson, Mississippi","28127","4.1"
"Rosebud, Montana","30087","4.1"
"Dona Ana, New Mexico","35013","4.1"
"Phillips, Colorado","8095","4.1"
"Marin, California","6041","4.1"
"Jefferson, Idaho","16051","4.1"
"Westchester, New York","36119","4.1"
"Yazoo, Mississippi","28163","4.1"
"Deaf Smith, Texas","48117","4.1"
"Bosque, Texas","48035","4.1"
"Llano, Texas","48299","4.1"
"Fremont, Wyoming","56013","4.1"
"Broward, Florida","12011","4.1"
"Uvalde, Texas","48463","4.1"
"Okfuskee, Oklahoma","40107","4.0"
"Caldwell, Missouri","29025","4.0"
"Archuleta, Colorado","8007","4.0"
"Humboldt, Nevada","32013","4.0"
"Upshur, Texas","48459","4.0"
"Mayes, Oklahoma","40097","4.0"
"Ward, Texas","48475","4.0"
"Bedford, Tennessee","47003","4.0"
"Gila, Arizona","4007","4.0"
"Crook, Oregon","41013","4.0"
"Switzerland, Indiana","18155","4.0"
"Webster, Missouri","29225","4.0"
"Hopkins, Texas","48223","4.0"
"Cabarrus, North Carolina","37025","3.9"
"Prince George's, Maryland","24033","3.9"
"Anderson, Texas","48001","3.9"
"Hall, Nebraska","31079","3.9"
"Yamhill, Oregon","41071","3.9"
"Walthall, Mississippi","28147","3.9"
"Nacogdoches, Texas","48347","3.9"
"Scotland, Missouri","29199","3.9"
"Cameron, Louisiana","22023","3.9"
"San Augustine, Texas","48405","3.9"
"Fremont, Idaho","16043","3.9"
"Nottoway, Virginia","51135","3.9"
"Tillman, Oklahoma","40141","3.9"
"Magoffin, Kentucky","21153","3.9"
"Bourbon, Kansas","20011","3.9"
"Hays, Texas","48209","3.9"
"Madison, Florida","12079","3.9"
"Wilbarger, Texas","48487","3.9"
"Lincoln, Arkansas","5079","3.9"
"Sunflower, Mississippi","28133","3.9"
"Irion, Texas","48235","3.9"
"Caddo, Oklahoma","40015","3.9"
"Glenn, California","6021","3.9"
"Clinch, Georgia","13065","3.9"
"Grimes, Texas","48185","3.8"
"LaGrange, Indiana","18087","3.8"
"Mohave, Arizona","4015","3.8"
"Pima, Arizona","4019","3.8"
"Johnson, Arkansas","5071","3.8"
"Terrell, Georgia","13273","3.8"
"Prowers, Colorado","8099","3.8"
"Dickens, Texas","48125","3.8"
"Idaho, Idaho","16049","3.8"
"Warren, Illinois","17187","3.8"
"Uintah, Utah","49047","3.8"
"Pawnee, Oklahoma","40117","3.8"
"Perry, Arkansas","5105","3.8"
"Vermilion, Louisiana","22113","3.8"
"Blanco, Texas","48031","3.8"
"Pratt, Kansas","20151","3.8"
"Gillespie, Texas","48171","3.8"
"Humboldt, California","6023","3.8"
"Wheatland, Montana","30107","3.8"
"Polk, Florida","12105","3.7"
"Clay, Kentucky","21051","3.7"
"Bryan, Oklahoma","40013","3.7"
"Harrisonburg, Virginia","51660","3.7"
"King, Washington","53033","3.7"
"Garza, Texas","48169","3.7"
"Carroll, Mississippi","28015","3.7"
"Hamilton, Florida","12047","3.7"
"Greenlee, Arizona","4011","3.7"
"Avoyelles, Louisiana","22009","3.7"
"Franklin, Idaho","16041","3.7"
"Copiah, Mississippi","28029","3.7"
"Pinal, Arizona","4021","3.7"
"Russell, Kentucky","21207","3.7"
"Iberia, Louisiana","22045","3.7"
"Kane, Illinois","17089","3.7"
"Monroe, Florida","12087","3.7"
"Orange, New York","36071","3.7"
"St. Martin, Louisiana","22099","3.7"
"Hartley, Texas","48205","3.7"
"Cherokee, Oklahoma","40021","3.7"
"Grant, Kentucky","21081","3.7"
"Wyandotte, Kansas","20209","3.7"
"Chaves, New Mexico","35005","3.7"
"Pushmataha, Oklahoma","40127","3.7"
"Fulton, Arkansas","5049","3.7"
"Saline, Nebraska","31151","3.7"
"Conejos, Colorado","8021","3.7"
"Wright, Missouri","29229","3.7"
"Manassas, Virginia","51683","3.7"
"Cooke, Texas","48097","3.7"
"District of Columbia, District of Columbia","11001","3.6"
"Humphreys, Mississippi","28053","3.6"
"Wasatch, Utah","49051","3.6"
"Gordon, Georgia","13129","3.6"
"Cumberland, New Jersey","34011","3.6"
"Multnomah, Oregon","41051","3.6"
"Robeson, North Carolina","37155","3.6"
"Ellis, Texas","48139","3.6"
"Concordia, Louisiana","22029","3.6"
"Ottawa, Oklahoma","40115","3.6"
"Powell, Montana","30077","3.6"
"Calhoun, Mississippi","28013","3.6"
"Jackson, Florida","12063","3.6"
"Bell, Texas","48027","3.6"
"Montgomery, Texas","48339","3.6"
"Quitman, Mississippi","28119","3.6"
"Lauderdale, Tennessee","47097","3.6"
"Kemper, Mississippi","28069","3.6"
"Teton, Montana","30099","3.6"
"Sampson, North Carolina","37163","3.6"
"Leake, Mississippi","28079","3.6"
"Todd, Minnesota","27153","3.6"
"Brazoria, Texas","48039","3.6"
"Miller, Arkansas","5091","3.6"
"Roosevelt, New Mexico","35041","3.6"
"Suffolk, Massachusetts","25025","3.6"
"Bingham, Idaho","16011","3.6"
"Jasper, South Carolina","45053","3.6"
"Wayne, Utah","49055","3.6"
"Greene, Indiana","18055","3.6"
"Covington, Virginia","51580","3.5"
"Wicomico, Maryland","24045","3.5"
"Lawrence, Missouri","29109","3.5"
"Washington, Oregon","41067","3.5"
"Crittenden, Arkansas","5035","3.5"
"Lemhi, Idaho","16059","3.5"
"Leflore, Mississippi","28083","3.5"
"Sebastian, Arkansas","5131","3.5"
"Todd, Kentucky","21219","3.5"
"Benton, Arkansas","5007","3.5"
"Clark, Wisconsin","55019","3.5"
"Johnson, Texas","48251","3.5"
"Morris, Texas","48343","3.5"
"Minidoka, Idaho","16067","3.5"
"Williams, North Dakota","38105","3.5"
"Howard, Texas","48227","3.5"
"Harrison, Texas","48203","3.5"
"Cottle, Texas","48101","3.5"
"Power, Idaho","16077","3.5"
"Marshall, Indiana","18099","3.5"
"Baker, Georgia","13007","3.5"
"Bradley, Arkansas","5011","3.5"
"Greene, Mississippi","28041","3.5"
"Salt Lake, Utah","49035","3.5"
"Jefferson, Mississippi","28063","3.5"
"Highlands, Florida","12055","3.5"
"Latimer, Oklahoma","40077","3.5"
"Jack, Texas","48237","3.5"
"Greene, North Carolina","37079","3.5"
"Taylor, Florida","12123","3.5"
"Clayton, Georgia","13063","3.5"
"Carbon, Wyoming","56007","3.5"
"St. James, Louisiana","22093","3.5"
"Fairfax, Virginia","51059","3.4"
"Crockett, Tennessee","47033","3.4"
"Garfield, Montana","30033","3.4"
"Colquitt, Georgia","13071","3.4"
"Hamilton, Texas","48193","3.4"
"Washington, Arkansas","5143","3.4"
"Elko, Nevada","32007","3.4"
"Ripley, Indiana","18137","3.4"
"Dawson, Texas","48115","3.4"
"Jasper, Georgia","13159","3.4"
"Attala, Mississippi","28007","3.4"
"Murray, Oklahoma","40099","3.4"
"Culpeper, Virginia","51047","3.4"
"Vance, North Carolina","37181","3.4"
"St. Landry, Louisiana","22097","3.4"
"Letcher, Kentucky","21133","3.4"
"Evangeline, Louisiana","22039","3.4"
"Live Oak, Texas","48297","3.4"
"Edgecombe, North Carolina","37065","3.4"
"Edwards, Texas","48137","3.4"
"Burke, North Carolina","37023","3.4"
"Skagway-Hoonah-Angoon, Alaska","2232","3.4"
"Barbour, Alabama","1005","3.4"
"Cook, Illinois","17031","3.4"
"Lipscomb, Texas","48295","3.4"
"Meade, Kentucky","21163","3.4"
"Powell, Kentucky","21197","3.4"
"Seminole, Oklahoma","40133","3.4"
"Polk, Texas","48373","3.4"
"Tillamook, Oregon","41057","3.4"
"Dutchess, New York","36027","3.4"
"Union, Tennessee","47173","3.4"
"Lamb, Texas","48279","3.4"
"Gadsden, Florida","12039","3.4"
"Wise, Texas","48497","3.4"
"Klamath, Oregon","41035","3.4"
"Emery, Utah","49015","3.4"
"San Juan, Washington","53055","3.4"
"Clay, Illinois","17025","3.4"
"Bowie, Texas","48037","3.4"
"Thomas, Georgia","13275","3.4"
"Osceola, Florida","12097","3.4"
"McCone, Montana","30055","3.4"
"Geary, Kansas","20061","3.4"
"Daviess, Indiana","18027","3.4"
"Creek, Oklahoma","40037","3.4"
"Modoc, California","6049","3.4"
"Tippah, Mississippi","28139","3.3"
"Manassas Park, Virginia","51685","3.3"
"Jefferson Davis, Louisiana","22053","3.3"
"Laclede, Missouri","29105","3.3"
"Benton, Washington","53005","3.3"
"Brewster, Texas","48043","3.3"
"San Luis Obispo, California","6079","3.3"
"Moultrie, Illinois","17139","3.3"
"Brazos, Texas","48041","3.3"
"Marshall, Iowa","19127","3.3"
"Suwannee, Florida","12121","3.3"
"Bond, Illinois","17005","3.3"
"Shelby, Kentucky","21211","3.3"
"Panola, Mississippi","28107","3.3"
"Fort Bend, Texas","48157","3.3"
"Franklin, Alabama","1059","3.3"
"Washington, Louisiana","22117","3.3"
"Nicholas, Kentucky","21181","3.3"
"Dade, Missouri","29057","3.3"
"Wheeler, Georgia","13309","3.3"
"Perry, Tennessee","47135","3.3"
"Hillsborough, Florida","12057","3.3"
"Nye, Nevada","32023","3.3"
"Nobles, Minnesota","27105","3.3"
"Mora, New Mexico","35033","3.3"
"Stanly, North Carolina","37167","3.3"
"Murray, Georgia","13213","3.3"
"Prince William, Virginia","51153","3.3"
"Shasta, California","6089","3.3"
"Curry, New Mexico","35009","3.3"
"Union, Oregon","41061","3.3"
"Oneida, Idaho","16071","3.3"
"Columbia, Florida","12023","3.3"
"Boone, Illinois","17007","3.3"
"Polk, Georgia","13233","3.2"
"Douglas, Missouri","29067","3.2"
"Smith, Texas","48423","3.2"
"Orange, Florida","12095","3.2"
"Sheridan, Nebraska","31161","3.2"
"Walworth, South Dakota","46129","3.2"
"Iron, Utah","49021","3.2"
"Blaine, Nebraska","31009","3.2"
"Chattahoochee, Georgia","13053","3.2"
"Millard, Utah","49027","3.2"
"Harney, Oregon","41025","3.2"
"Montague, Texas","48337","3.2"
"Payne, Oklahoma","40119","3.2"
"Knox, Texas","48275","3.2"
"Quitman, Georgia","13239","3.2"
"McLennan, Texas","48309","3.2"
"Marshall, Oklahoma","40095","3.2"
"Chelan, Washington","53007","3.2"
"Scott, Arkansas","5127","3.2"
"Cassia, Idaho","16031","3.2"
"Hale, Alabama","1065","3.2"
"Lubbock, Texas","48303","3.2"
"Buncombe, North Carolina","37021","3.2"
"Butte, California","6007","3.2"
"Randolph, Georgia","13243","3.2"
"Jackson, Oregon","41029","3.2"
"Denver, Colorado","8031","3.2"
"Baker, Florida","12003","3.2"
"Palm Beach, Florida","12099","3.2"
"Sharp, Arkansas","5135","3.2"
"Wilson, North Carolina","37195","3.2"
"Panola, Texas","48365","3.2"
"Montgomery, Maryland","24031","3.2"
"Sullivan, Missouri","29211","3.2"
"Orange, Virginia","51137","3.2"
"Missaukee, Michigan","26113","3.2"
"Siskiyou, California","6093","3.2"
"Alamosa, Colorado","8003","3.2"
"Burke, Georgia","13033","3.2"
"Cache, Utah","49005","3.2"
"Lake, California","6033","3.2"
"Lyon, Kansas","20111","3.2"
"Scott, Missouri","29201","3.2"
"Lawrence, Illinois","17101","3.1"
"Gregg, Texas","48183","3.1"
"Madison, Missouri","29123","3.1"
"Lynn, Texas","48305","3.1"
"Caldwell, Kentucky","21033","3.1"
"Lee, Alabama","1081","3.1"
"Guadalupe, Texas","48187","3.1"
"Bates, Missouri","29013","3.1"
"Taylor, Georgia","13269","3.1"
"Walker, Texas","48471","3.1"
"Issaquena, Mississippi","28055","3.1"
"Union, Louisiana","22111","3.1"
"Russell, Alabama","1113","3.1"
"Wayne, Missouri","29223","3.1"
"Breckinridge, Kentucky","21027","3.1"
"Winston, Mississippi","28159","3.1"
"Jay, Indiana","18075","3.1"
"Trinity, Texas","48455","3.1"
"Gwinnett, Georgia","13135","3.1"
"Snohomish, Washington","53061","3.1"
"Washington, Alabama","1129","3.1"
"Towner, North Dakota","38095","3.1"
"Mineral, Montana","30061","3.1"
"Walton, Florida","12131","3.1"
"Evans, Georgia","13109","3.1"
"Richland, Montana","30083","3.1"
"Johnston, Oklahoma","40069","3.1"
"Monongalia, West Virginia","54061","3.1"
"Burnet, Texas","48053","3.1"
"Houston, Texas","48225","3.1"
"Greene, Alabama","1063","3.1"
"Tuolumne, California","6109","3.1"
"Echols, Georgia","13101","3.1"
"Henry, Kentucky","21103","3.1"
"Adair, Kentucky","21001","3.1"
"Yalobusha, Mississippi","28161","3.1"
"Choctaw, Oklahoma","40023","3.1"
"Atkinson, Georgia","13003","3.1"
"Upton, Texas","48461","3.1"
"Franklin, Arkansas","5047","3.1"
"Amelia, Virginia","51007","3.1"
"Sevier, Tennessee","47155","3.1"
"Charles Mix, South Dakota","46023","3.1"
"Prairie, Arkansas","5117","3.1"
"Dallas, Alabama","1047","3.1"
"Iberville, Louisiana","22047","3.1"
"Houston, Georgia","13153","3.1"
"Colfax, New Mexico","35007","3.0"
"Wasco, Oregon","41065","3.0"
"Comanche, Texas","48093","3.0"
"Anson, North Carolina","37007","3.0"
"Winkler, Texas","48495","3.0"
"Marlboro, South Carolina","45069","3.0"
"Bacon, Georgia","13005","3.0"
"Sequatchie, Tennessee","47153","3.0"
"Lake, Montana","30047","3.0"
"Young, Texas","48503","3.0"
"Tallapoosa, Alabama","1123","3.0"
"Franklin, Texas","48159","3.0"
"Crawford, Arkansas","5033","3.0"
"Wagoner, Oklahoma","40145","3.0"
"Clarke, Iowa","19039","3.0"
"Louisa, Iowa","19115","3.0"
"Union, Mississippi","28145","3.0"
"Hall, Texas","48191","3.0"
"Mower, Minnesota","27099","3.0"
"Chambers, Alabama","1017","3.0"
"Valencia, New Mexico","35061","3.0"
"Sandoval, New Mexico","35043","3.0"
"Washington, Mississippi","28151","3.0"
"Montezuma, Colorado","8083","3.0"
"San Miguel, Colorado","8113","3.0"
"Arlington, Virginia","51013","3.0"
"Rio Blanco, Colorado","8103","3.0"
"Hubbard, Minnesota","27057","3.0"
"Weber, Utah","49057","3.0"
"Riley, Kansas","20161","3.0"
"Parker, Texas","48367","3.0"
"Trimble, Kentucky","21223","3.0"
"Campbell, Wyoming","56005","3.0"
"Kaufman, Texas","48257","3.0"
"Stark, North Dakota","38089","3.0"
"Linn, Oregon","41043","3.0"
"Talbot, Georgia","13263","3.0"
"Scott, Kansas","20171","3.0"
"Montgomery, Kentucky","21173","3.0"
"Clark, Washington","53011","3.0"
"Hempstead, Arkansas","5057","3.0"
"Mason, Washington","53045","3.0"
"Linn, Kansas","20107","3.0"
"Appling, Georgia","13001","3.0"
"Lincoln, Kentucky","21137","3.0"
"Emmet, Iowa","19063","3.0"
"Kerr, Texas","48265","3.0"
"Washington, Texas","48477","3.0"
"Dallas, Missouri","29059","3.0"
"Grayson, Texas","48181","3.0"
"Warren, Kentucky","21227","3.0"
"Cottonwood, Minnesota","27033","3.0"
"Labette, Kansas","20099","3.0"
"San Saba, Texas","48411","3.0"
"Dillon, South Carolina","45033","3.0"
"Brooks, Georgia","13027","3.0"
"Treutlen, Georgia","13283","2.9"
"Union, Illinois","17181","2.9"
"Boundary, Idaho","16021","2.9"
"Heard, Georgia","13149","2.9"
"Marion, Kentucky","21155","2.9"
"Reno, Kansas","20155","2.9"
"Randolph, Alabama","1111","2.9"
"Parke, Indiana","18121","2.9"
"Henderson, Texas","48213","2.9"
"Richland, Louisiana","22083","2.9"
"Garrard, Kentucky","21079","2.9"
"Breathitt, Kentucky","21025","2.9"
"Knox, Nebraska","31107","2.9"
"Grundy, Tennessee","47061","2.9"
"Lyon, Nevada","32019","2.9"
"Wayne, Georgia","13305","2.9"
"Benton, Minnesota","27009","2.9"
"Santa Fe, New Mexico","35049","2.9"
"Bienville, Louisiana","22013","2.9"
"Torrance, New Mexico","35057","2.9"
"Iron, Missouri","29093","2.9"
"Polk, Missouri","29167","2.9"
"Arapahoe, Colorado","8005","2.9"
"Osage, Oklahoma","40113","2.9"
"Gray, Texas","48179","2.9"
"Harrison, Mississippi","28047","2.9"
"Lawrence, Tennessee","47099","2.9"
"Crisp, Georgia","13081","2.9"
"Screven, Georgia","13251","2.9"
"Sedgwick, Colorado","8115","2.9"
"Lake, Oregon","41037","2.9"
"Madison, Arkansas","5087","2.9"
"Madison, Virginia","51113","2.9"
"Prentiss, Mississippi","28117","2.9"
"Franklin, Louisiana","22041","2.9"
"Monroe, Tennessee","47123","2.9"
"Ouachita, Arkansas","5103","2.9"
"Webster, Kentucky","21233","2.9"
"Jasper, Texas","48241","2.9"
"Bonneville, Idaho","16019","2.9"
"Brantley, Georgia","13025","2.9"
"Wallowa, Oregon","41063","2.9"
"DeKalb, Alabama","1049","2.9"
"Wadena, Minnesota","27159","2.9"
"Alexander, North Carolina","37003","2.9"
"Vermillion, Indiana","18165","2.9"
"Hinds, Mississippi","28049","2.9"
"Mitchell, Kansas","20123","2.9"
"Stearns, Minnesota","27145","2.9"
"Crowley, Colorado","8025","2.9"
"Catawba, North Carolina","37035","2.9"
"Hot Spring, Arkansas","5059","2.9"
"Phillips, Kansas","20147","2.9"
"Cowlitz, Washington","53015","2.9"
"Lewis, Washington","53041","2.9"
"Shannon, Missouri","29203","2.9"
"Davidson, Tennessee","47037","2.9"
"Orange, Texas","48361","2.9"
"Mahnomen, Minnesota","27087","2.9"
"Bartholomew, Indiana","18005","2.8"
"Mississippi, Missouri","29133","2.8"
"Cass, Illinois","17017","2.8"
"Franklin, Florida","12037","2.8"
"Hennepin, Minnesota","27053","2.8"
"Pike, Arkansas","5109","2.8"
"Durham, North Carolina","37063","2.8"
"Grant, New Mexico","35017","2.8"
"Randolph, Arkansas","5121","2.8"
"Bartow, Georgia","13015","2.8"
"Pierce, Washington","53053","2.8"
"Skamania, Washington","53059","2.8"
"Clarendon, South Carolina","45027","2.8"
"Douglas, Oregon","41019","2.8"
"Atlantic, New Jersey","34001","2.8"
"Baker, Oregon","41001","2.8"
"Dare, North Carolina","37055","2.8"
"Liberty, Georgia","13179","2.8"
"Logan, Colorado","8075","2.8"
"Dougherty, Georgia","13095","2.8"
"Petersburg, Virginia","51730","2.8"
"Moffat, Colorado","8081","2.8"
"Madison, Georgia","13195","2.8"
"Grady, Georgia","13131","2.8"
"Delaware, Oklahoma","40041","2.8"
"Butts, Georgia","13035","2.8"
"Amador, California","6005","2.8"
"Tulsa, Oklahoma","40143","2.8"
"Wayne, Mississippi","28153","2.8"
"Weld, Colorado","8123","2.8"
"Choctaw, Mississippi","28019","2.8"
"Kay, Oklahoma","40071","2.8"
"Douglas, Illinois","17041","2.8"
"Lauderdale, Mississippi","28075","2.8"
"Oklahoma, Oklahoma","40109","2.8"
"Carter, Oklahoma","40019","2.8"
"Vernon, Wisconsin","55123","2.8"
"St. Francis, Arkansas","5123","2.8"
"Beckham, Oklahoma","40009","2.8"
"Fleming, Kentucky","21069","2.8"
"Daviess, Missouri","29061","2.8"
"Osceola, Iowa","19143","2.8"
"Uinta, Wyoming","56041","2.8"
"Wapello, Iowa","19179","2.8"
"De Soto, Louisiana","22031","2.8"
"Lincoln, Tennessee","47103","2.8"
"Dyer, Tennessee","47045","2.8"
"Cotton, Oklahoma","40033","2.8"
"Coos, Oregon","41011","2.8"
"Galveston, Texas","48167","2.8"
"Rusk, Texas","48401","2.8"
"Dallam, Texas","48111","2.8"
"White Pine, Nevada","32033","2.8"
"Oldham, Texas","48359","2.8"
"Newport News, Virginia","51700","2.8"
"Haskell, Texas","48207","2.8"
"El Paso, Colorado","8041","2.8"
"Wayne, Tennessee","47181","2.8"
"Jefferson, Georgia","13163","2.7"
"Churchill, Nevada","32001","2.7"
"Norman, Minnesota","27107","2.7"
"Walla Walla, Washington","53071","2.7"
"Whatcom, Washington","53073","2.7"
"Calhoun, Florida","12013","2.7"
"Cheyenne, Nebraska","31033","2.7"
"Tama, Iowa","19171","2.7"
"Livingston, Louisiana","22063","2.7"
"Leon, Texas","48289","2.7"
"Carter, Missouri","29035","2.7"
"Wilson, Kansas","20205","2.7"
"Ogemaw, Michigan","26129","2.7"
"Menard, Texas","48327","2.7"
"Barnwell, South Carolina","45011","2.7"
"Washington, Idaho","16087","2.7"
"Florence, Wisconsin","55037","2.7"
"Sawyer, Wisconsin","55113","2.7"
"Sumter, Georgia","13261","2.7"
"Van Buren, Michigan","26159","2.7"
"Sioux, Iowa","19167","2.7"
"Chilton, Alabama","1021","2.7"
"DeKalb, Tennessee","47041","2.7"
"Saline, Missouri","29195","2.7"
"Montrose, Colorado","8085","2.7"
"Comanche, Oklahoma","40031","2.7"
"McDowell, North Carolina","37111","2.7"
"Fairfield, Connecticut","9001","2.7"
"Delaware, New York","36025","2.7"
"Craighead, Arkansas","5031","2.7"
"Twin Falls, Idaho","16083","2.7"
"Cass, Minnesota","27021","2.7"
"Freestone, Texas","48161","2.7"
"Nash, North Carolina","37127","2.7"
"Bernalillo, New Mexico","35001","2.7"
"Perry, Kentucky","21193","2.7"
"Estill, Kentucky","21065","2.7"
"Logan, Arkansas","5083","2.7"
"Terrebonne, Louisiana","22109","2.7"
"Taney, Missouri","29213","2.7"
"Scott, Minnesota","27139","2.7"
"Lawrence, Mississippi","28077","2.7"
"Costilla, Colorado","8023","2.7"
"Erath, Texas","48143","2.7"
"Person, North Carolina","37145","2.7"
"Wichita, Kansas","20203","2.7"
"Morgan, Kentucky","21175","2.7"
"Clay, Texas","48077","2.7"
"Crawford, Missouri","29055","2.7"
"Davie, North Carolina","37059","2.7"
"Floyd, Georgia","13115","2.7"
"Routt, Colorado","8107","2.7"
"Williamsburg, South Carolina","45089","2.7"
"Owen, Indiana","18119","2.7"
"Chouteau, Montana","30015","2.7"
"Gaston, North Carolina","37071","2.7"
"Wayne, Kentucky","21231","2.7"
"Blaine, Oklahoma","40011","2.7"
"Crawford, Georgia","13079","2.6"
"Fairfax, Virginia","51600","2.6"
"St. Helena, Louisiana","22091","2.6"
"Wrangell-Petersburg, Alaska","2280","2.6"
"Clark, Kansas","20025","2.6"
"Lowndes, Georgia","13185","2.6"
"Elkhart, Indiana","18039","2.6"
"Fredericksburg, Virginia","51630","2.6"
"Plaquemines, Louisiana","22075","2.6"
"Nassau, New York","36059","2.6"
"Pike, Mississippi","28113","2.6"
"Loudon, Tennessee","47105","2.6"
"Yadkin, North Carolina","37197","2.6"
"St. John the Baptist, Louisiana","22095","2.6"
"Marion, Texas","48315","2.6"
"Refugio, Texas","48391","2.6"
"Johnson, Missouri","29101","2.6"
"Kidder, North Dakota","38043","2.6"
"Jones, North Carolina","37103","2.6"
"Philadelphia, Pennsylvania","42101","2.6"
"Greeley, Kansas","20071","2.6"
"Jones, Mississippi","28067","2.6"
"Sitka, Alaska","2220","2.6"
"Aleutians East, Alaska","2013","2.6"
"Kalkaska, Michigan","26079","2.6"
"Sumter, South Carolina","45085","2.6"
"Dade, Georgia","13083","2.6"
"Fannin, Texas","48147","2.6"
"Hinsdale, Colorado","8053","2.6"
"Lyon, Minnesota","27083","2.6"
"Custer, Colorado","8027","2.6"
"Pottawatomie, Oklahoma","40125","2.6"
"Converse, Wyoming","56009","2.6"
"Swain, North Carolina","37173","2.6"
"Decatur, Iowa","19053","2.6"
"LaPorte, Indiana","18091","2.6"
"Hutchinson, Texas","48233","2.6"
"Coal, Oklahoma","40029","2.6"
"Hampshire, West Virginia","54027","2.6"
"Lincoln, Oklahoma","40081","2.6"
"Lee, North Carolina","37105","2.6"
"Trinity, California","6105","2.6"
"Putnam, Indiana","18133","2.6"
"Perry, Alabama","1105","2.6"
"Lawrence, Kentucky","21127","2.6"
"Henry, Virginia","51089","2.6"
"Clearwater, Minnesota","27029","2.6"
"Pemiscot, Missouri","29155","2.6"
"Coffee, Tennessee","47031","2.6"
"Dodge, Nebraska","31053","2.6"
"Gray, Kansas","20069","2.6"
"Hamblen, Tennessee","47063","2.6"
"Pamlico, North Carolina","37137","2.6"
"Marshall, Alabama","1095","2.6"
"Richmond, North Carolina","37153","2.6"
"West Baton Rouge, Louisiana","22121","2.6"
"Baraga, Michigan","26013","2.6"
"Canadian, Oklahoma","40017","2.6"
"Grant, Kansas","20067","2.6"
"Sterling, Texas","48431","2.6"
"Cimarron, Oklahoma","40025","2.6"
"Suffolk, New York","36103","2.6"
"Logan, Nebraska","31113","2.6"
"Montgomery, Missouri","29139","2.6"
"Lincoln, Wyoming","56023","2.5"
"Clallam, Washington","53009","2.5"
"Eastland, Texas","48133","2.5"
"Washington, Georgia","13303","2.5"
"Habersham, Georgia","13137","2.5"
"Warren, Mississippi","28149","2.5"
"Bertie, North Carolina","37015","2.5"
"Sullivan, New York","36105","2.5"
"Douglas, Nevada","32005","2.5"
"Lane, Oregon","41039","2.5"
"Barron, Wisconsin","55005","2.5"
"Jennings, Indiana","18079","2.5"
"Milwaukee, Wisconsin","55079","2.5"
"Rogers, Oklahoma","40131","2.5"
"New Madrid, Missouri","29143","2.5"
"St. Charles, Louisiana","22089","2.5"
"Levy, Florida","12075","2.5"
"Polk, North Carolina","37149","2.5"
"Ward, North Dakota","38101","2.5"
"Barren, Kentucky","21009","2.5"
"Alamance, North Carolina","37001","2.5"
"Mille Lacs, Minnesota","27095","2.5"
"Union, North Carolina","37179","2.5"
"Itasca, Minnesota","27061","2.5"
"Fergus, Montana","30027","2.5"
"Gibson, Indiana","18051","2.5"
"Hughes, South Dakota","46065","2.5"
"Clackamas, Oregon","41005","2.5"
"Lake, Colorado","8065","2.5"
"Dunn, North Dakota","38025","2.5"
"Le Flore, Oklahoma","40079","2.5"
"Winchester, Virginia","51840","2.5"
"Woodbury, Iowa","19193","2.5"
"Van Zandt, Texas","48467","2.5"
"Armstrong, Texas","48011","2.5"
"Red River, Louisiana","22081","2.5"
"Grant, Oregon","41023","2.5"
"Van Buren, Tennessee","47175","2.5"
"Platte, Nebraska","31141","2.5"
"DeSoto, Mississippi","28033","2.5"
"Forrest, Mississippi","28035","2.5"
"Tom Green, Texas","48451","2.5"
"Laurel, Kentucky","21125","2.5"
"Spartanburg, South Carolina","45083","2.5"
"East Baton Rouge, Louisiana","22033","2.5"
"Putnam, Florida","12107","2.5"
"Washington, Florida","12133","2.5"
"Polk, Iowa","19153","2.5"
"Lincoln, New Mexico","35027","2.5"
"Cass, Michigan","26027","2.5"
"Perry, Mississippi","28111","2.5"
"Pearl River, Mississippi","28109","2.5"
"Chautauqua, Kansas","20019","2.5"
"Holmes, Florida","12059","2.5"
"Iredell, North Carolina","37097","2.5"
"Clare, Michigan","26035","2.5"
"Grainger, Tennessee","47057","2.5"
"Washington, Missouri","29221","2.5"
"Oscoda, Michigan","26135","2.5"
"Lenoir, North Carolina","37107","2.5"
"Medina, Texas","48325","2.5"
"Henry, Missouri","29083","2.5"
"Morgan, Tennessee","47129","2.5"
"Logan, Ohio","39091","2.5"
"St. Lucie, Florida","12111","2.5"
"Bandera, Texas","48019","2.5"
"Robertson, Tennessee","47147","2.5"
"Lunenburg, Virginia","51111","2.5"
"Taliaferro, Georgia","13265","2.5"
"Garfield, Utah","49017","2.5"
"Glades, Florida","12043","2.5"
"Coshocton, Ohio","39031","2.5"
"Newaygo, Michigan","26123","2.5"
"Houghton, Michigan","26061","2.5"
"Real, Texas","48385","2.5"
"Edmonson, Kentucky","21061","2.5"
"Bollinger, Missouri","29017","2.4"
"Dixon, Nebraska","31051","2.4"
"Pottawatomie, Kansas","20149","2.4"
"Rich, Utah","49033","2.4"
"Dickson, Tennessee","47043","2.4"
"Schley, Georgia","13249","2.4"
"Brown, Illinois","17009","2.4"
"Caribou, Idaho","16029","2.4"
"La Plata, Colorado","8067","2.4"
"Oswego, New York","36075","2.4"
"Patrick, Virginia","51141","2.4"
"Morehouse, Louisiana","22067","2.4"
"Yavapai, Arizona","4025","2.4"
"Keweenaw, Michigan","26083","2.4"
"Shawnee, Kansas","20177","2.4"
"Essex, Massachusetts","25009","2.4"
"Camden, Georgia","13039","2.4"
"Cleveland, Oklahoma","40027","2.4"
"Deschutes, Oregon","41017","2.4"
"Scott, Kentucky","21209","2.4"
"Love, Oklahoma","40085","2.4"
"Lee, Florida","12071","2.4"
"Watonwan, Minnesota","27165","2.4"
"Albany, Wyoming","56001","2.4"
"Lewis, Idaho","16061","2.4"
"Jenkins, Georgia","13165","2.4"
"Florence, South Carolina","45041","2.4"
"Grand Forks, North Dakota","38035","2.4"
"Caroline, Maryland","24011","2.4"
"Cannon, Tennessee","47015","2.4"
"Iron, Wisconsin","55051","2.4"
"Bamberg, South Carolina","45009","2.4"
"Martin, Kentucky","21159","2.4"
"Montgomery, Mississippi","28097","2.4"
"Berkeley, West Virginia","54003","2.4"
"DuPage, Illinois","17043","2.4"
"Van Buren, Iowa","19177","2.4"
"Walker, Georgia","13295","2.4"
"Ocean, New Jersey","34029","2.4"
"Jackson, Wisconsin","55053","2.4"
"Ouachita, Louisiana","22073","2.4"
"Wichita, Texas","48485","2.4"
"Daviess, Kentucky","21059","2.4"
"Huerfano, Colorado","8055","2.4"
"Comal, Texas","48091","2.4"
"St. Bernard, Louisiana","22087","2.4"
"Laurens, Georgia","13175","2.4"
"Christian, Missouri","29043","2.4"
"Wayne, North Carolina","37191","2.4"
"Beltrami, Minnesota","27007","2.4"
"Lamar, Texas","48277","2.4"
"Ozark, Missouri","29153","2.4"
"Bergen, New Jersey","34003","2.4"
"Leslie, Kentucky","21131","2.4"
"Acadia, Louisiana","22001","2.4"
"Independence, Arkansas","5063","2.4"
"Newberry, South Carolina","45071","2.4"
"Williamson, Texas","48491","2.4"
"Morgan, Alabama","1103","2.4"
"Hardeman, Texas","48197","2.4"
"Wayne, Ohio","39169","2.4"
"Harmon, Oklahoma","40057","2.4"
"Union, Florida","12125","2.4"
"Chenango, New York","36017","2.4"
"Rockingham, North Carolina","37157","2.4"
"Rabun, Georgia","13241","2.4"
"Spalding, Georgia","13255","2.4"
"Noble, Indiana","18113","2.4"
"Massac, Illinois","17127","2.4"
"Bradley, Tennessee","47011","2.4"
"DeKalb, Georgia","13089","2.4"
"Columbus, North Carolina","37047","2.4"
"Bulloch, Georgia","13031","2.4"
"Boone, Arkansas","5009","2.4"
"Lyon, Kentucky","21143","2.4"
"Jasper, Missouri","29097","2.4"
"Duval, Florida","12031","2.4"
"Lake, Illinois","17097","2.4"
"Calcasieu, Louisiana","22019","2.4"
"Jefferson, Louisiana","22051","2.4"
"St. Joseph, Michigan","26149","2.4"
"Davidson, North Carolina","37057","2.4"
"Coryell, Texas","48099","2.4"
"Hancock, Maine","23009","2.4"
"Howard, Arkansas","5061","2.4"
"Jasper, Mississippi","28061","2.4"
"Adams, Mississippi","28001","2.4"
"Bladen, North Carolina","37017","2.4"
"La Salle, Louisiana","22059","2.4"
"Van Buren, Arkansas","5141","2.4"
"Polk, Tennessee","47139","2.4"
"Webster, Louisiana","22119","2.4"
"Carbon, Utah","49007","2.4"
"Fisher, Texas","48151","2.4"
"Burt, Nebraska","31021","2.4"
"Madison, Nebraska","31119","2.4"
"Jackson, Ohio","39079","2.4"
"Randolph, North Carolina","37151","2.3"
"Wood, Texas","48499","2.3"
"Lake, Indiana","18089","2.3"
"Metcalfe, Kentucky","21169","2.3"
"Barton, Missouri","29011","2.3"
"Collin, Texas","48085","2.3"
"Clark, Arkansas","5019","2.3"
"Butler, Kentucky","21031","2.3"
"Lamoille, Vermont","50015","2.3"
"Greenwood, South Carolina","45047","2.3"
"Shelby, Tennessee","47157","2.3"
"Sedgwick, Kansas","20173","2.3"
"Haywood, Tennessee","47075","2.3"
"Bannock, Idaho","16005","2.3"
"Baxter, Arkansas","5005","2.3"
"Lafayette, Louisiana","22055","2.3"
"Mesa, Colorado","8077","2.3"
"Hertford, North Carolina","37091","2.3"
"Clinton, Kentucky","21053","2.3"
"Miami, Indiana","18103","2.3"
"Laurens, South Carolina","45059","2.3"
"Jackson, Arkansas","5067","2.3"
"Greene, Arkansas","5055","2.3"
"Craven, North Carolina","37049","2.3"
"Floyd, Kentucky","21071","2.3"
"Crawford, Indiana","18025","2.3"
"Delta, Colorado","8029","2.3"
"Athens, Ohio","39009","2.3"
"Somerset, Maine","23025","2.3"
"Olmsted, Minnesota","27109","2.3"
"Osceola, Michigan","26133","2.3"
"Kandiyohi, Minnesota","27067","2.3"
"Rowan, North Carolina","37159","2.3"
"Jefferson, Tennessee","47089","2.3"
"Manatee, Florida","12081","2.3"
"Nelson, Kentucky","21179","2.3"
"Harnett, North Carolina","37085","2.3"
"Conway, Arkansas","5029","2.3"
"Lebanon, Pennsylvania","42075","2.3"
"San Juan, Colorado","8111","2.3"
"Chase, Kansas","20017","2.3"
"Norfolk, Virginia","51710","2.3"
"Wilkinson, Georgia","13319","2.3"
"Phillips, Montana","30071","2.3"
"Garvin, Oklahoma","40049","2.3"
"Clatsop, Oregon","41007","2.3"
"Noble, Oklahoma","40103","2.3"
"Sullivan, Indiana","18153","2.3"
"Denali, Alaska","2068","2.3"
"Grenada, Mississippi","28043","2.3"
"Pueblo, Colorado","8101","2.3"
"Grady, Oklahoma","40051","2.3"
"Goliad, Texas","48175","2.3"
"Yellowstone, Montana","30111","2.3"
"Henderson, North Carolina","37089","2.3"
"Ionia, Michigan","26067","2.3"
"Alpine, California","6003","2.3"
"Meigs, Ohio","39105","2.3"
"Luna, New Mexico","35029","2.3"
"Banks, Georgia","13011","2.3"
"Valdez-Cordova, Alaska","2261","2.3"
"Kanabec, Minnesota","27065","2.3"
"Big Horn, Wyoming","56003","2.3"
"Pittsburg, Oklahoma","40121","2.3"
"Hamlin, South Dakota","46057","2.3"
"Otsego, Michigan","26137","2.3"
"Jefferson, Texas","48245","2.3"
"Pitt, North Carolina","37147","2.3"
"Centre, Pennsylvania","42027","2.3"
"Denton, Texas","48121","2.3"
"Allen, Kentucky","21003","2.3"
"Lampasas, Texas","48281","2.3"
"Bledsoe, Tennessee","47007","2.3"
"Weston, Wyoming","56045","2.3"
"Guilford, North Carolina","37081","2.3"
"Taylor, Texas","48441","2.3"
"Roberts, South Dakota","46109","2.3"
"Mills, Texas","48333","2.3"
"Lewis, Missouri","29111","2.3"
"Providence, Rhode Island","44007","2.3"
"Tensas, Louisiana","22107","2.3"
"Greene, Missouri","29077","2.3"
"Surry, North Carolina","37171","2.3"
"Hampton, Virginia","51650","2.2"
"Schuyler, New York","36097","2.2"
"Emanuel, Georgia","13107","2.2"
"Flathead, Montana","30029","2.2"
"Hillsdale, Michigan","26059","2.2"
"Grays Harbor, Washington","53027","2.2"
"Ogle, Illinois","17141","2.2"
"Bradford, Florida","12007","2.2"
"Wilcox, Georgia","13315","2.2"
"Juniata, Pennsylvania","42067","2.2"
"Custer, Nebraska","31041","2.2"
"Muskogee, Oklahoma","40101","2.2"
"Jackson, North Carolina","37099","2.2"
"Wake, North Carolina","37183","2.2"
"Hawkins, Tennessee","47073","2.2"
"Morrow, Ohio","39117","2.2"
"Brooke, West Virginia","54009","2.2"
"Benton, Missouri","29015","2.2"
"Carter, Kentucky","21043","2.2"
"Orange, Vermont","50017","2.2"
"Washington, Colorado","8121","2.2"
"Harrison, Missouri","29081","2.2"
"Otero, New Mexico","35035","2.2"
"Hocking, Ohio","39073","2.2"
"Fayette, Indiana","18041","2.2"
"King and Queen, Virginia","51097","2.2"
"Mariposa, California","6043","2.2"
"Socorro, New Mexico","35053","2.2"
"Cecil, Maryland","24015","2.2"
"Tooele, Utah","49045","2.2"
"Wayne, Michigan","26163","2.2"
"Meeker, Minnesota","27093","2.2"
"Douglas, South Dakota","46043","2.2"
"Miner, South Dakota","46097","2.2"
"Crook, Wyoming","56011","2.2"
"Moniteau, Missouri","29135","2.2"
"Lincoln, Oregon","41041","2.2"
"Nez Perce, Idaho","16069","2.2"
"Briscoe, Texas","48045","2.2"
"Clark, Kentucky","21049","2.2"
"Burke, North Dakota","38013","2.2"
"Shoshone, Idaho","16079","2.2"
"Stevens, Washington","53065","2.2"
"Orleans, New York","36073","2.2"
"Chambers, Texas","48071","2.2"
"St. Mary, Louisiana","22101","2.2"
"Perry, Missouri","29157","2.2"
"Ascension, Louisiana","22005","2.2"
"Hampden, Massachusetts","25013","2.2"
"Kent, Michigan","26081","2.2"
"Franklin, North Carolina","37069","2.2"
"Whitley, Kentucky","21235","2.2"
"Christian, Kentucky","21047","2.2"
"Rapides, Louisiana","22079","2.2"
"Lamar, Mississippi","28073","2.2"
"Fentress, Tennessee","47049","2.2"
"Newton, Missouri","29145","2.2"
"Jefferson Davis, Mississippi","28065","2.2"
"Dunklin, Missouri","29069","2.2"
"Garfield, Oklahoma","40047","2.2"
"Mitchell, Georgia","13205","2.2"
"White, Tennessee","47185","2.2"
"El Dorado, California","6017","2.2"
"Mecklenburg, North Carolina","37119","2.2"
"Hoke, North Carolina","37093","2.2"
"Steele, Minnesota","27147","2.2"
"Kingfisher, Oklahoma","40073","2.2"
"Hood, Texas","48221","2.2"
"Rankin, Mississippi","28121","2.2"
"Jackson, Alabama","1071","2.2"
"Donley, Texas","48129","2.2"
"Tishomingo, Mississippi","28141","2.2"
"Pickens, Georgia","13227","2.2"
"Montgomery, Georgia","13209","2.2"
"Montgomery, Arkansas","5097","2.2"
"Clarke, Georgia","13059","2.2"
"Marion, Alabama","1093","2.2"
"McDuffie, Georgia","13189","2.2"
"Sarpy, Nebraska","31153","2.1"
"Allendale, South Carolina","45005","2.1"
"Jefferson, Oklahoma","40067","2.1"
"Tangipahoa, Louisiana","22105","2.1"
"Covington, Mississippi","28031","2.1"
"Mecosta, Michigan","26107","2.1"
"Yates, New York","36123","2.1"
"Allegan, Michigan","26005","2.1"
"Johnson, Nebraska","31097","2.1"
"Page, Virginia","51139","2.1"
"Lewis, West Virginia","54041","2.1"
"Vinton, Ohio","39163","2.1"
"Pondera, Montana","30073","2.1"
"Lake of the Woods, Minnesota","27077","2.1"
"Lincoln, Mississippi","28085","2.1"
"Rio Arriba, New Mexico","35039","2.1"
"Brown, Wisconsin","55009","2.1"
"Marion, Tennessee","47115","2.1"
"Cochise, Arizona","4003","2.1"
"Wakulla, Florida","12129","2.1"
"Mercer, New Jersey","34021","2.1"
"Clinton, Indiana","18023","2.1"
"Clay, Tennessee","47027","2.1"
"Grayson, Kentucky","21085","2.1"
"Howell, Missouri","29091","2.1"
"Muscogee, Georgia","13215","2.1"
"Worcester, Massachusetts","25027","2.1"
"Lee, South Carolina","45061","2.1"
"Franklin, Ohio","39049","2.1"
"Baltimore, Maryland","24510","2.1"
"Tuscola, Michigan","26157","2.1"
"Grand, Colorado","8049","2.1"
"Polk, Oregon","41053","2.1"
"Edgefield, South Carolina","45037","2.1"
"Geauga, Ohio","39055","2.1"
"Mercer, North Dakota","38057","2.1"
"McNairy, Tennessee","47109","2.1"
"Pettis, Missouri","29159","2.1"
"Kosciusko, Indiana","18085","2.1"
"Tallahatchie, Mississippi","28135","2.1"
"Rockdale, Georgia","13247","2.1"
"Bowman, North Dakota","38011","2.1"
"Lake, Florida","12069","2.1"
"Sussex, Delaware","10005","2.1"
"Buchanan, Missouri","29021","2.1"
"Montgomery, Iowa","19137","2.1"
"Marshall, Kentucky","21157","2.1"
"Forsyth, North Carolina","37067","2.1"
"Dubois, Indiana","18037","2.1"
"Anderson, South Carolina","45007","2.1"
"Randall, Texas","48381","2.1"
"Butler, Kansas","20015","2.1"
"Polk, Nebraska","31143","2.1"
"Greenwood, Kansas","20073","2.1"
"Caldwell, North Carolina","37027","2.1"
"Maury, Tennessee","47119","2.1"
"St. Francois, Missouri","29187","2.1"
"Lewis, Tennessee","47101","2.1"
"Okmulgee, Oklahoma","40111","2.1"
"Lafourche, Louisiana","22057","2.1"
"Teton, Idaho","16081","2.1"
"Lancaster, Nebraska","31109","2.1"
"Pennington, South Dakota","46103","2.1"
"Cook, Georgia","13075","2.1"
"Jackson, Oklahoma","40065","2.1"
"Paulding, Ohio","39125","2.1"
"Ashland, Ohio","39005","2.1"
"Newton, Georgia","13217","2.1"
"Cross, Arkansas","5037","2.1"
"Gallatin, Kentucky","21077","2.1"
"Jefferson, Arkansas","5069","2.1"
"Johnson, Iowa","19103","2.1"
"Pope, Arkansas","5115","2.1"
"Bossier, Louisiana","22015","2.1"
"Covington, Alabama","1039","2.1"
"Giles, Tennessee","47055","2.1"
"Maries, Missouri","29125","2.1"
"Marathon, Wisconsin","55073","2.1"
"Orange, North Carolina","37135","2.1"
"Rock, Minnesota","27133","2.1"
"Louisa, Virginia","51109","2.1"
"Stevens, Kansas","20189","2.1"
"Winnebago, Illinois","17201","2.1"
"Macon, North Carolina","37113","2.1"
"Bear Lake, Idaho","16007","2.1"
"Davis, Utah","49011","2.1"
"Caroline, Virginia","51033","2.1"
"Miller, Missouri","29131","2.1"
"Spotsylvania, Virginia","51177","2.1"
"McCreary, Kentucky","21147","2.1"
"Placer, California","6061","2.1"
"Cleveland, North Carolina","37045","2.1"
"Cherokee, North Carolina","37039","2.1"
"Rutherford, Tennessee","47149","2.1"
"Marshall, Tennessee","47117","2.0"
"Greenville, South Carolina","45045","2.0"
"Glynn, Georgia","13127","2.0"
"Pender, North Carolina","37141","2.0"
"Newton, Arkansas","5101","2.0"
"Nevada, California","6057","2.0"
"Sherman, Kansas","20181","2.0"
"Obion, Tennessee","47131","2.0"
"Cheatham, Tennessee","47021","2.0"
"Oregon, Missouri","29149","2.0"
"Coffee, Georgia","13069","2.0"
"Stone, Missouri","29209","2.0"
"Harper, Oklahoma","40059","2.0"
"Montgomery, Kansas","20125","2.0"
"Newton, Texas","48351","2.0"
"Clay, Florida","12019","2.0"
"Harlan, Kentucky","21095","2.0"
"Neosho, Kansas","20133","2.0"
"Juneau, Wisconsin","55057","2.0"
"Danville, Virginia","51590","2.0"
"Dent, Missouri","29065","2.0"
"Kendall, Texas","48259","2.0"
"Chicot, Arkansas","5017","2.0"
"Fayette, Texas","48149","2.0"
"Roseau, Minnesota","27135","2.0"
"Hodgeman, Kansas","20083","2.0"
"Rice, Minnesota","27131","2.0"
"Trempealeau, Wisconsin","55121","2.0"
"Gladwin, Michigan","26051","2.0"
"Washita, Oklahoma","40149","2.0"
"Bent, Colorado","8011","2.0"
"Lincoln, Louisiana","22061","2.0"
"Waldo, Maine","23027","2.0"
"Bonner, Idaho","16017","2.0"
"Menifee, Kentucky","21165","2.0"
"Washington, Illinois","17189","2.0"
"Jefferson, Kentucky","21111","2.0"
"Dawson, Montana","30021","2.0"
"Richmond, Georgia","13245","2.0"
"Wayne, Illinois","17191","2.0"
"Franklin, Kentucky","21073","2.0"
"Benton, Oregon","41003","2.0"
"Stephens, Georgia","13257","2.0"
"Orange, Indiana","18117","2.0"
"Adams, Idaho","16003","2.0"
"Marshall, South Dakota","46091","2.0"
"Long, Georgia","13183","2.0"
"Wabaunsee, Kansas","20197","2.0"
"Codington, South Dakota","46029","2.0"
"Bibb, Georgia","13021","2.0"
"Lafayette, Missouri","29107","2.0"
"Lincoln, Missouri","29113","2.0"
"Chickasaw, Mississippi","28017","2.0"
"Pipestone, Minnesota","27117","2.0"
"Rockwall, Texas","48397","2.0"
"Dawson, Georgia","13085","2.0"
"Effingham, Illinois","17049","2.0"
"Lincoln, North Carolina","37109","2.0"
"Douglas, Nebraska","31055","2.0"
"Gunnison, Colorado","8051","2.0"
"Kent, Delaware","10001","2.0"
"Calaveras, California","6009","2.0"
"Vigo, Indiana","18167","2.0"
"Roanoke, Virginia","51770","2.0"
"Las Animas, Colorado","8071","2.0"
"Marion, Indiana","18097","2.0"
"Taos, New Mexico","35055","2.0"
"Mercer, Missouri","29129","2.0"
"Forest, Wisconsin","55041","2.0"
"Pontotoc, Oklahoma","40123","2.0"
"Bayfield, Wisconsin","55007","2.0"
"Howard, Maryland","24027","2.0"
"Marion, Georgia","13197","2.0"
"Allamakee, Iowa","19005","2.0"
"Morgan, West Virginia","54065","2.0"
"Blackford, Indiana","18009","2.0"
"Rock Island, Illinois","17161","2.0"
"Jasper, Indiana","18073","2.0"
"Shelby, Missouri","29205","2.0"
"Jefferson, Indiana","18077","2.0"
"Lafayette, Mississippi","28071","2.0"
"Douglas, Georgia","13097","2.0"
"Jessamine, Kentucky","21113","2.0"
"Johnston, North Carolina","37101","2.0"
"Henderson, Tennessee","47077","2.0"
"Chester, South Carolina","45023","2.0"
"Oconee, South Carolina","45073","2.0"
"Camden, New Jersey","34007","2.0"
"Marion, South Carolina","45067","2.0"
"Lonoke, Arkansas","5085","2.0"
"Lancaster, Pennsylvania","42071","2.0"
"Walker, Alabama","1127","2.0"
"Dodge, Georgia","13091","2.0"
"Sabine, Louisiana","22085","2.0"
"Escambia, Alabama","1053","2.0"
"Mobile, Alabama","1097","2.0"
"West Feliciana, Louisiana","22125","2.0"
"Bay, Florida","12005","2.0"
"Lehigh, Pennsylvania","42077","2.0"
"Assumption, Louisiana","22007","2.0"
"Darlington, South Carolina","45031","1.9"
"Barry, Michigan","26015","1.9"
"Ashtabula, Ohio","39007","1.9"
"Boone, Iowa","19015","1.9"
"Greene, Iowa","19073","1.9"
"Kendall, Illinois","17093","1.9"
"Dallas, Iowa","19049","1.9"
"Columbiana, Ohio","39029","1.9"
"Muscatine, Iowa","19139","1.9"
"Lincoln, Nebraska","31111","1.9"
"Frederick, Virginia","51069","1.9"
"Gentry, Missouri","29075","1.9"
"Clinton, Ohio","39027","1.9"
"DeKalb, Missouri","29063","1.9"
"Morgan, Indiana","18109","1.9"
"Clay, Indiana","18021","1.9"
"Scott, Illinois","17171","1.9"
"Pike, Ohio","39131","1.9"
"Brown, Indiana","18013","1.9"
"Essex, Virginia","51057","1.9"
"Richmond, Virginia","51760","1.9"
"Fayette, Kentucky","21067","1.9"
"Coffey, Kansas","20031","1.9"
"New Haven, Connecticut","9009","1.9"
"Owsley, Kentucky","21189","1.9"
"Saline, Illinois","17165","1.9"
"Emporia, Virginia","51595","1.9"
"Cattaraugus, New York","36009","1.9"
"Caswell, North Carolina","37033","1.9"
"Alexander, Illinois","17003","1.9"
"Cowley, Kansas","20035","1.9"
"Graves, Kentucky","21083","1.9"
"Ripley, Missouri","29181","1.9"
"Anderson, Tennessee","47001","1.9"
"Cumberland, Tennessee","47035","1.9"
"Sauk, Wisconsin","55111","1.9"
"Cumberland, North Carolina","37051","1.9"
"Warren, Tennessee","47177","1.9"
"Logan, Oklahoma","40083","1.9"
"Transylvania, North Carolina","37175","1.9"
"Lancaster, South Carolina","45057","1.9"
"Union, South Carolina","45087","1.9"
"Hardin, Tennessee","47071","1.9"
"Faulkner, Arkansas","5045","1.9"
"Franklin, Georgia","13119","1.9"
"Lexington, South Carolina","45063","1.9"
"Saluda, South Carolina","45081","1.9"
"Saline, Arkansas","5125","1.9"
"Fulton, Georgia","13121","1.9"
"Barrow, Georgia","13013","1.9"
"Orangeburg, South Carolina","45075","1.9"
"Coahoma, Mississippi","28027","1.9"
"Cobb, Georgia","13067","1.9"
"Monroe, Georgia","13207","1.9"
"Oktibbeha, Mississippi","28105","1.9"
"Stonewall, Texas","48433","1.9"
"Telfair, Georgia","13271","1.9"
"Callahan, Texas","48059","1.9"
"Green Lake, Wisconsin","55047","1.9"
"Calhoun, Georgia","13037","1.9"
"Geneva, Alabama","1061","1.9"
"Sabine, Texas","48403","1.9"
"Monroe, Wisconsin","55081","1.9"
"McCulloch, Texas","48307","1.9"
"Amite, Mississippi","28005","1.9"
"Okaloosa, Florida","12091","1.9"
"Seminole, Florida","12117","1.9"
"Martin, Florida","12085","1.9"
"Amherst, Virginia","51009","1.9"
"Montgomery, New York","36057","1.9"
"Thurston, Washington","53067","1.9"
"Cascade, Montana","30013","1.9"
"Asotin, Washington","53003","1.9"
"Burleigh, North Dakota","38015","1.9"
"Elmore, Idaho","16039","1.9"
"Chippewa, Minnesota","27023","1.9"
"Lake, South Dakota","46079","1.9"
"Minnehaha, South Dakota","46099","1.9"
"Gregory, South Dakota","46053","1.9"
"Brown, Nebraska","31017","1.9"
"Hillsborough, New Hampshire","33011","1.9"
"Anoka, Minnesota","27003","1.9"
"Pottawattamie, Iowa","19155","1.9"
"Rusk, Wisconsin","55107","1.9"
"Norton, Kansas","20137","1.9"
"Inyo, California","6027","1.9"
"San Miguel, New Mexico","35047","1.9"
"St. Lawrence, New York","36089","1.9"
"Franklin, New York","36033","1.9"
"Sheboygan, Wisconsin","55117","1.9"
"Berrien, Michigan","26021","1.9"
"Starke, Indiana","18149","1.9"
"Appanoose, Iowa","19007","1.9"
"Gallia, Ohio","39053","1.9"
"Scioto, Ohio","39145","1.9"
"Wyoming, West Virginia","54109","1.9"
"Hardin, Kentucky","21093","1.9"
"Currituck, North Carolina","37053","1.9"
"Cape Girardeau, Missouri","29031","1.9"
"Overton, Tennessee","47133","1.9"
"Carlton, Minnesota","27017","1.9"
"Gilmer, Georgia","13123","1.9"
"Pulaski, Arkansas","5119","1.9"
"Effingham, Georgia","13103","1.9"
"Lafayette, Arkansas","5073","1.9"
"Beauregard, Louisiana","22011","1.9"
"Androscoggin, Maine","23001","1.9"
"Aitkin, Minnesota","27001","1.9"
"Kitsap, Washington","53035","1.9"
"Middlesex, Massachusetts","25017","1.9"
"Kennebec, Maine","23011","1.9"
"Sweetwater, Wyoming","56037","1.9"
"Summit, Utah","49043","1.9"
"Red Lake, Minnesota","27125","1.9"
"Horry, South Carolina","45051","1.8"
"Surry, Virginia","51181","1.8"
"Peach, Georgia","13225","1.8"
"Gem, Idaho","16045","1.8"
"Butler, Alabama","1013","1.8"
"Pickett, Tennessee","47137","1.8"
"Beaver, Oklahoma","40007","1.8"
"Macon, Tennessee","47111","1.8"
"Putnam, Missouri","29171","1.8"
"Greene, Virginia","51079","1.8"
"Lafayette, Wisconsin","55065","1.8"
"Washington, New York","36115","1.8"
"Monroe, Mississippi","28095","1.8"
"Mahaska, Iowa","19123","1.8"
"Tift, Georgia","13277","1.8"
"Meigs, Tennessee","47121","1.8"
"Montgomery, Tennessee","47125","1.8"
"Ellsworth, Kansas","20053","1.8"
"Stewart, Tennessee","47161","1.8"
"Madison, North Carolina","37115","1.8"
"Walworth, Wisconsin","55127","1.8"
"Carroll, Tennessee","47017","1.8"
"Montgomery, Alabama","1101","1.8"
"Tippecanoe, Indiana","18157","1.8"
"Jefferson, Wisconsin","55055","1.8"
"Major, Oklahoma","40093","1.8"
"Grundy, Missouri","29079","1.8"
"Limestone, Alabama","1083","1.8"
"Cass, Missouri","29037","1.8"
"Washington, Maryland","24043","1.8"
"Warren, Indiana","18171","1.8"
"Galax, Virginia","51640","1.8"
"Carroll, Georgia","13045","1.8"
"Fayette, Pennsylvania","42051","1.8"
"Nelson, North Dakota","38063","1.8"
"Wexford, Michigan","26165","1.8"
"Clearwater, Idaho","16035","1.8"
"Oglethorpe, Georgia","13221","1.8"
"Delta, Texas","48119","1.8"
"Atoka, Oklahoma","40005","1.8"
"Logan, Kansas","20109","1.8"
"Summers, West Virginia","54089","1.8"
"Eaton, Michigan","26045","1.8"
"Montcalm, Michigan","26117","1.8"
"Will, Illinois","17197","1.8"
"Kootenai, Idaho","16055","1.8"
"Spokane, Washington","53063","1.8"
"Hughes, Oklahoma","40063","1.8"
"Pike, Kentucky","21195","1.8"
"Boone, Missouri","29019","1.8"
"Fillmore, Minnesota","27045","1.8"
"King William, Virginia","51101","1.8"
"Dolores, Colorado","8033","1.8"
"Benton, Indiana","18007","1.8"
"Clarke, Alabama","1025","1.8"
"Rockingham, Virginia","51165","1.8"
"Garland, Arkansas","5051","1.8"
"Union, Pennsylvania","42119","1.8"
"Catahoula, Louisiana","22025","1.8"
"Washington, Kentucky","21229","1.8"
"Monroe, Arkansas","5095","1.8"
"Claiborne, Louisiana","22027","1.8"
"Brown, Kansas","20013","1.8"
"Bracken, Kentucky","21023","1.8"
"Tyrrell, North Carolina","37177","1.8"
"Pasco, Florida","12101","1.8"
"Windham, Vermont","50025","1.8"
"Macomb, Michigan","26099","1.8"
"Broomfield, Colorado","8014","1.8"
"Ulster, New York","36111","1.8"
"DeKalb, Illinois","17037","1.8"
"Nicholas, West Virginia","54067","1.8"
"Teller, Colorado","8119","1.8"
"Charlottesville, Virginia","51540","1.8"
"Phelps, Missouri","29161","1.8"
"Shelby, Ohio","39149","1.8"
"Bland, Virginia","51021","1.8"
"Chatham, Georgia","13051","1.8"
"Sevier, Utah","49041","1.8"
"Greensville, Virginia","51081","1.8"
"Cass, Indiana","18017","1.8"
"Pulaski, Missouri","29169","1.8"
"Vernon, Missouri","29217","1.8"
"Madison, Mississippi","28089","1.8"
"Ingham, Michigan","26065","1.8"
"Haralson, Georgia","13143","1.8"
"Pinellas, Florida","12103","1.8"
"Lincoln, Georgia","13181","1.8"
"Harrison, West Virginia","54033","1.8"
"Alachua, Florida","12001","1.8"
"Brunswick, North Carolina","37019","1.8"
"Troup, Georgia","13285","1.8"
"Franklin, Vermont","50011","1.8"
"Hancock, Mississippi","28045","1.8"
"Washakie, Wyoming","56043","1.8"
"Dane, Wisconsin","55025","1.8"
"McDowell, West Virginia","54047","1.8"
"Texas, Missouri","29215","1.8"
"Clayton, Iowa","19043","1.8"
"Scott, Virginia","51169","1.8"
"Deuel, South Dakota","46039","1.8"
"Marion, West Virginia","54049","1.8"
"Wilkin, Minnesota","27167","1.8"
"Mackinac, Michigan","26097","1.8"
"Madison, Tennessee","47113","1.8"
"Douglas, Kansas","20045","1.8"
"Liberty, Florida","12077","1.8"
"Shelby, Indiana","18145","1.8"
"Box Elder, Utah","49003","1.8"
"Muskegon, Michigan","26121","1.8"
"Leon, Florida","12073","1.8"
"Santa Rosa, Florida","12113","1.8"
"Cullman, Alabama","1043","1.8"
"Iosco, Michigan","26069","1.7"
"Iroquois, Illinois","17075","1.7"
"Knox, Illinois","17095","1.7"
"Lincoln, West Virginia","54043","1.7"
"Kearney, Nebraska","31099","1.7"
"Montgomery, Indiana","18107","1.7"
"Lincoln, Kansas","20105","1.7"
"Moody, South Dakota","46101","1.7"
"Oneida, New York","36065","1.7"
"Lamar, Alabama","1075","1.7"
"Grand Traverse, Michigan","26055","1.7"
"Fayette, Illinois","17051","1.7"
"Richmond, Virginia","51159","1.7"
"Pendleton, Kentucky","21191","1.7"
"Hidalgo, New Mexico","35023","1.7"
"Moore, Tennessee","47127","1.7"
"Tipton, Tennessee","47167","1.7"
"Pickens, South Carolina","45077","1.7"
"Jefferson, New York","36045","1.7"
"Roger Mills, Oklahoma","40129","1.7"
"Pickaway, Ohio","39129","1.7"
"McMinn, Tennessee","47107","1.7"
"Clay, Georgia","13061","1.7"
"Hartford, Connecticut","9003","1.7"
"Bradford, Pennsylvania","42015","1.7"
"Ware, Georgia","13299","1.7"
"Onslow, North Carolina","37133","1.7"
"Coke, Texas","48081","1.7"
"Runnels, Texas","48399","1.7"
"Brown, Texas","48049","1.7"
"Dale, Alabama","1045","1.7"
"Benton, Tennessee","47005","1.7"
"Clay, Arkansas","5021","1.7"
"Montgomery, Virginia","51121","1.7"
"Lake, Tennessee","47095","1.7"
"Schuyler, Missouri","29197","1.7"
"Hamilton, New York","36041","1.7"
"Fairfield, Ohio","39045","1.7"
"Butte, Idaho","16023","1.7"
"Stephens, Texas","48429","1.7"
"Avery, North Carolina","37011","1.7"
"Becker, Minnesota","27005","1.7"
"Monroe, Kentucky","21171","1.7"
"Isabella, Michigan","26073","1.7"
"Ross, Ohio","39141","1.7"
"Jefferson, Montana","30043","1.7"
"Chippewa, Wisconsin","55017","1.7"
"Comanche, Kansas","20033","1.7"
"Sullivan, Tennessee","47163","1.7"
"Barber, Kansas","20007","1.7"
"Wright, Minnesota","27171","1.7"
"Montour, Pennsylvania","42093","1.7"
"Livingston, Kentucky","21139","1.7"
"St. Louis, Minnesota","27137","1.7"
"Greene, New York","36039","1.7"
"Marshall, Mississippi","28093","1.7"
"Norton, Virginia","51720","1.7"
"Herkimer, New York","36043","1.7"
"Charlotte, Florida","12015","1.7"
"Smyth, Virginia","51173","1.7"
"Preston, West Virginia","54077","1.7"
"Grant, Wisconsin","55043","1.7"
"Windsor, Vermont","50027","1.7"
"Green, Kentucky","21087","1.7"
"Branch, Michigan","26023","1.7"
"McLean, Kentucky","21149","1.7"
"Marion, Florida","12083","1.7"
"Price, Wisconsin","55099","1.7"
"Carbon, Pennsylvania","42025","1.7"
"Boulder, Colorado","8013","1.7"
"Fulton, Ohio","39051","1.7"
"Camden, Missouri","29029","1.7"
"Le Sueur, Minnesota","27079","1.7"
"Lake, Michigan","26085","1.7"
"Upson, Georgia","13293","1.7"
"Pawnee, Nebraska","31133","1.7"
"Otsego, New York","36077","1.7"
"Grant, Arkansas","5053","1.7"
"Kenosha, Wisconsin","55059","1.7"
"Caddo, Louisiana","22017","1.7"
"Penobscot, Maine","23019","1.7"
"St. Joseph, Indiana","18141","1.7"
"St. Louis, Missouri","29510","1.7"
"Loudoun, Virginia","51107","1.7"
"Portsmouth, Virginia","51740","1.7"
"Warrick, Indiana","18173","1.7"
"Anne Arundel, Maryland","24003","1.7"
"Braxton, West Virginia","54007","1.7"
"Bullitt, Kentucky","21029","1.7"
"Jasper, Iowa","19099","1.7"
"Brown, Ohio","39015","1.7"
"Bolivar, Mississippi","28011","1.7"
"Anderson, Kentucky","21005","1.7"
"Craig, Oklahoma","40035","1.7"
"Lynchburg, Virginia","51680","1.7"
"Mason, West Virginia","54053","1.7"
"Cherokee, Georgia","13057","1.7"
"Calhoun, Alabama","1015","1.7"
"Fremont, Iowa","19071","1.7"
"Missoula, Montana","30063","1.7"
"Carroll, New Hampshire","33003","1.7"
"Osage, Missouri","29151","1.7"
"Douglas, Wisconsin","55031","1.7"
"Paulding, Georgia","13223","1.7"
"Essex, New York","36031","1.7"
"McLean, North Dakota","38055","1.7"
"Ottawa, Michigan","26139","1.7"
"Ravalli, Montana","30081","1.7"
"Oconee, Georgia","13219","1.7"
"Bedford, Pennsylvania","42009","1.7"
"Richland, Wisconsin","55103","1.7"
"Isle of Wight, Virginia","51093","1.7"
"Oliver, North Dakota","38065","1.7"
"Rock, Wisconsin","55105","1.7"
"Sherburne, Minnesota","27141","1.7"
"Rowan, Kentucky","21205","1.7"
"Marion, Illinois","17121","1.7"
"Taylor, Wisconsin","55119","1.7"
"Chatham, North Carolina","37037","1.7"
"Lowndes, Alabama","1085","1.7"
"Buffalo, Nebraska","31019","1.7"
"Atchison, Kansas","20005","1.7"
"Merrick, Nebraska","31121","1.7"
"Jefferson, West Virginia","54037","1.7"
"Lee, Arkansas","5077","1.7"
"Harrison, Kentucky","21097","1.7"
"Livingston, Missouri","29117","1.6"
"Berkeley, South Carolina","45015","1.6"
"Delaware, Iowa","19055","1.6"
"Carroll, Indiana","18015","1.6"
"Aiken, South Carolina","45003","1.6"
"George, Mississippi","28039","1.6"
"La Crosse, Wisconsin","55063","1.6"
"Vanderburgh, Indiana","18163","1.6"
"St. Clair, Missouri","29185","1.6"
"Berrien, Georgia","13019","1.6"
"Adams, Wisconsin","55001","1.6"
"Wahkiakum, Washington","53069","1.6"
"Burnett, Wisconsin","55013","1.6"
"Jackson, Louisiana","22049","1.6"
"Hamilton, Ohio","39061","1.6"
"Mifflin, Pennsylvania","42087","1.6"
"Chittenden, Vermont","50007","1.6"
"White, Arkansas","5145","1.6"
"Rhea, Tennessee","47143","1.6"
"Lapeer, Michigan","26087","1.6"
"Morrison, Minnesota","27097","1.6"
"Natrona, Wyoming","56025","1.6"
"Adams, Nebraska","31001","1.6"
"Meriwether, Georgia","13199","1.6"
"Licking, Ohio","39089","1.6"
"Tuscaloosa, Alabama","1125","1.6"
"Hill, Montana","30041","1.6"
"Baltimore, Maryland","24005","1.6"
"Hickman, Kentucky","21105","1.6"
"Jackson, Tennessee","47087","1.6"
"Outagamie, Wisconsin","55087","1.6"
"Indiana, Pennsylvania","42063","1.6"
"Nodaway, Missouri","29147","1.6"
"Madison, Ohio","39097","1.6"
"Dooly, Georgia","13093","1.6"
"Roane, Tennessee","47145","1.6"
"Harrison, Ohio","39067","1.6"
"Jefferson, Missouri","29099","1.6"
"Pine, Minnesota","27115","1.6"
"Walton, Georgia","13297","1.6"
"Dorchester, South Carolina","45035","1.6"
"Suffolk, Virginia","51800","1.6"
"Waushara, Wisconsin","55137","1.6"
"Dunn, Wisconsin","55033","1.6"
"Smith, Tennessee","47159","1.6"
"Izard, Arkansas","5065","1.6"
"Beaufort, South Carolina","45013","1.6"
"Clark, Illinois","17023","1.6"
"Coweta, Georgia","13077","1.6"
"Cass, North Dakota","38017","1.6"
"Pulaski, Indiana","18131","1.6"
"Mercer, Pennsylvania","42085","1.6"
"Cumberland, Kentucky","21057","1.6"
"Reynolds, Missouri","29179","1.6"
"Monroe, Pennsylvania","42089","1.6"
"Butler, Nebraska","31023","1.6"
"Drew, Arkansas","5043","1.6"
"Fannin, Georgia","13111","1.6"
"Eau Claire, Wisconsin","55035","1.6"
"Bell, Kentucky","21013","1.6"
"Niobrara, Wyoming","56027","1.6"
"Floyd, Iowa","19067","1.6"
"Ohio, Kentucky","21183","1.6"
"Fayette, West Virginia","54019","1.6"
"Rutherford, North Carolina","37161","1.6"
"Yellow Medicine, Minnesota","27173","1.6"
"Gates, North Carolina","37073","1.6"
"Leavenworth, Kansas","20103","1.6"
"Morris, New Jersey","34027","1.6"
"Moore, North Carolina","37125","1.6"
"Adams, Ohio","39001","1.6"
"Crawford, Wisconsin","55023","1.6"
"Johnson, Indiana","18081","1.6"
"Wilkes, North Carolina","37193","1.6"
"Silver Bow, Montana","30093","1.6"
"Haywood, North Carolina","37087","1.6"
"Stoddard, Missouri","29207","1.6"
"Calhoun, Iowa","19025","1.6"
"Petroleum, Montana","30069","1.6"
"Pike, Alabama","1109","1.6"
"Bourbon, Kentucky","21017","1.6"
"Marquette, Wisconsin","55077","1.6"
"Howard, Missouri","29089","1.6"
"Marion, Arkansas","5089","1.6"
"Kankakee, Illinois","17091","1.6"
"Hart, Kentucky","21099","1.6"
"Watauga, North Carolina","37189","1.6"
"Harrison, Indiana","18061","1.6"
"Hardin, Ohio","39065","1.6"
"Upshur, West Virginia","54097","1.6"
"Franklin, Indiana","18047","1.6"
"Pittsylvania, Virginia","51143","1.6"
"Yancey, North Carolina","37199","1.6"
"Clay, West Virginia","54015","1.6"
"Richland, South Carolina","45079","1.6"
"Jackson, Missouri","29095","1.6"
"Shenandoah, Virginia","51171","1.6"
"Vermilion, Illinois","17183","1.6"
"Guernsey, Ohio","39059","1.6"
"Sangamon, Illinois","17167","1.6"
"Halifax, North Carolina","37083","1.6"
"St. Tammany, Louisiana","22103","1.6"
"Ramsey, North Dakota","38071","1.6"
"Rensselaer, New York","36083","1.6"
"Blount, Alabama","1009","1.6"
"Gallatin, Montana","30031","1.6"
"Latah, Idaho","16057","1.6"
"Highland, Ohio","39071","1.6"
"Cumberland, Illinois","17035","1.6"
"Columbia, Oregon","41009","1.6"
"Monroe, Indiana","18105","1.6"
"McDonough, Illinois","17109","1.6"
"Henderson, Kentucky","21101","1.5"
"Lee, Georgia","13177","1.5"
"Knox, Kentucky","21121","1.5"
"Stephens, Oklahoma","40137","1.5"
"Marshall, Kansas","20117","1.5"
"Salem, New Jersey","34033","1.5"
"Kimble, Texas","48267","1.5"
"Fairfield, South Carolina","45039","1.5"
"Lackawanna, Pennsylvania","42069","1.5"
"Hardin, Texas","48199","1.5"
"Burlington, New Jersey","34005","1.5"
"Linn, Missouri","29115","1.5"
"Montmorency, Michigan","26119","1.5"
"Jasper, Illinois","17079","1.5"
"Orleans, Louisiana","22071","1.5"
"McClain, Oklahoma","40087","1.5"
"Broome, New York","36007","1.5"
"Northumberland, Pennsylvania","42097","1.5"
"Jones, Iowa","19105","1.5"
"Baca, Colorado","8009","1.5"
"Monmouth, New Jersey","34025","1.5"
"Jackson, Kansas","20085","1.5"

"undefined"