Demographics, US by County, Population, Asian/Pacific Islander (Both Sexes - 2014 to 2018), 2014 - 2018
Area,County FIPS,Percent
"Kalawao, Hawaii","15005","53.3"
"Honolulu, Hawaii","15003","52.0"
"Kauai, Hawaii","15007","43.0"
"Aleutians West, Alaska","2016","42.6"
"Maui, Hawaii","15009","40.2"
"Santa Clara, California","6085","36.2"
"Hawaii, Hawaii","15001","35.0"
"San Francisco, California","6075","34.5"
"Alameda, California","6001","30.4"
"San Mateo, California","6081","29.5"
"Aleutians East, Alaska","2013","26.4"
"Queens, New York","36081","25.3"
"Middlesex, New Jersey","34023","24.0"
"Kodiak Island, Alaska","2150","23.7"
"Orange, California","6059","20.4"
"Fort Bend, Texas","48157","19.9"
"Fairfax, Virginia","51059","19.1"
"Loudoun, Virginia","51107","18.1"
"King, Washington","53033","17.9"
"Howard, Maryland","24027","17.8"
"Somerset, New Jersey","34035","17.4"
"Fairfax, Virginia","51600","17.0"
"Contra Costa, California","6013","16.8"
"Sacramento, California","6067","16.7"
"Solano, California","6095","16.4"
"Bergen, New Jersey","34003","16.2"
"San Joaquin, California","6077","16.0"
"Sutter, California","6101","15.9"
"Hudson, New Jersey","34017","15.1"
"Los Angeles, California","6037","14.8"
"Montgomery, Maryland","24031","14.7"
"Collin, Texas","48085","14.5"
"Ramsey, Minnesota","27123","14.3"
"Yolo, California","6113","14.2"
"San Diego, California","6073","12.2"
"New York, New York","36061","12.1"
"Forsyth, Georgia","13117","11.9"
"Anchorage, Alaska","2020","11.9"
"Kings, New York","36047","11.8"
"DuPage, Illinois","17043","11.7"
"Middlesex, Massachusetts","25017","11.7"
"Gwinnett, Georgia","13135","11.4"
"Buena Vista, Iowa","19021","11.1"
"Snohomish, Washington","53061","10.9"
"Manassas Park, Virginia","51685","10.9"
"Mercer, New Jersey","34021","10.8"
"Norfolk, Massachusetts","25021","10.8"
"Champaign, Illinois","17019","10.7"
"Washington, Oregon","41067","10.6"
"Yakutat, Alaska","2282","10.6"
"Arlington, Virginia","51013","10.5"
"Fresno, California","6019","10.4"
"Clark, Nevada","32003","10.4"
"Morris, New Jersey","34027","10.2"
"Tompkins, New York","36109","10.1"
"Falls Church, Virginia","51610","10.1"
"Beadle, South Dakota","46005","9.3"
"Nassau, New York","36059","9.3"
"Washtenaw, Michigan","26161","9.1"
"Suffolk, Massachusetts","25025","8.8"
"Richmond, New York","36085","8.8"
"Whitman, Washington","53075","8.6"
"Denton, Texas","48121","8.4"
"Napa, California","6055","8.3"
"Prince William, Virginia","51153","8.3"
"Tippecanoe, Indiana","18157","8.2"
"Henrico, Virginia","51087","8.2"
"Atlantic, New Jersey","34001","8.1"
"Juneau, Alaska","2110","8.1"
"Moore, Texas","48341","7.9"
"Multnomah, Oregon","41051","7.9"
"Orange, North Carolina","37135","7.8"
"Merced, California","6047","7.7"
"Pierce, Washington","53053","7.7"
"Ketchikan Gateway, Alaska","2130","7.7"
"Story, Iowa","19169","7.7"
"Lake, Illinois","17097","7.6"
"Ventura, California","6111","7.5"
"Placer, California","6061","7.5"
"Montgomery, Pennsylvania","42091","7.5"
"North Slope, Alaska","2185","7.4"
"Benton, Oregon","41003","7.4"
"San Bernardino, California","6071","7.3"
"Sitka, Alaska","2220","7.3"
"Charlottesville, Virginia","51540","7.2"
"Yuba, California","6115","7.2"
"Philadelphia, Pennsylvania","42101","7.2"
"Oakland, Michigan","26125","7.2"
"Cook, Illinois","17031","7.2"
"Hennepin, Minnesota","27053","7.1"
"Harris, Texas","48201","7.0"
"Bartholomew, Indiana","18005","7.0"
"Wrangell-Petersburg, Alaska","2280","6.9"
"Fulton, Georgia","13121","6.9"
"Virginia Beach, Virginia","51810","6.7"
"Wake, North Carolina","37183","6.7"
"Riverside, California","6065","6.7"
"Montgomery, Virginia","51121","6.7"
"Travis, Texas","48453","6.6"
"Thurston, Washington","53067","6.6"
"Nobles, Minnesota","27105","6.6"
"Monroe, Indiana","18105","6.6"
"Williamson, Texas","48491","6.5"
"Williamsburg, Virginia","51830","6.5"
"Albany, New York","36001","6.5"
"Broomfield, Colorado","8014","6.5"
"Brazoria, Texas","48039","6.5"
"Ingham, Michigan","26065","6.5"
"Johnson, Iowa","19103","6.4"
"Centre, Pennsylvania","42027","6.4"
"Brazos, Texas","48041","6.3"
"Quitman, Georgia","13239","6.3"
"Scott, Minnesota","27139","6.2"
"Dallas, Texas","48113","6.2"
"Stanislaus, California","6099","6.2"
"Baltimore, Maryland","24005","6.1"
"Monterey, California","6053","6.1"
"Jefferson, Iowa","19101","6.1"
"Arapahoe, Colorado","8005","6.1"
"Alexandria, Virginia","51510","6.1"
"DeKalb, Georgia","13089","6.1"
"Westchester, New York","36119","6.0"
"Marin, California","6041","6.0"
"Alachua, Florida","12001","6.0"
"Rockland, New York","36087","5.9"
"Washoe, Nevada","32031","5.9"
"Delaware, Ohio","39041","5.9"
"Marathon, Wisconsin","55073","5.9"
"York, Virginia","51199","5.9"
"Dane, Wisconsin","55025","5.9"
"Olmsted, Minnesota","27109","5.9"
"Mecklenburg, North Carolina","37119","5.8"
"Hamilton, Indiana","18057","5.8"
"Camden, New Jersey","34007","5.8"
"Kitsap, Washington","53035","5.7"
"Manassas, Virginia","51683","5.7"
"Washington, Minnesota","27163","5.6"
"Delaware, Pennsylvania","42045","5.6"
"Sheboygan, Wisconsin","55117","5.6"
"Santa Barbara, California","6083","5.6"
"Potter, Texas","48375","5.5"
"Tarrant, Texas","48439","5.5"
"Monmouth, New Jersey","34025","5.5"
"New Castle, Delaware","10003","5.5"
"Salt Lake, Utah","49035","5.5"
"Will, Illinois","17197","5.4"
"Warren, Ohio","39165","5.4"
"Los Alamos, New Mexico","35028","5.4"
"Clark, Washington","53011","5.3"
"Clayton, Georgia","13063","5.3"
"Hampshire, Massachusetts","25015","5.3"
"Passaic, New Jersey","34031","5.3"
"Essex, New Jersey","34013","5.3"
"Fairfield, Connecticut","9001","5.3"
"Cobb, Georgia","13067","5.3"
"Albemarle, Virginia","51003","5.3"
"Douglas, Kansas","20045","5.2"
"Orange, Florida","12095","5.2"
"Riley, Kansas","20161","5.2"
"Chester, Pennsylvania","42029","5.2"
"McLean, Illinois","17113","5.2"
"Hartford, Connecticut","9003","5.2"
"Franklin, Ohio","39049","5.1"
"Union, New Jersey","34039","5.1"
"Island, Washington","53029","5.0"
"Johnson, Kansas","20091","5.0"
"Durham, North Carolina","37063","5.0"
"Guilford, North Carolina","37081","5.0"
"Burlington, New Jersey","34005","4.9"
"Worcester, Massachusetts","25027","4.9"
"Kern, California","6029","4.9"
"Calhoun, Texas","48057","4.8"
"Dakota, Minnesota","27037","4.8"
"Bucks, Pennsylvania","42017","4.7"
"Boulder, Colorado","8013","4.7"
"Schenectady, New York","36093","4.7"
"Montour, Pennsylvania","42093","4.7"
"El Dorado, California","6017","4.7"
"Washington, Arkansas","5143","4.7"
"Tolland, Connecticut","9013","4.7"
"Duval, Florida","12031","4.7"
"Santa Cruz, California","6087","4.7"
"Butte, California","6007","4.7"
"Wyandotte, Kansas","20209","4.6"
"Boone, Missouri","29019","4.6"
"Polk, Iowa","19153","4.6"
"Douglas, Colorado","8035","4.6"
"Fayette, Georgia","13113","4.6"
"Clackamas, Oregon","41005","4.5"
"Denali, Alaska","2068","4.5"
"Seminole, Florida","12117","4.5"
"Cleveland, Oklahoma","40027","4.5"
"Frederick, Maryland","24021","4.5"
"Payne, Oklahoma","40119","4.5"
"Benton, Arkansas","5007","4.4"
"Sedgwick, Kansas","20173","4.4"
"Dallas, Iowa","19049","4.4"
"Buena Vista, Virginia","51530","4.4"
"La Crosse, Wisconsin","55063","4.4"
"Whatcom, Washington","53073","4.4"
"Maricopa, Arizona","4013","4.4"
"Weston, Wyoming","56045","4.4"
"Sebastian, Arkansas","5131","4.4"
"Milwaukee, Wisconsin","55079","4.3"
"Sonoma, California","6097","4.3"
"Anoka, Minnesota","27003","4.3"
"Lancaster, Nebraska","31109","4.3"
"Broome, New York","36007","4.3"
"Providence, Rhode Island","44007","4.2"
"Kings, California","6031","4.2"
"New London, Connecticut","9011","4.2"
"Jefferson, Louisiana","22051","4.2"
"St. Louis, Missouri","29189","4.2"
"Williamson, Tennessee","47187","4.2"
"Prince George's, Maryland","24033","4.2"
"Lyon, Minnesota","27083","4.2"
"Catawba, North Carolina","37035","4.2"
"Dauphin, Pennsylvania","42043","4.2"
"Chittenden, Vermont","50007","4.2"
"Eau Claire, Wisconsin","55035","4.1"
"Valdez-Cordova, Alaska","2261","4.1"
"Hillsborough, New Hampshire","33011","4.1"
"Clarke, Georgia","13059","4.1"
"Warren, Kentucky","21227","4.1"
"Hillsborough, Florida","12057","4.1"
"Oconee, Georgia","13219","4.1"
"Lee, Alabama","1081","4.1"
"Columbia, Georgia","13073","4.1"
"Cumberland, Pennsylvania","42041","4.1"
"Geary, Kansas","20061","4.0"
"District of Columbia, District of Columbia","11001","4.0"
"Kane, Illinois","17089","4.0"
"Adams, Colorado","8001","4.0"
"New Haven, Connecticut","9009","4.0"
"Peoria, Illinois","17143","4.0"
"Chattahoochee, Georgia","13053","4.0"
"Oneida, New York","36065","4.0"
"Finney, Kansas","20055","4.0"
"Harrisonburg, Virginia","51660","4.0"
"Hunterdon, New Jersey","34019","4.0"
"Suffolk, New York","36103","3.9"
"Macomb, Michigan","26099","3.9"
"Denver, Colorado","8031","3.9"
"Grafton, New Hampshire","33009","3.8"
"Colonial Heights, Virginia","51570","3.8"
"Norfolk, Virginia","51710","3.8"
"Jefferson, Texas","48245","3.8"
"Louisa, Iowa","19115","3.8"
"Burke, North Carolina","37023","3.8"
"Phelps, Missouri","29161","3.8"
"Dimmit, Texas","48127","3.8"
"Anne Arundel, Maryland","24003","3.8"
"Plaquemines, Louisiana","22075","3.7"
"Douglas, Nebraska","31055","3.7"
"Tulare, California","6107","3.7"
"San Luis Obispo, California","6079","3.7"
"Fayette, Kentucky","21067","3.7"
"Cottonwood, Minnesota","27033","3.7"
"Onondaga, New York","36067","3.7"
"Union, Ohio","39159","3.7"
"Allegheny, Pennsylvania","42003","3.7"
"Allen, Indiana","18003","3.7"
"Dutchess, New York","36027","3.7"
"Lexington, Virginia","51678","3.7"
"Broward, Florida","12011","3.7"
"Bronx, New York","36005","3.7"
"Barrow, Georgia","13013","3.7"
"Monroe, New York","36055","3.6"
"Baker, Georgia","13007","3.6"
"Fairbanks North Star, Alaska","2090","3.6"
"Davidson, Tennessee","47037","3.6"
"Strafford, New Hampshire","33017","3.6"
"Bell, Texas","48027","3.6"
"Monongalia, West Virginia","54061","3.6"
"Del Norte, California","6015","3.6"
"Marshall, Iowa","19127","3.6"
"Erie, New York","36029","3.5"
"Mower, Minnesota","27099","3.5"
"Cabarrus, North Carolina","37025","3.5"
"Essex, Massachusetts","25009","3.5"
"Leon, Florida","12073","3.5"
"Waukesha, Wisconsin","55133","3.5"
"Outagamie, Wisconsin","55087","3.5"
"Oklahoma, Oklahoma","40109","3.5"
"Stafford, Virginia","51179","3.5"
"Norton, Virginia","51720","3.4"
"Henry, Georgia","13151","3.4"
"Chesapeake, Virginia","51550","3.4"
"Jackson, Illinois","17077","3.4"
"Humboldt, California","6023","3.4"
"Lehigh, Pennsylvania","42077","3.4"
"Newport News, Virginia","51700","3.4"
"Dakota, Nebraska","31043","3.4"
"Chesterfield, Virginia","51041","3.4"
"Columbia, Washington","53013","3.4"
"Pinellas, Florida","12103","3.4"
"Summit, Ohio","39153","3.3"
"McDonald, Missouri","29119","3.3"
"Wayne, Michigan","26163","3.3"
"Tulsa, Oklahoma","40143","3.3"
"Escambia, Florida","12033","3.3"
"Madison, Texas","48313","3.3"
"Saline, Nebraska","31151","3.3"
"Galveston, Texas","48167","3.3"
"Adams, North Dakota","38001","3.3"
"St. Louis, Missouri","29510","3.3"
"Kendall, Illinois","17093","3.3"
"Oktibbeha, Mississippi","28105","3.2"
"Hamilton, Iowa","19079","3.2"
"El Paso, Colorado","8041","3.2"
"Butler, Ohio","39017","3.2"
"Wicomico, Maryland","24045","3.2"
"Marion, Indiana","18097","3.2"
"Okaloosa, Florida","12091","3.2"
"Brown, Wisconsin","55009","3.2"
"Woodbury, Iowa","19193","3.2"
"East Baton Rouge, Louisiana","22033","3.2"
"Rutherford, Tennessee","47149","3.2"
"Garfield, Washington","53023","3.2"
"Lunenburg, Virginia","51111","3.2"
"Pulaski, Missouri","29169","3.1"
"San Benito, California","6069","3.1"
"Gloucester, New Jersey","34015","3.1"
"Elmore, Idaho","16039","3.1"
"Haines, Alaska","2100","3.1"
"Charles, Maryland","24017","3.1"
"Glenn, California","6021","3.1"
"Roanoke, Virginia","51770","3.1"
"Cass, North Dakota","38017","3.1"
"Shasta, California","6089","3.1"
"Johnson, Indiana","18081","3.1"
"Houghton, Michigan","26061","3.1"
"Texas, Oklahoma","40139","3.1"
"Middlesex, Connecticut","9007","3.1"
"Albany, Wyoming","56001","3.1"
"Greene, Ohio","39057","3.0"
"Churchill, Nevada","32001","3.0"
"Kent, Michigan","26081","3.0"
"Clay, Florida","12019","3.0"
"Cuyahoga, Ohio","39035","3.0"
"Canadian, Oklahoma","40017","3.0"
"Pima, Arizona","4019","3.0"
"Brown, South Dakota","46013","3.0"
"Socorro, New Mexico","35053","3.0"
"Seward, Kansas","20175","2.9"
"Comanche, Oklahoma","40031","2.9"
"Bexar, Texas","48029","2.9"
"St. Johns, Florida","12109","2.9"
"Saratoga, New York","36091","2.9"
"Craven, North Carolina","37049","2.9"
"Mineral, Nevada","32021","2.9"
"Marion, Oregon","41047","2.9"
"Brookings, South Dakota","46011","2.9"
"Houston, Georgia","13153","2.9"
"Redwood, Minnesota","27127","2.9"
"Richland, South Carolina","45079","2.9"
"Lane, Oregon","41039","2.9"
"Jackson, Minnesota","27063","2.9"
"Ada, Idaho","16001","2.9"
"Coryell, Texas","48099","2.9"
"Jefferson, Colorado","8059","2.9"
"Orleans, Louisiana","22071","2.9"
"Harrison, Mississippi","28047","2.9"
"Montgomery, Texas","48339","2.9"
"Roanoke, Virginia","51161","2.9"
"Osceola, Florida","12097","2.8"
"St. Mary's, Maryland","24037","2.8"
"Lake and Peninsula, Alaska","2164","2.8"
"Grand Forks, North Dakota","38035","2.8"
"Cumberland, North Carolina","37051","2.8"
"Northampton, Pennsylvania","42095","2.8"
"Athens, Ohio","39009","2.8"
"Roseau, Minnesota","27135","2.8"
"Portage, Wisconsin","55097","2.8"
"Carver, Minnesota","27019","2.8"
"Jefferson, Kentucky","21111","2.8"
"Platte, Missouri","29165","2.8"
"Trinity, California","6105","2.8"
"Hendricks, Indiana","18063","2.8"
"Union, North Carolina","37179","2.8"
"Carson City, Nevada","32510","2.8"
"Manitowoc, Wisconsin","55071","2.8"
"Winona, Minnesota","27169","2.7"
"Lee, Georgia","13177","2.7"
"Palm Beach, Florida","12099","2.7"
"Chatham, Georgia","13051","2.7"
"Toole, Montana","30101","2.7"
"Spokane, Washington","53063","2.7"
"Liberty, Georgia","13179","2.7"
"Montgomery, Alabama","1101","2.7"
"Hamilton, Ohio","39061","2.7"
"Montgomery, Tennessee","47125","2.7"
"McHenry, Illinois","17111","2.7"
"Winnebago, Wisconsin","55139","2.7"
"Warrick, Indiana","18173","2.7"
"Henry, Iowa","19087","2.7"
"Lynchburg, Virginia","51680","2.7"
"Harford, Maryland","24025","2.7"
"Hampton, Virginia","51650","2.7"
"Boone, Indiana","18011","2.7"
"Dunn, Wisconsin","55033","2.7"
"Bernalillo, New Mexico","35001","2.7"
"Scott, Iowa","19163","2.7"
"Ottawa, Michigan","26139","2.7"
"Orange, New York","36071","2.7"
"Lackawanna, Pennsylvania","42069","2.7"
"Warren, New Jersey","34041","2.7"
"Iberia, Louisiana","22045","2.7"
"Skagway-Hoonah-Angoon, Alaska","2232","2.6"
"Baltimore, Maryland","24510","2.6"
"Rock Island, Illinois","17161","2.6"
"Sumter, Alabama","1119","2.6"
"Spotsylvania, Virginia","51177","2.6"
"Rensselaer, New York","36083","2.6"
"Pasco, Florida","12101","2.6"
"Warren, Illinois","17187","2.6"
"Latah, Idaho","16057","2.6"
"Habersham, Georgia","13137","2.6"
"Black Hawk, Iowa","19013","2.6"
"Winnebago, Illinois","17201","2.6"
"Benton, Washington","53005","2.6"
"Madison, Alabama","1089","2.6"
"Madison, Mississippi","28089","2.6"
"Muscogee, Georgia","13215","2.6"
"Adair, Missouri","29001","2.6"
"Grand, Utah","49019","2.6"
"Sarpy, Nebraska","31153","2.6"
"Clay, South Dakota","46027","2.6"
"Kent, Rhode Island","44003","2.6"
"Shelby, Tennessee","47157","2.6"
"Cheyenne, Colorado","8017","2.5"
"DeKalb, Illinois","17037","2.5"
"Kalamazoo, Michigan","26077","2.5"
"Linn, Iowa","19113","2.5"
"Moody, South Dakota","46101","2.5"
"St. Charles, Missouri","29183","2.5"
"Flagler, Florida","12035","2.5"
"Vernon, Louisiana","22115","2.5"
"Rockwall, Texas","48397","2.5"
"Presidio, Texas","48377","2.5"
"Brevard, Florida","12009","2.5"
"Kittitas, Washington","53037","2.5"
"Divide, North Dakota","38023","2.5"
"Franklin, Washington","53021","2.5"
"Greenville, South Carolina","45045","2.5"
"Hardin, Kentucky","21093","2.5"
"Stevens, Minnesota","27149","2.5"
"Fredericksburg, Virginia","51630","2.5"
"Stewart, Georgia","13259","2.4"
"Hampden, Massachusetts","25013","2.4"
"Mono, California","6051","2.4"
"Calumet, Wisconsin","55015","2.4"
"Eaton, Michigan","26045","2.4"
"Midland, Michigan","26111","2.4"
"James City, Virginia","51095","2.4"
"Cache, Utah","49005","2.4"
"Davis, Utah","49011","2.4"
"Iredell, North Carolina","37097","2.4"
"Berkeley, South Carolina","45015","2.4"
"Polk, Oregon","41053","2.4"
"St. Joseph, Indiana","18141","2.4"
"Jackson, Mississippi","28059","2.4"
"St. Bernard, Louisiana","22087","2.4"
"Pacific, Washington","53049","2.4"
"Monroe, Pennsylvania","42089","2.4"
"Forsyth, North Carolina","37067","2.3"
"Wichita, Texas","48485","2.3"
"Terrell, Georgia","13273","2.3"
"Newton, Missouri","29145","2.3"
"Jeff Davis, Texas","48243","2.3"
"Blue Earth, Minnesota","27013","2.3"
"Taylor, Texas","48441","2.3"
"Onslow, North Carolina","37133","2.3"
"Rockdale, Georgia","13247","2.3"
"Saline, Kansas","20169","2.3"
"Calhoun, Michigan","26025","2.3"
"Larimer, Colorado","8069","2.3"
"Clay, Missouri","29047","2.3"
"Boone, Kentucky","21015","2.3"
"Southeast Fairbanks, Alaska","2240","2.3"
"Utah, Utah","49049","2.3"
"Logan, Arkansas","5083","2.3"
"Bay, Florida","12005","2.3"
"Freeborn, Minnesota","27047","2.3"
"Spartanburg, South Carolina","45083","2.3"
"Candler, Georgia","13043","2.3"
"Union, Oregon","41061","2.3"
"McDonough, Illinois","17109","2.3"
"Bristol, Massachusetts","25005","2.3"
"Ozaukee, Wisconsin","55089","2.3"
"Stearns, Minnesota","27145","2.2"
"Richmond, Virginia","51760","2.2"
"Minnehaha, South Dakota","46099","2.2"
"Coconino, Arizona","4005","2.2"
"Lancaster, Pennsylvania","42071","2.2"
"Madera, California","6039","2.2"
"Skagit, Washington","53057","2.2"
"Newport, Rhode Island","44005","2.2"
"Prince George, Virginia","51149","2.2"
"Rice, Minnesota","27131","2.2"
"Poweshiek, Iowa","19157","2.2"
"Midland, Texas","48329","2.2"
"Knox, Tennessee","47093","2.2"
"Camden, Georgia","13039","2.2"
"Pulaski, Arkansas","5119","2.2"
"Kleberg, Texas","48273","2.2"
"Garza, Texas","48169","2.2"
"Cochise, Arizona","4003","2.2"
"Mason, Texas","48319","2.2"
"Lubbock, Texas","48303","2.2"
"Pike, Alabama","1109","2.1"
"Washington, Oklahoma","40147","2.1"
"Jackson, Missouri","29095","2.1"
"Santa Rosa, Florida","12113","2.1"
"Lafayette, Florida","12067","2.1"
"Richmond, Georgia","13245","2.1"
"Mendocino, California","6045","2.1"
"Sussex, New Jersey","34037","2.1"
"Johnson, Missouri","29101","2.1"
"Lafayette, Mississippi","28071","2.1"
"Pinal, Arizona","4021","2.1"
"Hamilton, Tennessee","47065","2.1"
"Cumberland, Maine","23005","2.1"
"Montgomery, Ohio","39113","2.1"
"Lyon, Kansas","20111","2.1"
"Matagorda, Texas","48321","2.1"
"Putnam, New York","36079","2.1"
"Troup, Georgia","13285","2.1"
"Merrimack, New Hampshire","33013","2.1"
"Manatee, Florida","12081","2.1"
"Vermilion, Louisiana","22113","2.1"
"Wood, Wisconsin","55141","2.1"
"Nueces, Texas","48355","2.1"
"Lassen, California","6035","2.1"
"Chippewa, Minnesota","27023","2.1"
"Crawford, Iowa","19047","2.1"
"Washington, Rhode Island","44009","2.0"
"Ocean, New Jersey","34029","2.0"
"Greene, Missouri","29077","2.0"
"Pickens, South Carolina","45077","2.0"
"Nome, Alaska","2180","2.0"
"Sangamon, Illinois","17167","2.0"
"Shelby, Alabama","1117","2.0"
"Lake, Florida","12069","2.0"
"Christian, Kentucky","21047","2.0"
"York, South Carolina","45091","2.0"
"Guadalupe, Texas","48187","2.0"
"Nye, Nevada","32023","2.0"
"Rockingham, New Hampshire","33015","2.0"
"Kent, Delaware","10001","2.0"
"Johnson, Arkansas","5071","2.0"
"Saline, Missouri","29195","2.0"
"Ulster, New York","36111","2.0"
"St. Lucie, Florida","12111","2.0"
"Aransas, Texas","48007","2.0"
"Jefferson, Washington","53031","2.0"
"Mobile, Alabama","1097","2.0"
"Bibb, Georgia","13021","2.0"
"Crawford, Kansas","20037","2.0"
"Berrien, Michigan","26021","2.0"
"Bristol, Rhode Island","44001","2.0"
"Dorchester, South Carolina","45035","2.0"
"Poquoson, Virginia","51735","2.0"
"Jackson, Indiana","18071","2.0"
"Litchfield, Connecticut","9005","1.9"
"Portage, Ohio","39133","1.9"
"Washington, Maryland","24043","1.9"
"Grays Harbor, Washington","53027","1.9"
"Crawford, Arkansas","5033","1.9"
"Petroleum, Montana","30069","1.9"
"Columbia, New York","36021","1.9"
"Siskiyou, California","6093","1.9"
"Suffolk, Virginia","51800","1.9"
"Addison, Vermont","50001","1.9"
"Cherokee, Georgia","13057","1.9"
"Kenai Peninsula, Alaska","2122","1.9"
"Lowndes, Georgia","13185","1.9"
"Hancock, Ohio","39063","1.9"
"Vigo, Indiana","18167","1.9"
"Winchester, Virginia","51840","1.9"
"Stanly, North Carolina","37167","1.9"
"Hodgeman, Kansas","20083","1.9"
"Jefferson, New York","36045","1.9"
"Putnam, Indiana","18133","1.9"
"Bannock, Idaho","16005","1.9"
"Carroll, Arkansas","5015","1.9"
"Smith, Texas","48423","1.9"
"Garfield, Oklahoma","40047","1.9"
"Twin Falls, Idaho","16083","1.9"
"Coweta, Georgia","13077","1.9"
"Curry, New Mexico","35009","1.9"
"Franklin, Kentucky","21073","1.9"
"Bossier, Louisiana","22015","1.9"
"Salem, Virginia","51775","1.9"
"Calvert, Maryland","24009","1.9"
"Mason, Washington","53045","1.9"
"Pershing, Nevada","32027","1.8"
"Nacogdoches, Texas","48347","1.8"
"Camden, North Carolina","37029","1.8"
"Ward, North Dakota","38101","1.8"
"Walla Walla, Washington","53071","1.8"
"Treasure, Montana","30103","1.8"
"Berkshire, Massachusetts","25003","1.8"
"Douglas, Nevada","32005","1.8"
"Lake, South Dakota","46079","1.8"
"Inyo, California","6027","1.8"
"Colusa, California","6011","1.8"
"Nicollet, Minnesota","27103","1.8"
"Cass, Indiana","18017","1.8"
"Lexington, South Carolina","45063","1.8"
"Lucas, Ohio","39095","1.8"
"Washington, Texas","48477","1.8"
"Hudspeth, Texas","48229","1.8"
"McIntosh, Georgia","13191","1.8"
"Lafayette, Louisiana","22055","1.8"
"Volusia, Florida","12127","1.8"
"Pitt, North Carolina","37147","1.8"
"Blanco, Texas","48031","1.8"
"Carroll, Maryland","24013","1.8"
"Dade, Georgia","13083","1.8"
"Pasquotank, North Carolina","37139","1.8"
"Prince of Wales-Outer Ketchikan, Alaska","2201","1.8"
"Missoula, Montana","30063","1.7"
"Otero, New Mexico","35035","1.7"
"St. Tammany, Louisiana","22103","1.7"
"Daviess, Kentucky","21059","1.7"
"Sarasota, Florida","12115","1.7"
"Randall, Texas","48381","1.7"
"Cowley, Kansas","20035","1.7"
"Bulloch, Georgia","13031","1.7"
"McLennan, Texas","48309","1.7"
"Hall, Georgia","13139","1.7"
"Hanover, Virginia","51085","1.7"
"Childress, Texas","48075","1.7"
"Gregory, South Dakota","46053","1.7"
"Lake, Colorado","8065","1.7"
"Imperial, California","6025","1.7"
"Franklin, Massachusetts","25011","1.7"
"Fergus, Montana","30027","1.7"
"Yamhill, Oregon","41071","1.7"
"Mariposa, California","6043","1.7"
"Isabella, Michigan","26073","1.7"
"Summit, Utah","49043","1.7"
"Erie, Pennsylvania","42049","1.7"
"Citrus, Florida","12017","1.7"
"Moore, Tennessee","47127","1.7"
"Grand, Colorado","8049","1.7"
"Union, Pennsylvania","42119","1.7"
"Wood, Ohio","39173","1.7"
"Navarro, Texas","48349","1.7"
"Brewster, Texas","48043","1.7"
"Wayne, Utah","49055","1.7"
"Polk, Florida","12105","1.7"
"Reeves, Texas","48389","1.6"
"Jackson, Oregon","41029","1.6"
"Alamance, North Carolina","37001","1.6"
"Tuolumne, California","6109","1.6"
"Sandoval, New Mexico","35043","1.6"
"San Juan, Washington","53055","1.6"
"Dubuque, Iowa","19061","1.6"
"Washington, Utah","49053","1.6"
"Lincoln, Louisiana","22061","1.6"
"Matanuska-Susitna, Alaska","2170","1.6"
"Gaston, North Carolina","37071","1.6"
"Miami-Dade, Florida","12086","1.6"
"Floyd, Georgia","13115","1.6"
"Calloway, Kentucky","21035","1.6"
"York, Pennsylvania","42133","1.6"
"Wilson, Tennessee","47189","1.6"
"Hardy, West Virginia","54031","1.6"
"Modoc, California","6049","1.6"
"Tuscaloosa, Alabama","1125","1.6"
"Radford, Virginia","51750","1.6"
"Chemung, New York","36015","1.6"
"Washington, Tennessee","47179","1.6"
"Long, Georgia","13183","1.6"
"Jefferson, Alabama","1073","1.6"
"Sullivan, New York","36105","1.6"
"Weld, Colorado","8123","1.6"
"Marion, Florida","12083","1.6"
"Delaware, Indiana","18035","1.6"
"Pocahontas, Iowa","19151","1.6"
"Chatham, North Carolina","37037","1.6"
"Barnstable, Massachusetts","25001","1.6"
"Shelby, Texas","48419","1.6"
"Clinton, Michigan","26037","1.6"
"Tehama, California","6103","1.6"
"Clallam, Washington","53009","1.6"
"Douglas, Georgia","13097","1.6"
"Lee, Florida","12071","1.6"
"Hoke, North Carolina","37093","1.6"
"Pike, Pennsylvania","42103","1.6"
"Cape Girardeau, Missouri","29031","1.6"
"Wagoner, Oklahoma","40145","1.6"
"Wapello, Iowa","19179","1.6"
"Dillingham, Alaska","2070","1.6"
"Floyd, Iowa","19067","1.6"
"Wahkiakum, Washington","53069","1.6"
"Jackson, Georgia","13157","1.6"
"Shawnee, Kansas","20177","1.5"
"Woodruff, Arkansas","5147","1.5"
"Whitfield, Georgia","13313","1.5"
"Hood River, Oregon","41027","1.5"
"Cowlitz, Washington","53015","1.5"
"Hall, Nebraska","31079","1.5"
"Portsmouth, Virginia","51740","1.5"
"Porter, Indiana","18127","1.5"
"Blaine, Idaho","16013","1.5"
"Steuben, New York","36101","1.5"
"Davidson, North Carolina","37057","1.5"
"Highlands, Florida","12055","1.5"
"Fluvanna, Virginia","51065","1.5"
"Dallam, Texas","48111","1.5"
"Steele, Minnesota","27147","1.5"
"Montgomery, North Carolina","37123","1.5"
"Rogers, Oklahoma","40131","1.5"
"Mahaska, Iowa","19123","1.5"
"Henderson, North Carolina","37089","1.5"
"Covington, Virginia","51580","1.5"
"Johnson, Kentucky","21115","1.5"
"Jessamine, Kentucky","21113","1.5"
"Catoosa, Georgia","13047","1.5"
"Clinton, New York","36019","1.5"
"Faulkner, Arkansas","5045","1.5"
"Todd, South Dakota","46121","1.5"
"Morgan, Kentucky","21175","1.5"
"Jefferson, West Virginia","54037","1.5"
"Costilla, Colorado","8023","1.5"
"Greene, Virginia","51079","1.5"
"Mohave, Arizona","4015","1.5"
"Hartley, Texas","48205","1.5"
"Ford, Kansas","20057","1.5"
"San Miguel, New Mexico","35047","1.5"
"Lampasas, Texas","48281","1.5"
"Tift, Georgia","13277","1.5"
"Pitkin, Colorado","8097","1.5"
"Calaveras, California","6009","1.5"
"Amador, California","6005","1.5"
"Sedgwick, Colorado","8115","1.5"
"Cecil, Maryland","24015","1.5"
"Taylor, Georgia","13269","1.5"
"Bryan, Georgia","13029","1.5"
"Marion, Georgia","13197","1.5"
"Madison, Nebraska","31119","1.5"
"Culpeper, Virginia","51047","1.5"
"Alamosa, Colorado","8003","1.5"
"Baldwin, Georgia","13009","1.5"
"Grayson, Texas","48181","1.5"
"Moore, North Carolina","37125","1.5"
"Tallahatchie, Mississippi","28135","1.5"
"Fauquier, Virginia","51061","1.5"
"Charleston, South Carolina","45019","1.5"
"Nodaway, Missouri","29147","1.5"
"McCurtain, Oklahoma","40089","1.5"
"Perry, Kentucky","21193","1.5"
"Fairfield, Ohio","39045","1.5"
"Hays, Texas","48209","1.5"
"Kenosha, Wisconsin","55059","1.5"
"St. Mary, Louisiana","22101","1.5"
"Oldham, Kentucky","21185","1.5"
"Potter, South Dakota","46107","1.4"
"Madison, Iowa","19121","1.4"
"Leavenworth, Kansas","20103","1.4"
"Ontario, New York","36069","1.4"
"Lewis, Washington","53041","1.4"
"Beaufort, South Carolina","45013","1.4"
"Lake, Oregon","41037","1.4"
"Windham, Connecticut","9015","1.4"
"Florence, South Carolina","45041","1.4"
"New Hanover, North Carolina","37129","1.4"
"Price, Wisconsin","55099","1.4"
"Callaway, Missouri","29027","1.4"
"Malheur, Oregon","41045","1.4"
"Stark, North Dakota","38089","1.4"
"Gregg, Texas","48183","1.4"
"Gallatin, Montana","30031","1.4"
"Miami, Ohio","39109","1.4"
"Jackson, Oklahoma","40065","1.4"
"Lewis, Idaho","16061","1.4"
"Santa Fe, New Mexico","35049","1.4"
"Anderson, Tennessee","47001","1.4"
"Clatsop, Oregon","41007","1.4"
"Scott, Kansas","20171","1.4"
"Adams, Nebraska","31001","1.4"
"McDuffie, Georgia","13189","1.4"
"Elko, Nevada","32007","1.4"
"Craighead, Arkansas","5031","1.4"
"Yuma, Arizona","4027","1.4"
"Bedford, Virginia","51917","1.4"
"Union, Iowa","19175","1.4"
"Clay, Georgia","13061","1.4"
"Anson, North Carolina","37007","1.4"
"Walworth, South Dakota","46129","1.4"
"Lincoln, Oregon","41041","1.4"
"Alpine, California","6003","1.4"
"Berks, Pennsylvania","42011","1.4"
"Vanderburgh, Indiana","18163","1.4"
"Lake, Indiana","18089","1.4"
"Talbot, Maryland","24041","1.4"
"Ottawa, Oklahoma","40115","1.4"
"Hopewell, Virginia","51670","1.4"
"Sumner, Tennessee","47165","1.4"
"Montgomery, Arkansas","5097","1.4"
"Worcester, Maryland","24047","1.4"
"Weber, Utah","49057","1.4"
"Martin, Florida","12085","1.4"
"Calcasieu, Louisiana","22019","1.4"
"Lebanon, Pennsylvania","42075","1.4"
"Cheshire, New Hampshire","33005","1.4"
"Horry, South Carolina","45051","1.4"
"Teton, Wyoming","56039","1.4"
"Cole, Missouri","29051","1.4"
"Cumberland, New Jersey","34011","1.4"
"Cabell, West Virginia","54011","1.4"
"Monroe, Florida","12087","1.4"
"Buncombe, North Carolina","37021","1.4"
"Decatur, Indiana","18031","1.4"
"Madison, Arkansas","5087","1.4"
"Rapides, Louisiana","22079","1.4"
"Crenshaw, Alabama","1041","1.4"
"Rappahannock, Virginia","51157","1.4"
"Otsego, New York","36077","1.4"
"St. Clair, Illinois","17163","1.4"
"Frederick, Virginia","51069","1.4"
"Pennington, South Dakota","46103","1.4"
"Mineral, Montana","30061","1.4"
"Buffalo, Nebraska","31019","1.4"
"Coles, Illinois","17029","1.4"
"Staunton, Virginia","51790","1.4"
"Chippewa, Wisconsin","55017","1.3"
"Lawrence, South Dakota","46081","1.3"
"White Pine, Nevada","32033","1.3"
"Indian River, Florida","12061","1.3"
"San Miguel, Colorado","8113","1.3"
"Madison, Idaho","16065","1.3"
"Laramie, Wyoming","56021","1.3"
"Kent, Maryland","24029","1.3"
"Nuckolls, Nebraska","31129","1.3"
"Charlotte, Florida","12015","1.3"
"Plumas, California","6063","1.3"
"Clermont, Ohio","39025","1.3"
"Sussex, Delaware","10005","1.3"
"Caddo, Louisiana","22017","1.3"
"Lyon, Nevada","32019","1.3"
"Columbia, Oregon","41009","1.3"
"Luzerne, Pennsylvania","42079","1.3"
"Johnson, Texas","48251","1.3"
"Meade, South Dakota","46093","1.3"
"Buchanan, Missouri","29021","1.3"
"Cheyenne, Nebraska","31033","1.3"
"Racine, Wisconsin","55101","1.3"
"Kenton, Kentucky","21117","1.3"
"Tom Green, Texas","48451","1.3"
"Chambers, Texas","48071","1.3"
"Trego, Kansas","20195","1.3"
"El Paso, Texas","48141","1.3"
"Butler, Pennsylvania","42019","1.3"
"Wasatch, Utah","49051","1.3"
"Howard, Indiana","18067","1.3"
"Webster, Iowa","19187","1.3"
"Winneshiek, Iowa","19191","1.3"
"Tooele, Utah","49045","1.3"
"Walker, Texas","48471","1.3"
"Washington, Wisconsin","55131","1.3"
"Limestone, Alabama","1083","1.3"
"Kaufman, Texas","48257","1.3"
"Livingston, New York","36051","1.3"
"Harris, Georgia","13145","1.3"
"Medina, Ohio","39103","1.3"
"Rice, Kansas","20159","1.3"
"Sherburne, Minnesota","27141","1.3"
"Fond du Lac, Wisconsin","55039","1.3"
"Isanti, Minnesota","27059","1.3"
"Sumter, South Carolina","45085","1.3"
"York, Maine","23031","1.3"
"Wasco, Oregon","41065","1.3"
"Hernando, Florida","12053","1.3"
"Goochland, Virginia","51075","1.3"
"Glynn, Georgia","13127","1.3"
"Wayne, North Carolina","37191","1.3"
"Pend Oreille, Washington","53051","1.3"
"Saginaw, Michigan","26145","1.3"
"Harnett, North Carolina","37085","1.3"
"Putnam, Tennessee","47141","1.3"
"Dale, Alabama","1045","1.3"
"Coffee, Alabama","1031","1.3"
"Quay, New Mexico","35037","1.3"
"Niobrara, Wyoming","56027","1.3"
"Fall River, South Dakota","46047","1.3"
"King William, Virginia","51101","1.3"
"Delaware, Oklahoma","40041","1.3"
"Coos, Oregon","41011","1.3"
"Deschutes, Oregon","41017","1.3"
"Hunt, Texas","48231","1.3"
"Skamania, Washington","53059","1.3"
"Lamar, Mississippi","28073","1.3"
"Plymouth, Massachusetts","25023","1.3"
"Jasper, Missouri","29097","1.2"
"Bear Lake, Idaho","16007","1.2"
"Ware, Georgia","13299","1.2"
"Lincoln, Nevada","32017","1.2"
"Butler, Alabama","1013","1.2"
"Jefferson, Illinois","17081","1.2"
"Bradley, Tennessee","47011","1.2"
"Upson, Georgia","13293","1.2"
"Baker, Oregon","41001","1.2"
"Randolph, North Carolina","37151","1.2"
"Windham, Vermont","50025","1.2"
"Titus, Texas","48449","1.2"
"Ferry, Washington","53019","1.2"
"Sumter, Georgia","13261","1.2"
"Orange, Texas","48361","1.2"
"Searcy, Arkansas","5129","1.2"
"Madison, Georgia","13195","1.2"
"Lake, Ohio","39085","1.2"
"Pierce, Wisconsin","55093","1.2"
"Ellis, Kansas","20051","1.2"
"Bond, Illinois","17005","1.2"
"Morgan, Utah","49029","1.2"
"Alexander, North Carolina","37003","1.2"
"Rankin, Mississippi","28121","1.2"
"Carteret, North Carolina","37031","1.2"
"Gilliam, Oregon","41021","1.2"
"Murray, Minnesota","27101","1.2"
"Linn, Oregon","41043","1.2"
"Hamblen, Tennessee","47063","1.2"
"Victoria, Texas","48469","1.2"
"Chambers, Alabama","1017","1.2"
"Jenkins, Georgia","13165","1.2"
"Ector, Texas","48135","1.2"
"Union, South Dakota","46127","1.2"
"Banks, Georgia","13011","1.2"
"Watonwan, Minnesota","27165","1.2"
"Madison, Ohio","39097","1.2"
"Collier, Florida","12021","1.2"
"Kosciusko, Indiana","18085","1.2"
"Mesa, Colorado","8077","1.2"
"Montgomery, Kansas","20125","1.2"
"Zapata, Texas","48505","1.2"
"Wyandot, Ohio","39175","1.2"
"Meade, Kansas","20119","1.2"
"Stanley, South Dakota","46117","1.2"
"Chelan, Washington","53007","1.2"
"Winnebago, Iowa","19189","1.2"
"Nevada, California","6057","1.2"
"Tunica, Mississippi","28143","1.2"
"Carter, Oklahoma","40019","1.2"
"Danville, Virginia","51590","1.2"
"Castro, Texas","48069","1.2"
"Boise, Idaho","16015","1.2"
"Rock, Wisconsin","55105","1.2"
"Walton, Georgia","13297","1.2"
"Switzerland, Indiana","18155","1.2"
"Bremer, Iowa","19017","1.2"
"King George, Virginia","51099","1.2"
"Custer, Oklahoma","40039","1.2"
"Licking, Ohio","39089","1.2"
"Kiowa, Kansas","20097","1.2"
"Decatur, Iowa","19053","1.2"
"Butler, Kansas","20015","1.2"
"Newton, Georgia","13217","1.2"
"Angelina, Texas","48005","1.2"
"Columbia, Pennsylvania","42037","1.2"
"Saline, Arkansas","5125","1.2"
"Newton, Texas","48351","1.2"
"DeSoto, Mississippi","28033","1.2"
"Boone, Illinois","17007","1.2"
"Stewart, Tennessee","47161","1.1"
"Chippewa, Michigan","26033","1.1"
"Floyd, Indiana","18043","1.1"
"Rosebud, Montana","30087","1.1"
"Isle of Wight, Virginia","51093","1.1"
"Benton, Minnesota","27009","1.1"
"Williamson, Illinois","17199","1.1"
"Tillamook, Oregon","41057","1.1"
"Grant, Washington","53025","1.1"
"Bonneville, Idaho","16019","1.1"
"Hancock, Maine","23009","1.1"
"Penobscot, Maine","23019","1.1"
"San Patricio, Texas","48409","1.1"
"Okeechobee, Florida","12093","1.1"
"Lee, North Carolina","37105","1.1"
"Uvalde, Texas","48463","1.1"
"Warren, New York","36113","1.1"
"Caldwell, Texas","48055","1.1"
"Wright, Minnesota","27171","1.1"
"Yell, Arkansas","5149","1.1"
"Gordon, Georgia","13129","1.1"
"Washington, Florida","12133","1.1"
"Holmes, Florida","12059","1.1"
"Leon, Texas","48289","1.1"
"Concho, Texas","48095","1.1"
"Lincoln, Colorado","8073","1.1"
"St. Louis, Minnesota","27137","1.1"
"Ouachita, Louisiana","22073","1.1"
"Sweetwater, Wyoming","56037","1.1"
"Autauga, Alabama","1001","1.1"
"Lake, California","6033","1.1"
"Peach, Georgia","13225","1.1"
"Crisp, Georgia","13081","1.1"
"Laurens, Georgia","13175","1.1"
"Columbia, Arkansas","5027","1.1"
"Bowie, Texas","48037","1.1"
"Somervell, Texas","48425","1.1"
"Lamar, Texas","48277","1.1"
"Walton, Florida","12131","1.1"
"Madison, Florida","12079","1.1"
"St. Lawrence, New York","36089","1.1"
"Lee, Texas","48287","1.1"
"Ascension, Louisiana","22005","1.1"
"St. John the Baptist, Louisiana","22095","1.1"
"St. Charles, Louisiana","22089","1.1"
"Briscoe, Texas","48045","1.1"
"Comal, Texas","48091","1.1"
"Lorain, Ohio","39093","1.1"
"Routt, Colorado","8107","1.1"
"DeKalb, Alabama","1049","1.1"
"Dunn, North Dakota","38025","1.1"
"Douglas, Oregon","41019","1.1"
"Lancaster, South Carolina","45057","1.1"
"Klamath, Oregon","41035","1.1"
"Bethel, Alaska","2050","1.1"
"Richmond, North Carolina","37153","1.1"
"Buffalo, South Dakota","46017","1.1"
"Lincoln, South Dakota","46083","1.1"
"Barry, Missouri","29009","1.1"
"New Kent, Virginia","51127","1.1"
"Salem, New Jersey","34033","1.1"
"Jones, Iowa","19105","1.1"
"Watauga, North Carolina","37189","1.1"
"Jackson, Iowa","19097","1.1"
"Montrose, Colorado","8085","1.1"
"Petersburg, Virginia","51730","1.1"
"McKinley, New Mexico","35031","1.1"
"Taylor, Kentucky","21217","1.1"
"Cerro Gordo, Iowa","19033","1.1"
"Dona Ana, New Mexico","35013","1.1"
"Tazewell, Illinois","17179","1.1"
"St. Croix, Wisconsin","55109","1.1"
"Otero, Colorado","8089","1.1"
"Douglas, Wisconsin","55031","1.1"
"Stark, Illinois","17175","1.1"
"Bennington, Vermont","50003","1.1"
"Niagara, New York","36063","1.1"
"Gove, Kansas","20063","1.1"
"Greene, New York","36039","1.1"
"Warren, Virginia","51187","1.1"
"Waynesboro, Virginia","51820","1.1"
"Genesee, Michigan","26049","1.1"
"Allegany, New York","36003","1.1"
"Macon, Illinois","17115","1.1"
"Clear Creek, Colorado","8019","1.1"
"Walworth, Wisconsin","55127","1.1"
"Yavapai, Arizona","4025","1.1"
"Kanawha, West Virginia","54039","1.1"
"Elkhart, Indiana","18039","1.1"
"Josephine, Oregon","41033","1.1"
"Canyon, Idaho","16027","1.1"
"Emmons, North Dakota","38029","1.0"
"Effingham, Georgia","13103","1.0"
"Union, Indiana","18161","1.0"
"Wabash, Illinois","17185","1.0"
"Pennington, Minnesota","27113","1.0"
"Gilmer, West Virginia","54021","1.0"
"Northwest Arctic, Alaska","2188","1.0"
"Scotts Bluff, Nebraska","31157","1.0"
"Lincoln, Washington","53043","1.0"
"Edgar, Illinois","17045","1.0"
"Hidalgo, Texas","48215","1.0"
"Saline, Illinois","17165","1.0"
"Adams, Washington","53001","1.0"
"Umatilla, Oregon","41059","1.0"
"Craig, Oklahoma","40035","1.0"
"Coffee, Tennessee","47031","1.0"
"Hart, Georgia","13147","1.0"
"Clay, Minnesota","27027","1.0"
"Berkeley, West Virginia","54003","1.0"
"Page, Iowa","19145","1.0"
"Queen Anne's, Maryland","24035","1.0"
"Lander, Nevada","32015","1.0"
"Aiken, South Carolina","45003","1.0"
"Harvey, Kansas","20079","1.0"
"Russell, Alabama","1113","1.0"
"Jackson, Texas","48239","1.0"
"Storey, Nevada","32029","1.0"
"Elbert, Colorado","8039","1.0"
"Waller, Texas","48473","1.0"
"Cape May, New Jersey","34009","1.0"
"Sanpete, Utah","49039","1.0"
"Nantucket, Massachusetts","25019","1.0"
"Shelby, Kentucky","21211","1.0"
"Hutchinson, Texas","48233","1.0"
"Scott, Kentucky","21209","1.0"
"Asotin, Washington","53003","1.0"
"Woods, Oklahoma","40151","1.0"
"Wayne, Ohio","39169","1.0"
"Live Oak, Texas","48297","1.0"
"Indiana, Pennsylvania","42063","1.0"
"Rutland, Vermont","50021","1.0"
"Madison, New York","36053","1.0"
"Millard, Utah","49027","1.0"
"St. Martin, Louisiana","22099","1.0"
"Vermilion, Illinois","17183","1.0"
"Orangeburg, South Carolina","45075","1.0"
"Wayne, Indiana","18177","1.0"
"Muscatine, Iowa","19139","1.0"
"Washington, Pennsylvania","42125","1.0"
"Boundary, Idaho","16021","1.0"
"Rabun, Georgia","13241","1.0"
"Columbia, Florida","12023","1.0"
"McIntosh, North Dakota","38051","1.0"
"Polk, Minnesota","27119","1.0"
"Bailey, Texas","48017","1.0"
"Knox, Illinois","17095","1.0"
"Kennebec, Maine","23011","1.0"
"Teller, Colorado","8119","1.0"
"Dorchester, Maryland","24019","1.0"
"Lipscomb, Texas","48295","1.0"
"Pottawatomie, Kansas","20149","1.0"
"Paulding, Georgia","13223","1.0"
"Franklin, Florida","12037","1.0"
"Cascade, Montana","30013","1.0"
"Delta, Colorado","8029","1.0"
"DeKalb, Tennessee","47041","1.0"
"Brantley, Georgia","13025","1.0"
"Kerr, Texas","48265","1.0"
"Lincoln, Maine","23015","1.0"
"Marquette, Michigan","26103","1.0"
"Knox, Indiana","18083","1.0"
"Yakima, Washington","53077","1.0"
"Graham, Kansas","20065","1.0"
"Trinity, Texas","48455","1.0"
"Cleveland, North Carolina","37045","1.0"
"Somerset, Maryland","24039","1.0"
"Archuleta, Colorado","8007","1.0"
"Campbell, Kentucky","21037","1.0"
"Hancock, Georgia","13141","1.0"
"Park, Colorado","8093","1.0"
"Anderson, South Carolina","45007","1.0"
"Northampton, Virginia","51131","1.0"
"Sherman, Oregon","41055","1.0"
"Martin, North Carolina","37117","1.0"
"Bartow, Georgia","13015","1.0"
"Orange, Virginia","51137","1.0"
"Grant, Wisconsin","55043","1.0"
"Cumberland, Virginia","51049","1.0"
"Kankakee, Illinois","17091","1.0"
"Livingston, Michigan","26093","1.0"
"Limestone, Texas","48293","1.0"
"Nash, North Carolina","37127","1.0"
"Pope, Arkansas","5115","1.0"
"Madison, Tennessee","47113","1.0"
"Terrebonne, Louisiana","22109","1.0"
"Richland, Illinois","17159","1.0"
"Spalding, Georgia","13255","1.0"
"Madison, Kentucky","21151","1.0"
"Greene, Georgia","13133","1.0"
"Chisago, Minnesota","27025","1.0"
"Rock, Minnesota","27133","1.0"
"Nassau, Florida","12089","1.0"
"Okanogan, Washington","53047","1.0"
"Dougherty, Georgia","13095","1.0"
"Monroe, Illinois","17133","1.0"
"Douglas, Washington","53017","1.0"
"Carbon, Wyoming","56007","1.0"
"Shelby, Ohio","39149","1.0"
"Madison, Illinois","17119","1.0"
"Schoharie, New York","36095","0.9"
"Warren, Tennessee","47177","0.9"
"Halifax, North Carolina","37083","0.9"
"Brooks, Georgia","13027","0.9"
"Warren, Iowa","19181","0.9"
"Eagle, Colorado","8037","0.9"
"Grady, Georgia","13131","0.9"
"Forrest, Mississippi","28035","0.9"
"Hertford, North Carolina","37091","0.9"
"Clark, Indiana","18019","0.9"
"Kendall, Texas","48259","0.9"
"Mahoning, Ohio","39099","0.9"
"Beltrami, Minnesota","27007","0.9"
"Maury, Tennessee","47119","0.9"
"Lee, Mississippi","28081","0.9"
"O'Brien, Iowa","19141","0.9"
"Taylor, West Virginia","54091","0.9"
"Lonoke, Arkansas","5085","0.9"
"Wilkes, Georgia","13317","0.9"
"Cherokee, Oklahoma","40021","0.9"
"Blount, Tennessee","47009","0.9"
"Box Elder, Utah","49003","0.9"
"Westmoreland, Pennsylvania","42129","0.9"
"Gila, Arizona","4007","0.9"
"Mackinac, Michigan","26097","0.9"
"Crawford, Michigan","26039","0.9"
"Allegany, Maryland","24001","0.9"
"Kandiyohi, Minnesota","27067","0.9"
"Raleigh, West Virginia","54081","0.9"
"Cook, Minnesota","27031","0.9"
"Scott, Arkansas","5127","0.9"
"Ringgold, Iowa","19159","0.9"
"Pueblo, Colorado","8101","0.9"
"Logan, Ohio","39091","0.9"
"Morrow, Oregon","41049","0.9"
"Jerome, Idaho","16053","0.9"
"Bastrop, Texas","48021","0.9"
"Wichita, Kansas","20203","0.9"
"Caroline, Virginia","51033","0.9"
"Mercer, Kentucky","21167","0.9"
"Morgan, Missouri","29141","0.9"
"Windsor, Vermont","50027","0.9"
"Sevier, Tennessee","47155","0.9"
"Lowndes, Mississippi","28087","0.9"
"Bureau, Illinois","17011","0.9"
"Mille Lacs, Minnesota","27095","0.9"
"Kootenai, Idaho","16055","0.9"
"Santa Cruz, Arizona","4023","0.9"
"Cooke, Texas","48097","0.9"
"Taney, Missouri","29213","0.9"
"Crittenden, Arkansas","5035","0.9"
"Bourbon, Kansas","20011","0.9"
"Shenandoah, Virginia","51171","0.9"
"Howard, Texas","48227","0.9"
"Stark, Ohio","39151","0.9"
"Toombs, Georgia","13279","0.9"
"Marion, Missouri","29127","0.9"
"Claiborne, Tennessee","47025","0.9"
"Roberts, Texas","48393","0.9"
"Mercer, Ohio","39107","0.9"
"Avery, North Carolina","37011","0.9"
"Keith, Nebraska","31101","0.9"
"Hardee, Florida","12049","0.9"
"Christian, Illinois","17021","0.9"
"Palo Pinto, Texas","48363","0.9"
"Adams, Illinois","17001","0.9"
"Jefferson, Arkansas","5069","0.9"
"Macon, Tennessee","47111","0.9"
"Franklin, Georgia","13119","0.9"
"Frio, Texas","48163","0.9"
"Washington, Kentucky","21229","0.9"
"Boyle, Kentucky","21021","0.9"
"Rowan, North Carolina","37159","0.9"
"Garfield, Colorado","8045","0.9"
"Andrew, Missouri","29003","0.9"
"Mason, Kentucky","21161","0.9"
"Cass, Michigan","26027","0.9"
"Monroe, Georgia","13207","0.9"
"Nez Perce, Idaho","16069","0.9"
"Wilkes, North Carolina","37193","0.9"
"Pipestone, Minnesota","27117","0.9"
"Monroe, Wisconsin","55081","0.9"
"Calhoun, Alabama","1015","0.9"
"Fayette, Ohio","39047","0.9"
"Ripley, Indiana","18137","0.9"
"Coleman, Texas","48083","0.9"
"Marion, Iowa","19125","0.9"
"Kane, Utah","49025","0.9"
"Colquitt, Georgia","13071","0.9"
"Johnson, Nebraska","31097","0.9"
"Summit, Colorado","8117","0.9"
"Dyer, Tennessee","47045","0.9"
"Knox, Missouri","29103","0.9"
"Charlton, Georgia","13049","0.9"
"Sumter, Florida","12119","0.9"
"Houston, Alabama","1069","0.9"
"St. Clair, Alabama","1115","0.9"
"Tipton, Tennessee","47167","0.9"
"Jackson, Michigan","26075","0.9"
"Caswell, North Carolina","37033","0.9"
"Pendleton, Kentucky","21191","0.9"
"Carroll, Georgia","13045","0.8"
"Logan, Colorado","8075","0.8"
"Duchesne, Utah","49013","0.8"
"Livingston, Illinois","17105","0.8"
"Deer Lodge, Montana","30023","0.8"
"Silver Bow, Montana","30093","0.8"
"Yellowstone, Montana","30111","0.8"
"Platte, Nebraska","31141","0.8"
"Crook, Oregon","41013","0.8"
"Morgan, Illinois","17137","0.8"
"Muskogee, Oklahoma","40101","0.8"
"Ransom, North Dakota","38073","0.8"
"Etowah, Alabama","1055","0.8"
"Cameron, Pennsylvania","42023","0.8"
"Clarke, Virginia","51043","0.8"
"Adair, Oklahoma","40001","0.8"
"Payette, Idaho","16075","0.8"
"Goodhue, Minnesota","27049","0.8"
"Scotland, North Carolina","37165","0.8"
"Polk, Texas","48373","0.8"
"Calhoun, Florida","12013","0.8"
"Menard, Illinois","17129","0.8"
"Baker, Florida","12003","0.8"
"Franklin, Pennsylvania","42055","0.8"
"Seminole, Georgia","13253","0.8"
"Grundy, Illinois","17063","0.8"
"Holt, Missouri","29087","0.8"
"Putnam, Georgia","13237","0.8"
"Montgomery, New York","36057","0.8"
"Roane, Tennessee","47145","0.8"
"Ellis, Oklahoma","40045","0.8"
"Love, Oklahoma","40085","0.8"
"Clinton, Pennsylvania","42035","0.8"
"Sheridan, Nebraska","31161","0.8"
"Lamar, Georgia","13171","0.8"
"Erath, Texas","48143","0.8"
"Hinds, Mississippi","28049","0.8"
"Hopkins, Texas","48223","0.8"
"Gloucester, Virginia","51073","0.8"
"Colfax, Nebraska","31037","0.8"
"Tazewell, Virginia","51185","0.8"
"Evans, Georgia","13109","0.8"
"Overton, Tennessee","47133","0.8"
"Chaffee, Colorado","8015","0.8"
"Lauderdale, Mississippi","28075","0.8"
"Haskell, Texas","48207","0.8"
"Harrison, Texas","48203","0.8"
"Appling, Georgia","13001","0.8"
"Lynn, Texas","48305","0.8"
"Coffee, Georgia","13069","0.8"
"Botetourt, Virginia","51023","0.8"
"Simpson, Kentucky","21213","0.8"
"Nemaha, Nebraska","31127","0.8"
"Wilson, North Carolina","37195","0.8"
"Hood, Texas","48221","0.8"
"Fannin, Texas","48147","0.8"
"Turner, Georgia","13287","0.8"
"Boyd, Nebraska","31015","0.8"
"McCracken, Kentucky","21145","0.8"
"Stephenson, Illinois","17177","0.8"
"Marshall, Kansas","20117","0.8"
"McCreary, Kentucky","21147","0.8"
"Dinwiddie, Virginia","51053","0.8"
"Lake of the Woods, Minnesota","27077","0.8"
"Warren, Georgia","13301","0.8"
"Franklin, North Carolina","37069","0.8"
"Haralson, Georgia","13143","0.8"
"Bon Homme, South Dakota","46009","0.8"
"Pulaski, Kentucky","21199","0.8"
"Kit Carson, Colorado","8063","0.8"
"Washington, Vermont","50023","0.8"
"Valencia, New Mexico","35061","0.8"
"Graham, Arizona","4009","0.8"
"Rockingham, Virginia","51165","0.8"
"Polk, Arkansas","5113","0.8"
"Baldwin, Alabama","1003","0.8"
"Iowa, Wisconsin","55049","0.8"
"Thomas, Kansas","20193","0.8"
"Pontotoc, Oklahoma","40123","0.8"
"Tangipahoa, Louisiana","22105","0.8"
"Halifax, Virginia","51083","0.8"
"Kiowa, Oklahoma","40075","0.8"
"Burnet, Texas","48053","0.8"
"Sioux, Iowa","19167","0.8"
"Des Moines, Iowa","19057","0.8"
"Gallia, Ohio","39053","0.8"
"Pottawatomie, Oklahoma","40125","0.8"
"Meade, Kentucky","21163","0.8"
"Androscoggin, Maine","23001","0.8"
"Walker, Georgia","13295","0.8"
"Cortland, New York","36023","0.8"
"Beckham, Oklahoma","40009","0.8"
"Madison, Virginia","51113","0.8"
"Fannin, Georgia","13111","0.8"
"Carroll, New Hampshire","33003","0.8"
"Union, Georgia","13291","0.8"
"Campbell, Virginia","51031","0.8"
"Mecosta, Michigan","26107","0.8"
"Sequoyah, Oklahoma","40135","0.8"
"Gray, Texas","48179","0.8"
"Columbia, Wisconsin","55021","0.8"
"Franklin, Arkansas","5047","0.8"
"San Juan, New Mexico","35045","0.8"
"Delaware, New York","36025","0.8"
"Macon, North Carolina","37113","0.8"
"Dodge, Minnesota","27039","0.8"
"Sullivan, New Hampshire","33019","0.8"
"Cass, Missouri","29037","0.8"
"Montgomery, Indiana","18107","0.8"
"Belknap, New Hampshire","33001","0.8"
"Hardin, Ohio","39065","0.8"
"Logan, Illinois","17107","0.8"
"Oswego, New York","36075","0.8"
"Huntington, Indiana","18069","0.8"
"La Paz, Arizona","4012","0.8"
"McMinn, Tennessee","47107","0.8"
"Wayne, New York","36117","0.8"
"Lafourche, Louisiana","22057","0.8"
"Hancock, Indiana","18059","0.8"
"Orleans, New York","36073","0.8"
"Genesee, New York","36037","0.8"
"Buchanan, Virginia","51027","0.8"
"Richland, Ohio","39139","0.8"
"Medina, Texas","48325","0.8"
"McDowell, North Carolina","37111","0.8"
"Washburn, Wisconsin","55129","0.8"
"Yates, New York","36123","0.8"
"Lafayette, Missouri","29107","0.8"
"Jim Wells, Texas","48249","0.8"
"La Salle, Illinois","17099","0.8"
"Hancock, Tennessee","47067","0.8"
"Bullitt, Kentucky","21029","0.8"
"Cherokee, Kansas","20021","0.8"
"Cattaraugus, New York","36009","0.8"
"Parke, Indiana","18121","0.8"
"Clark, Kansas","20025","0.8"
"Bingham, Idaho","16011","0.8"
"Jefferson, Indiana","18077","0.8"
"Dickinson, Iowa","19059","0.8"
"Lac qui Parle, Minnesota","27073","0.8"
"Bonner, Idaho","16017","0.8"
"Henry, Kentucky","21103","0.8"
"Crawford, Illinois","17033","0.8"
"Lee, Illinois","17103","0.8"
"Douglas, Illinois","17041","0.8"
"Renville, North Dakota","38075","0.8"
"Greenwood, South Carolina","45047","0.8"
"Jefferson, Missouri","29099","0.8"
"Grant, Indiana","18053","0.8"
"Pierce, North Dakota","38069","0.8"
"Klickitat, Washington","53039","0.8"
"Calhoun, Illinois","17013","0.8"
"Hendry, Florida","12051","0.8"
"Chaves, New Mexico","35005","0.7"
"Marion, Mississippi","28091","0.7"
"Gray, Kansas","20069","0.7"
"Allen, Ohio","39003","0.7"
"Pulaski, Virginia","51155","0.7"
"Washington, Ohio","39167","0.7"
"Vernon, Missouri","29217","0.7"
"Perry, Missouri","29157","0.7"
"Piscataquis, Maine","23021","0.7"
"Henry, Virginia","51089","0.7"
"Tipton, Indiana","18159","0.7"
"Vance, North Carolina","37181","0.7"
"Cass, Minnesota","27021","0.7"
"Fremont, Colorado","8043","0.7"
"Sibley, Minnesota","27143","0.7"
"Putnam, West Virginia","54079","0.7"
"Navajo, Arizona","4017","0.7"
"Russell, Kansas","20167","0.7"
"Las Animas, Colorado","8071","0.7"
"Cherokee, South Carolina","45021","0.7"
"Deuel, Nebraska","31049","0.7"
"Wabaunsee, Kansas","20197","0.7"
"Wilbarger, Texas","48487","0.7"
"Livingston, Missouri","29117","0.7"
"Jefferson, Oregon","41031","0.7"
"Cherokee, Iowa","19035","0.7"
"Van Buren, Michigan","26159","0.7"
"Latimer, Oklahoma","40077","0.7"
"Sherman, Kansas","20181","0.7"
"Freestone, Texas","48161","0.7"
"Iron, Utah","49021","0.7"
"Fayette, Alabama","1057","0.7"
"Colleton, South Carolina","45029","0.7"
"Louisa, Virginia","51109","0.7"
"Seneca, New York","36099","0.7"
"Barron, Wisconsin","55005","0.7"
"Humphreys, Tennessee","47085","0.7"
"Butts, Georgia","13035","0.7"
"Natchitoches, Louisiana","22069","0.7"
"Lincoln, Montana","30053","0.7"
"Major, Oklahoma","40093","0.7"
"Henderson, Texas","48213","0.7"
"Branch, Michigan","26023","0.7"
"Ellis, Texas","48139","0.7"
"Mercer, Pennsylvania","42085","0.7"
"Gage, Nebraska","31067","0.7"
"Emery, Utah","49015","0.7"
"Stevens, Washington","53065","0.7"
"Morgan, Alabama","1103","0.7"
"Greenbrier, West Virginia","54025","0.7"
"Caroline, Maryland","24011","0.7"
"Morgan, Indiana","18109","0.7"
"Carroll, Illinois","17015","0.7"
"Sherman, Nebraska","31163","0.7"
"Eastland, Texas","48133","0.7"
"Davie, North Carolina","37059","0.7"
"Taylor, Iowa","19173","0.7"
"Oregon, Missouri","29149","0.7"
"Herkimer, New York","36043","0.7"
"Richland, Louisiana","22083","0.7"
"Delta, Texas","48119","0.7"
"Snyder, Pennsylvania","42109","0.7"
"Stutsman, North Dakota","38093","0.7"
"Fulton, New York","36035","0.7"
"Ashland, Ohio","39005","0.7"
"Boone, Iowa","19015","0.7"
"Pottawattamie, Iowa","19155","0.7"
"Natrona, Wyoming","56025","0.7"
"Ohio, West Virginia","54069","0.7"
"Tioga, New York","36107","0.7"
"Fisher, Texas","48151","0.7"
"Rockbridge, Virginia","51163","0.7"
"Graves, Kentucky","21083","0.7"
"San Juan, Utah","49037","0.7"
"Shelby, Indiana","18145","0.7"
"St. Clair, Michigan","26147","0.7"
"Cameron, Texas","48061","0.7"
"Dodge, Wisconsin","55027","0.7"
"Thurston, Nebraska","31173","0.7"
"Blair, Pennsylvania","42013","0.7"
"Cherokee, North Carolina","37039","0.7"
"Sauk, Wisconsin","55111","0.7"
"Burleigh, North Dakota","38015","0.7"
"Fayette, Tennessee","47047","0.7"
"Augusta, Virginia","51015","0.7"
"Cass, Illinois","17017","0.7"
"Jones, Georgia","13169","0.7"
"Barber, Kansas","20007","0.7"
"Atoka, Oklahoma","40005","0.7"
"Caledonia, Vermont","50005","0.7"
"Houston, Minnesota","27055","0.7"
"Custer, Nebraska","31041","0.7"
"McKenzie, North Dakota","38053","0.7"
"Henderson, Illinois","17071","0.7"
"Gem, Idaho","16045","0.7"
"Heard, Georgia","13149","0.7"
"Marion, South Carolina","45067","0.7"
"Stephens, Oklahoma","40137","0.7"
"Fallon, Montana","30025","0.7"
"Elk, Kansas","20049","0.7"
"Clark, Ohio","39023","0.7"
"Rockingham, North Carolina","37157","0.7"
"Starke, Indiana","18149","0.7"
"Flathead, Montana","30029","0.7"
"Warren, Missouri","29219","0.7"
"Brown, Texas","48049","0.7"
"Screven, Georgia","13251","0.7"
"Hampton, South Carolina","45049","0.7"
"Upton, Texas","48461","0.7"
"Luna, New Mexico","35029","0.7"
"Bolivar, Mississippi","28011","0.7"
"Lincoln, North Carolina","37109","0.7"
"Lewis and Clark, Montana","30049","0.7"
"Williams, North Dakota","38105","0.7"
"Loudon, Tennessee","47105","0.7"
"Spencer, Kentucky","21215","0.7"
"Gooding, Idaho","16047","0.7"
"Hardeman, Tennessee","47069","0.7"
"Franklin, New York","36033","0.7"
"Allegan, Michigan","26005","0.7"
"Pine, Minnesota","27115","0.7"
"Fayette, Iowa","19065","0.7"
"Jackson, Kansas","20085","0.7"
"White, Arkansas","5145","0.7"
"Oconee, South Carolina","45073","0.7"
"Gulf, Florida","12045","0.7"
"Towns, Georgia","13281","0.7"
"Emmet, Michigan","26047","0.7"
"Mercer, West Virginia","54055","0.7"
"Coos, New Hampshire","33007","0.7"
"Haskell, Oklahoma","40061","0.7"
"Hardin, Tennessee","47071","0.7"
"Mahnomen, Minnesota","27087","0.7"
"Clark, Arkansas","5019","0.7"
"Hancock, Kentucky","21091","0.7"
"Barnes, North Dakota","38003","0.7"
"Lauderdale, Alabama","1077","0.7"
"Lycoming, Pennsylvania","42081","0.7"
"Green, Wisconsin","55045","0.7"
"Marion, Illinois","17121","0.7"
"Val Verde, Texas","48465","0.7"
"Lewis, Tennessee","47101","0.7"
"Clinton, Iowa","19045","0.7"
"Independence, Arkansas","5063","0.7"
"Adams, Pennsylvania","42001","0.7"
"Walsh, North Dakota","38099","0.7"
"Surry, North Carolina","37171","0.7"
"Allen, Louisiana","22003","0.7"
"Morgan, Colorado","8087","0.7"
"Leelanau, Michigan","26089","0.7"
"West Feliciana, Louisiana","22125","0.7"
"Davis, Iowa","19051","0.7"
"Platte, Wyoming","56031","0.7"
"Allen, Kansas","20001","0.7"
"Harmon, Oklahoma","40057","0.7"
"Swift, Minnesota","27151","0.7"
"Bradford, Pennsylvania","42015","0.7"
"Avoyelles, Louisiana","22009","0.7"
"Clay, Kansas","20027","0.7"
"Effingham, Illinois","17049","0.7"
"Pike, Indiana","18125","0.7"
"Jefferson, Wisconsin","55055","0.7"
"Sheridan, Wyoming","56033","0.7"
"Dewey, Oklahoma","40043","0.7"
"DeSoto, Florida","12027","0.7"
"Jackson, North Carolina","37099","0.7"
"Cassia, Idaho","16031","0.7"
"Greene, Iowa","19073","0.7"
"Iosco, Michigan","26069","0.7"
"Curry, Oregon","41015","0.7"
"Morris, Kansas","20127","0.7"
"Butler, Nebraska","31023","0.7"
"Dubois, Indiana","18037","0.7"
"Rowan, Kentucky","21205","0.7"
"Hancock, Mississippi","28045","0.7"
"Buchanan, Iowa","19019","0.6"
"Essex, Vermont","50009","0.6"
"Otter Tail, Minnesota","27111","0.6"
"Iron, Michigan","26071","0.6"
"Dickinson, Michigan","26043","0.6"
"Forest, Wisconsin","55041","0.6"
"Kalkaska, Michigan","26079","0.6"
"McLeod, Minnesota","27085","0.6"
"Mason, Michigan","26105","0.6"
"Adams, Wisconsin","55001","0.6"
"Juneau, Wisconsin","55057","0.6"
"Vernon, Wisconsin","55123","0.6"
"Richland, Wisconsin","55103","0.6"
"Clay, Iowa","19041","0.6"
"Monroe, Michigan","26115","0.6"
"Geauga, Ohio","39055","0.6"
"LaPorte, Indiana","18091","0.6"
"Whiteside, Illinois","17195","0.6"
"Noble, Indiana","18113","0.6"
"Jasper, Iowa","19099","0.6"
"Pulaski, Indiana","18131","0.6"
"Cass, Iowa","19029","0.6"
"Fayette, Pennsylvania","42051","0.6"
"Marion, West Virginia","54049","0.6"
"Harrison, West Virginia","54033","0.6"
"Gentry, Missouri","29075","0.6"
"Barbour, West Virginia","54001","0.6"
"Dearborn, Indiana","18029","0.6"
"Clark, Illinois","17023","0.6"
"Westmoreland, Virginia","51193","0.6"
"Brown, Indiana","18013","0.6"
"Monroe, Missouri","29137","0.6"
"Lancaster, Virginia","51103","0.6"
"Trimble, Kentucky","21223","0.6"
"Ellsworth, Kansas","20053","0.6"
"Rush, Kansas","20165","0.6"
"McPherson, Kansas","20113","0.6"
"Nottoway, Virginia","51135","0.6"
"Perry, Illinois","17145","0.6"
"Brunswick, Virginia","51025","0.6"
"Franklin, Illinois","17055","0.6"
"Lee, Kentucky","21129","0.6"
"Reno, Kansas","20155","0.6"
"Marion, Kentucky","21155","0.6"
"Hopkins, Kentucky","21107","0.6"
"Polk, Missouri","29167","0.6"
"Pope, Illinois","17151","0.6"
"Morton, Kansas","20129","0.6"
"Christian, Missouri","29043","0.6"
"Robertson, Tennessee","47147","0.6"
"Hickman, Kentucky","21105","0.6"
"Sampson, North Carolina","37163","0.6"
"Mayes, Oklahoma","40097","0.6"
"Creek, Oklahoma","40037","0.6"
"Hemphill, Texas","48211","0.6"
"Chesterfield, South Carolina","45025","0.6"
"Cleburne, Arkansas","5023","0.6"
"White, Georgia","13311","0.6"
"Deaf Smith, Texas","48117","0.6"
"St. Francis, Arkansas","5123","0.6"
"Marshall, Alabama","1095","0.6"
"Pushmataha, Oklahoma","40127","0.6"
"Murray, Oklahoma","40099","0.6"
"Sevier, Arkansas","5133","0.6"
"Bryan, Oklahoma","40013","0.6"
"Washington, Georgia","13303","0.6"
"Leflore, Mississippi","28083","0.6"
"Washington, Mississippi","28151","0.6"
"Wise, Texas","48497","0.6"
"Union, Arkansas","5139","0.6"
"Sharkey, Mississippi","28125","0.6"
"Parker, Texas","48367","0.6"
"Upshur, Texas","48459","0.6"
"Gadsden, Florida","12039","0.6"
"Cook, Georgia","13075","0.6"
"Ward, Texas","48475","0.6"
"Adams, Mississippi","28001","0.6"
"Pike, Mississippi","28113","0.6"
"Union, Florida","12125","0.6"
"Wakulla, Florida","12129","0.6"
"Liberty, Texas","48291","0.6"
"Valley, Montana","30105","0.6"
"Daniels, Montana","30019","0.6"
"Benewah, Idaho","16009","0.6"
"Clearwater, Idaho","16035","0.6"
"Norman, Minnesota","27107","0.6"
"Lyman, South Dakota","46085","0.6"
"Dawes, Nebraska","31045","0.6"
"Plymouth, Iowa","19149","0.6"
"Norton, Kansas","20137","0.6"
"Brown, Kansas","20013","0.6"
"La Plata, Colorado","8067","0.6"
"Goliad, Texas","48175","0.6"
"Bristol Bay, Alaska","2060","0.6"
"Hubbard, Minnesota","27057","0.6"
"Yukon-Koyukuk, Alaska","2290","0.6"
"Sawyer, Wisconsin","55113","0.6"
"Becker, Minnesota","27005","0.6"
"Lamoille, Vermont","50015","0.6"
"Sagadahoc, Maine","23023","0.6"
"Vilas, Wisconsin","55125","0.6"
"Lewis, New York","36049","0.6"
"Alpena, Michigan","26007","0.6"
"Washington, New York","36115","0.6"
"Grand Traverse, Michigan","26055","0.6"
"Ogemaw, Michigan","26129","0.6"
"Wexford, Michigan","26165","0.6"
"Renville, Minnesota","27129","0.6"
"Huron, Michigan","26063","0.6"
"Bay, Michigan","26017","0.6"
"Brown, Minnesota","27015","0.6"
"Waseca, Minnesota","27161","0.6"
"Schuyler, New York","36097","0.6"
"Lapeer, Michigan","26087","0.6"
"Chautauqua, New York","36013","0.6"
"Muskegon, Michigan","26121","0.6"
"Wayne, Pennsylvania","42127","0.6"
"Allamakee, Iowa","19005","0.6"
"Tioga, Pennsylvania","42117","0.6"
"Barry, Michigan","26015","0.6"
"Butler, Iowa","19023","0.6"
"Clarion, Pennsylvania","42031","0.6"
"Ogle, Illinois","17141","0.6"
"Williams, Ohio","39171","0.6"
"Erie, Ohio","39043","0.6"
"Seneca, Ohio","39147","0.6"
"Beaver, Pennsylvania","42007","0.6"
"Henry, Illinois","17073","0.6"
"Crawford, Ohio","39033","0.6"
"Adair, Iowa","19001","0.6"
"Miami, Indiana","18103","0.6"
"Marion, Ohio","39101","0.6"
"Seward, Nebraska","31159","0.6"
"Lee, Iowa","19111","0.6"
"Champaign, Ohio","39021","0.6"
"Madison, Indiana","18095","0.6"
"Putnam, Missouri","29171","0.6"
"Mercer, Missouri","29129","0.6"
"Brown, Illinois","17009","0.6"
"Ross, Ohio","39141","0.6"
"Randolph, West Virginia","54083","0.6"
"Gunnison, Colorado","8051","0.6"
"Essex, Virginia","51057","0.6"
"Bracken, Kentucky","21023","0.6"
"Clinton, Illinois","17027","0.6"
"Franklin, Missouri","29071","0.6"
"Clark, Kentucky","21049","0.6"
"Prince Edward, Virginia","51147","0.6"
"Powell, Kentucky","21197","0.6"
"Hamilton, Illinois","17065","0.6"
"Bent, Colorado","8011","0.6"
"Mineral, Colorado","8079","0.6"
"Nelson, Kentucky","21179","0.6"
"Ste. Genevieve, Missouri","29186","0.6"
"Union, Kentucky","21225","0.6"
"Dare, North Carolina","37055","0.6"
"Smyth, Virginia","51173","0.6"
"Bertie, North Carolina","37015","0.6"
"Washington, Virginia","51191","0.6"
"Muhlenberg, Kentucky","21177","0.6"
"Webster, Missouri","29225","0.6"
"Sullivan, Tennessee","47163","0.6"
"Hawkins, Tennessee","47073","0.6"
"Carlisle, Kentucky","21039","0.6"
"Johnston, North Carolina","37101","0.6"
"Fentress, Tennessee","47049","0.6"
"Butler, Missouri","29023","0.6"
"Caldwell, North Carolina","37027","0.6"
"Pamlico, North Carolina","37137","0.6"
"Jefferson, Tennessee","47089","0.6"
"Madison, North Carolina","37115","0.6"
"Boone, Arkansas","5009","0.6"
"Robeson, North Carolina","37155","0.6"
"Mississippi, Arkansas","5093","0.6"
"Pender, North Carolina","37141","0.6"
"Lawrence, Tennessee","47099","0.6"
"Franklin, Tennessee","47051","0.6"
"Lincoln, Tennessee","47103","0.6"
"Brunswick, North Carolina","37019","0.6"
"Jackson, Alabama","1071","0.6"
"Dawson, Georgia","13085","0.6"
"Williamsburg, South Carolina","45089","0.6"
"Union, Mississippi","28145","0.6"
"Lamb, Texas","48279","0.6"
"Dallas, Arkansas","5039","0.6"
"Clay, Texas","48077","0.6"
"Talladega, Alabama","1121","0.6"
"Meriwether, Georgia","13199","0.6"
"Jasper, South Carolina","45053","0.6"
"Dallas, Alabama","1047","0.6"
"Van Zandt, Texas","48467","0.6"
"Smith, Mississippi","28129","0.6"
"Rusk, Texas","48401","0.6"
"Monroe, Alabama","1099","0.6"
"Anderson, Texas","48001","0.6"
"Early, Georgia","13099","0.6"
"Escambia, Alabama","1053","0.6"
"Pecos, Texas","48371","0.6"
"Jasper, Texas","48241","0.6"
"Bradford, Florida","12007","0.6"
"Putnam, Florida","12107","0.6"
"Hardin, Texas","48199","0.6"
"Levy, Florida","12075","0.6"
"Republic, Kansas","20157","0.6"
"Lake, Montana","30047","0.6"
"Idaho, Idaho","16049","0.6"
"Ravalli, Montana","30081","0.6"
"Yellow Medicine, Minnesota","27173","0.6"
"Beaverhead, Montana","30001","0.6"
"Park, Wyoming","56029","0.6"
"Big Horn, Wyoming","56003","0.6"
"Codington, South Dakota","46029","0.6"
"Jefferson, Idaho","16051","0.6"
"Dodge, Nebraska","31053","0.6"
"Phillips, Kansas","20147","0.6"
"Roosevelt, New Mexico","35041","0.6"
"Sierra, New Mexico","35051","0.6"
"Pike, Arkansas","5109","0.5"
"Falls, Texas","48145","0.5"
"Taliaferro, Georgia","13265","0.5"
"Jefferson, Ohio","39081","0.5"
"Milam, Texas","48331","0.5"
"Jefferson Davis, Louisiana","22053","0.5"
"Parmer, Texas","48369","0.5"
"Georgetown, South Carolina","45043","0.5"
"Lincoln, New Mexico","35027","0.5"
"Bee, Texas","48025","0.5"
"Washington, Maine","23029","0.5"
"Oldham, Texas","48359","0.5"
"Waldo, Maine","23027","0.5"
"Darke, Ohio","39037","0.5"
"Knox, Maine","23013","0.5"
"Colbert, Alabama","1033","0.5"
"Clearwater, Minnesota","27029","0.5"
"Atchison, Kansas","20005","0.5"
"Pittsburg, Oklahoma","40121","0.5"
"Le Flore, Oklahoma","40079","0.5"
"Grady, Oklahoma","40051","0.5"
"Wise, Virginia","51195","0.5"
"Gilmer, Georgia","13123","0.5"
"Powell, Montana","30077","0.5"
"Granville, North Carolina","37077","0.5"
"Laurens, South Carolina","45059","0.5"
"Washington, Colorado","8121","0.5"
"Darlington, South Carolina","45031","0.5"
"Warren, North Carolina","37185","0.5"
"Wheatland, Montana","30107","0.5"
"Columbus, North Carolina","37047","0.5"
"Carson, Texas","48065","0.5"
"Stanton, Nebraska","31167","0.5"
"Hart, Kentucky","21099","0.5"
"Chester, Tennessee","47023","0.5"
"Ziebach, South Dakota","46137","0.5"
"Hand, South Dakota","46059","0.5"
"Carroll, Tennessee","47017","0.5"
"Rutherford, North Carolina","37161","0.5"
"Pawnee, Oklahoma","40117","0.5"
"Preble, Ohio","39135","0.5"
"Minidoka, Idaho","16067","0.5"
"Person, North Carolina","37145","0.5"
"Jo Daviess, Illinois","17085","0.5"
"Dickson, Tennessee","47043","0.5"
"Houston, Tennessee","47083","0.5"
"Pickaway, Ohio","39129","0.5"
"Cheatham, Tennessee","47021","0.5"
"Lenoir, North Carolina","37107","0.5"
"Grundy, Missouri","29079","0.5"
"Wood, West Virginia","54107","0.5"
"Goshen, Wyoming","56015","0.5"
"Texas, Missouri","29215","0.5"
"Clinton, Ohio","39027","0.5"
"Fillmore, Minnesota","27045","0.5"
"Burt, Nebraska","31021","0.5"
"Kay, Oklahoma","40071","0.5"
"Wayne, Nebraska","31179","0.5"
"Carbon, Utah","49007","0.5"
"Furnas, Nebraska","31065","0.5"
"Ashe, North Carolina","37009","0.5"
"Rio Arriba, New Mexico","35039","0.5"
"Wright, Missouri","29229","0.5"
"Lawrence, Ohio","39087","0.5"
"Piatt, Illinois","17147","0.5"
"Holt, Nebraska","31089","0.5"
"Tyler, West Virginia","54095","0.5"
"Carbon, Pennsylvania","42025","0.5"
"Elk, Pennsylvania","42047","0.5"
"Cherry, Nebraska","31031","0.5"
"Crawford, Pennsylvania","42039","0.5"
"Ashtabula, Ohio","39007","0.5"
"Henry, Indiana","18065","0.5"
"Warren, Pennsylvania","42123","0.5"
"McKean, Pennsylvania","42083","0.5"
"Fayette, Illinois","17051","0.5"
"Owen, Indiana","18119","0.5"
"Randolph, Missouri","29175","0.5"
"Palo Alto, Iowa","19147","0.5"
"Lyon, Iowa","19119","0.5"
"Sullivan, Indiana","18153","0.5"
"Kossuth, Iowa","19109","0.5"
"Brooke, West Virginia","54009","0.5"
"Mitchell, Iowa","19131","0.5"
"Greenup, Kentucky","21089","0.5"
"Humboldt, Nevada","32013","0.5"
"Montcalm, Michigan","26117","0.5"
"Jackson, South Dakota","46071","0.5"
"Marshall, Illinois","17123","0.5"
"Lawrence, Indiana","18093","0.5"
"Fountain, Indiana","18045","0.5"
"Ottawa, Kansas","20143","0.5"
"Scott, Indiana","18143","0.5"
"Hughes, South Dakota","46065","0.5"
"Marshall, Indiana","18099","0.5"
"Bayfield, Wisconsin","55007","0.5"
"Grand Isle, Vermont","50013","0.5"
"Fremont, Idaho","16043","0.5"
"Barton, Kansas","20009","0.5"
"Washington, Idaho","16087","0.5"
"Perry, Indiana","18123","0.5"
"Grant, Oregon","41023","0.5"
"Auglaize, Ohio","39011","0.5"
"Cambria, Pennsylvania","42021","0.5"
"Le Sueur, Minnesota","27079","0.5"
"Morton, North Dakota","38059","0.5"
"Gosper, Nebraska","31073","0.5"
"Trempealeau, Wisconsin","55121","0.5"
"Posey, Indiana","18129","0.5"
"Gladwin, Michigan","26051","0.5"
"Mercer, North Dakota","38057","0.5"
"Carlton, Minnesota","27017","0.5"
"Ashland, Wisconsin","55003","0.5"
"Gates, North Carolina","37073","0.5"
"Clinton, Indiana","18023","0.5"
"Lawrence, Pennsylvania","42073","0.5"
"Mountrail, North Dakota","38061","0.5"
"Chowan, North Carolina","37041","0.5"
"Woodford, Illinois","17203","0.5"
"Cedar, Missouri","29039","0.5"
"Macon, Missouri","29121","0.5"
"Orange, Indiana","18117","0.5"
"Dent, Missouri","29065","0.5"
"Towner, North Dakota","38095","0.5"
"Chouteau, Montana","30015","0.5"
"Cayuga, New York","36011","0.5"
"Manistee, Michigan","26101","0.5"
"Sanders, Montana","30089","0.5"
"St. Joseph, Michigan","26149","0.5"
"Caldwell, Missouri","29025","0.5"
"Russell, Kentucky","21207","0.5"
"Pettis, Missouri","29159","0.5"
"Pierce, Nebraska","31139","0.5"
"Hill, Montana","30041","0.5"
"Amherst, Virginia","51009","0.5"
"Ouray, Colorado","8091","0.5"
"Bath, Kentucky","21011","0.5"
"Todd, Minnesota","27153","0.5"
"Webb, Texas","48479","0.5"
"Benzie, Michigan","26019","0.5"
"Menominee, Wisconsin","55078","0.5"
"Ripley, Missouri","29181","0.5"
"Garfield, Utah","49017","0.5"
"Door, Wisconsin","55029","0.5"
"Maverick, Texas","48323","0.5"
"Wilson, Texas","48493","0.5"
"Trumbull, Ohio","39155","0.5"
"Haywood, North Carolina","37087","0.5"
"Gibson, Tennessee","47053","0.5"
"Fayette, Texas","48149","0.5"
"Marion, Tennessee","47115","0.5"
"Huntingdon, Pennsylvania","42061","0.5"
"Polk, Wisconsin","55095","0.5"
"Caddo, Oklahoma","40015","0.5"
"Livingston, Louisiana","22063","0.5"
"Taylor, Florida","12123","0.5"
"Marinette, Wisconsin","55075","0.5"
"Presque Isle, Michigan","26141","0.5"
"Miami, Kansas","20121","0.5"
"Pickens, Georgia","13227","0.5"
"Kanabec, Minnesota","27065","0.5"
"Chattooga, Georgia","13055","0.5"
"Garland, Arkansas","5051","0.5"
"Sussex, Virginia","51183","0.5"
"Sullivan, Pennsylvania","42113","0.5"
"Morrison, Minnesota","27097","0.5"
"Coahoma, Mississippi","28027","0.5"
"Ralls, Missouri","29173","0.5"
"Hot Spring, Arkansas","5059","0.5"
"Lincoln, Mississippi","28085","0.5"
"Clearfield, Pennsylvania","42033","0.5"
"Audubon, Iowa","19009","0.5"
"Covington, Alabama","1039","0.5"
"Charlevoix, Michigan","26029","0.5"
"Pope, Minnesota","27121","0.5"
"Schuylkill, Pennsylvania","42107","0.5"
"Mitchell, Georgia","13205","0.5"
"Oneida, Wisconsin","55085","0.5"
"Cherokee, Texas","48073","0.5"
"Calhoun, Georgia","13037","0.5"
"Gogebic, Michigan","26053","0.5"
"Hancock, West Virginia","54029","0.5"
"Ida, Iowa","19093","0.5"
"Comanche, Texas","48093","0.5"
"Pike, Kentucky","21195","0.5"
"Clarke, Alabama","1025","0.5"
"Claiborne, Mississippi","28021","0.5"

"undefined"