Demographics, US by County, Income, Median Household Income (Both Sexes - 2014 to 2018), 2014 - 2018
Area,County FIPS,Dollars
"Loudoun, Virginia","51107","136268"
"Falls Church, Virginia","51610","124796"
"Fairfax, Virginia","51059","121133"
"Howard, Maryland","24027","117730"
"Arlington, Virginia","51013","117374"
"Santa Clara, California","6085","116178"
"Douglas, Colorado","8035","115314"
"Los Alamos, New Mexico","35028","115248"
"San Mateo, California","6081","113776"
"Hunterdon, New Jersey","34019","112535"
"Somerset, New Jersey","34035","111772"
"Fairfax, Virginia","51600","111574"
"Morris, New Jersey","34027","111316"
"Nassau, New York","36059","111240"
"Marin, California","6041","110217"
"Williamson, Tennessee","47187","109026"
"Stafford, Virginia","51179","106773"
"Montgomery, Maryland","24031","106287"
"Nantucket, Massachusetts","25019","105171"
"San Francisco, California","6075","104552"
"Delaware, Ohio","39041","104322"
"Calvert, Maryland","24009","104301"
"Prince William, Virginia","51153","103445"
"Putnam, New York","36079","102186"
"Forsyth, Georgia","13117","101743"
"Summit, Utah","49043","100453"
"Norfolk, Massachusetts","25021","99511"
"Carver, Minnesota","27019","97895"
"Anne Arundel, Maryland","24003","97810"
"Scott, Minnesota","27139","97744"
"Oldham, Kentucky","21185","97597"
"Fauquier, Virginia","51061","97469"
"Middlesex, Massachusetts","25017","97012"
"Poquoson, Virginia","51735","96831"
"Alexandria, Virginia","51510","96733"
"Chester, Pennsylvania","42029","96726"
"Suffolk, New York","36103","96675"
"Elbert, Colorado","8039","96658"
"Charles, Maryland","24017","95924"
"Bergen, New Jersey","34003","95837"
"Monmouth, New Jersey","34025","95699"
"Fort Bend, Texas","48157","95561"
"Rockwall, Texas","48397","94767"
"Hamilton, Indiana","18057","94644"
"Collin, Texas","48085","94192"
"Contra Costa, California","6013","93712"
"Lander, Nevada","32015","93583"
"Carroll, Maryland","24013","93363"
"Fairfield, Connecticut","9001","92969"
"Westchester, New York","36119","92758"
"Billings, North Dakota","38007","92604"
"Alameda, California","6001","92574"
"Washington, Minnesota","27163","92376"
"Queen Anne's, Maryland","24035","92167"
"Frederick, Maryland","24021","91999"
"Kendall, Illinois","17093","91764"
"Rockland, New York","36087","91108"
"Sussex, New Jersey","34037","90520"
"St. Mary's, Maryland","24037","90438"
"Rockingham, New Hampshire","33015","90429"
"York, Virginia","51199","90367"
"Goochland, Virginia","51075","89741"
"Broomfield, Colorado","8014","89624"
"King, Washington","53033","89418"
"Morgan, Utah","49029","89274"
"DuPage, Illinois","17043","88711"
"Hanover, Virginia","51085","88652"
"Oconee, Georgia","13219","88308"
"Juneau, Alaska","2110","88213"
"Montgomery, Pennsylvania","42091","88166"
"King George, Virginia","51099","87321"
"Fayette, Georgia","13113","87272"
"Williams, North Dakota","38105","86575"
"Lake, Illinois","17097","86244"
"Bucks, Pennsylvania","42017","86055"
"Middlesex, New Jersey","34023","85954"
"Harford, Maryland","24025","85942"
"Sherburne, Minnesota","27141","85818"
"Plymouth, Massachusetts","25023","85654"
"Aleutians West, Alaska","2016","85517"
"Orange, California","6059","85398"
"Spotsylvania, Virginia","51177","85330"
"Gloucester, New Jersey","34015","85160"
"Burlington, New Jersey","34005","84992"
"Tolland, Connecticut","9013","84916"
"Johnson, Kansas","20091","84915"
"McHenry, Illinois","17111","84803"
"Dallas, Iowa","19049","84790"
"Middlesex, Connecticut","9007","84761"
"Napa, California","6055","84753"
"Bristol Bay, Alaska","2060","84688"
"Eagle, Colorado","8037","84685"
"Placer, California","6061","84357"
"Waukesha, Wisconsin","55133","84331"
"Denali, Alaska","2068","84196"
"Ventura, California","6111","84017"
"Powhatan, Virginia","51145","83914"
"Teton, Wyoming","56039","83831"
"Williamson, Texas","48491","83679"
"Will, Illinois","17197","83504"
"Denton, Texas","48121","83376"
"Warren, Ohio","39165","83330"
"Dakota, Minnesota","27037","83288"
"Anchorage, Alaska","2020","83280"
"James City, Virginia","51095","83048"
"Honolulu, Hawaii","15003","82906"
"Ozaukee, Wisconsin","55089","82807"
"Union, Ohio","39159","82775"
"Snohomish, Washington","53061","82751"
"District of Columbia, District of Columbia","11001","82604"
"New York, New York","36061","82459"
"Kendall, Texas","48259","82390"
"Valdez-Cordova, Alaska","2261","82306"
"Borden, Texas","48033","81985"
"San Benito, California","6069","81977"
"Prince George's, Maryland","24033","81969"
"Wright, Minnesota","27171","81881"
"Loving, Texas","48301","81875"
"Lincoln, South Dakota","46083","81422"
"St. Charles, Missouri","29183","81411"
"Washington, Rhode Island","44009","81301"
"Monroe, Illinois","17133","81268"
"Daggett, Utah","49009","81250"
"St. Croix, Wisconsin","55109","81124"
"Livingston, Michigan","26093","80897"
"Saratoga, New York","36091","80839"
"McKenzie, North Dakota","38053","80732"
"Manassas Park, Virginia","51685","80667"
"El Dorado, California","6017","80582"
"Boone, Indiana","18011","80567"
"Chisago, Minnesota","27025","80409"
"Chesterfield, Virginia","51041","80214"
"Mercer, New Jersey","34021","79990"
"Geauga, Ohio","39055","79956"
"Anoka, Minnesota","27003","79923"
"Campbell, Wyoming","56005","79916"
"Mercer, North Dakota","38057","79890"
"New Kent, Virginia","51127","79698"
"Davis, Utah","49011","79690"
"Cherokee, Georgia","13057","79670"
"Sarpy, Nebraska","31153","79549"
"Brazoria, Texas","48039","79270"
"Richmond, New York","36085","79267"
"Jefferson, Colorado","8059","78943"
"Midland, Texas","48329","78888"
"Sublette, Wyoming","56035","78680"
"Hillsborough, New Hampshire","33011","78655"
"Boulder, Colorado","8013","78642"
"Kauai, Hawaii","15007","78482"
"Manassas, Virginia","51683","78462"
"Hendricks, Indiana","18063","78355"
"Litchfield, Connecticut","9005","78314"
"Kodiak Island, Alaska","2150","78281"
"Warren, New Jersey","34041","78145"
"Santa Cruz, California","6087","78041"
"Dutchess, New York","36027","78028"
"Washington, Oregon","41067","78010"
"Clarke, Virginia","51043","77936"
"Spencer, Kentucky","21215","77738"
"Eureka, Nevada","32011","77625"
"Solano, California","6095","77609"
"Summit, Colorado","8117","77589"
"Wasatch, Utah","49051","77449"
"Montgomery, Texas","48339","77416"
"St. Johns, Florida","12109","77323"
"Newport, Rhode Island","44005","77237"
"Elko, Nevada","32007","77209"
"Maui, Hawaii","15009","77117"
"Fairbanks North Star, Alaska","2090","77095"
"Union, New Jersey","34039","77095"
"Wake, North Carolina","37183","76956"
"Columbia, Georgia","13073","76938"
"Kane, Illinois","17089","76912"
"Platte, Missouri","29165","76912"
"Chambers, Texas","48071","76850"
"Sonoma, California","6097","76753"
"Orange, New York","36071","76716"
"Clackamas, Oregon","41005","76597"
"Ascension, Louisiana","22005","76589"
"Jefferson, West Virginia","54037","76503"
"Oakland, Michigan","26125","76387"
"Matanuska-Susitna, Alaska","2170","75905"
"Essex, Massachusetts","25009","75878"
"Glasscock, Texas","48173","75833"
"Chesapeake, Virginia","51550","75790"
"Shelby, Alabama","1117","75761"
"Stark, North Dakota","38089","75708"
"Bristol, Rhode Island","44001","75578"
"North Slope, Alaska","2185","75431"
"Union, North Carolina","37179","75397"
"Albemarle, Virginia","51003","75394"
"Comal, Texas","48091","75356"
"Cobb, Georgia","13067","75153"
"Gilpin, Colorado","8047","75120"
"Boone, Kentucky","21015","75043"
"Burke, North Dakota","38013","74931"
"Fluvanna, Virginia","51065","74931"
"Olmsted, Minnesota","27109","74880"
"San Diego, California","6073","74855"
"Parker, Texas","48367","74625"
"Warren, Iowa","19181","74383"
"Routt, Colorado","8107","74273"
"Harris, Georgia","13145","74261"
"Medina, Ohio","39103","74243"
"Andrews, Texas","48003","74233"
"Virginia Beach, Virginia","51810","74186"
"Grundy, Illinois","17063","74140"
"Baltimore, Maryland","24005","74127"
"Hennepin, Minnesota","27053","74113"
"Washington, Wisconsin","55131","74062"
"Arapahoe, Colorado","8005","73925"
"Roberts, Texas","48393","73854"
"Frederick, Virginia","51069","73250"
"Hancock, Indiana","18059","73142"
"Culpeper, Virginia","51047","73116"
"Sweetwater, Wyoming","56037","73008"
"Garfield, Colorado","8045","72898"
"Cecil, Maryland","24015","72845"
"Calumet, Wisconsin","55015","72530"
"Merrimack, New Hampshire","33013","72478"
"Isanti, Minnesota","27059","72473"
"Wilson, Texas","48493","72445"
"Hartford, Connecticut","9003","72321"
"Ellis, Texas","48139","72213"
"Pierce, Wisconsin","55093","72111"
"Worcester, Massachusetts","25027","71895"
"Woodford, Illinois","17203","71867"
"Travis, Texas","48453","71767"
"Stanley, South Dakota","46117","71763"
"Madison, Mississippi","28089","71690"
"Dodge, Minnesota","27039","71669"
"Santa Barbara, California","6083","71657"
"Clark, Washington","53011","71636"
"Kitsap, Washington","53035","71610"
"Southeast Fairbanks, Alaska","2240","71541"
"Delaware, Pennsylvania","42045","71539"
"Sitka, Alaska","2220","71534"
"Wilson, Tennessee","47189","71513"
"Scott, Kansas","20171","71394"
"Isle of Wight, Virginia","51093","71376"
"New London, Connecticut","9011","71368"
"Bryan, Georgia","13029","71322"
"Pitkin, Colorado","8097","71244"
"Salt Lake, Utah","49035","71230"
"Dukes, Massachusetts","25007","71224"
"Leavenworth, Kansas","20103","71184"
"Canadian, Oklahoma","40017","71157"
"Cass, Nebraska","31025","71139"
"Tooele, Utah","49045","71020"
"New Castle, Delaware","10003","70996"
"Guadalupe, Texas","48187","70931"
"Weld, Colorado","8123","70908"
"Washington, Nebraska","31177","70753"
"Coweta, Georgia","13077","70717"
"San Luis Obispo, California","6079","70699"
"Mountrail, North Dakota","38061","70678"
"Suffolk, Virginia","51800","70664"
"Strafford, New Hampshire","33017","70650"
"Warrick, Indiana","18173","70648"
"Barnstable, Massachusetts","25001","70621"
"Dane, Wisconsin","55025","70541"
"Dunn, North Dakota","38025","70500"
"Reagan, Texas","48383","70478"
"Grand, Colorado","8049","70469"
"Utah, Utah","49049","70408"
"Crane, Texas","48103","70398"
"Humboldt, Nevada","32013","70373"
"Ketchikan Gateway, Alaska","2130","70356"
"Kent, Rhode Island","44003","70223"
"Carson, Texas","48065","70087"
"Clear Creek, Colorado","8019","69936"
"Chittenden, Vermont","50007","69896"
"Martin, Texas","48317","69722"
"Burleigh, North Dakota","38015","69719"
"Cumberland, Maine","23005","69708"
"Aleutians East, Alaska","2013","69706"
"Thurston, Washington","53067","69592"
"Grand Isle, Vermont","50013","69583"
"Union, South Dakota","46127","69563"
"Washtenaw, Michigan","26161","69434"
"Galveston, Texas","48167","69369"
"Piatt, Illinois","17147","69271"
"Mills, Iowa","19129","69177"
"Miami, Kansas","20121","69150"
"Menard, Illinois","17129","69102"
"Cumberland, Pennsylvania","42041","68895"
"Teton, Idaho","16081","68818"
"Yoakum, Texas","48501","68814"
"McMullen, Texas","48311","68750"
"King William, Virginia","51101","68720"
"Johnson, Indiana","18081","68712"
"Henry, Georgia","13151","68609"
"Henrico, Virginia","51087","68572"
"Edmunds, South Dakota","46045","68551"
"Orange, Virginia","51137","68481"
"Butler, Pennsylvania","42019","68472"
"Rappahannock, Virginia","51157","68438"
"Botetourt, Virginia","51023","68410"
"Belknap, New Hampshire","33001","68368"
"Clay, Missouri","29047","68367"
"Oliver, North Dakota","38065","68333"
"Orange, North Carolina","37135","68211"
"Warren, Virginia","51187","68189"
"Renville, North Dakota","38075","68182"
"Porter, Indiana","18127","68044"
"Bremer, Iowa","19017","68023"
"Ocean, New Jersey","34029","68021"
"Pierce, Washington","53053","67868"
"Gwinnett, Georgia","13135","67769"
"Ward, North Dakota","38101","67753"
"St. Tammany, Louisiana","22103","67706"
"Larimer, Colorado","8069","67664"
"Cass, Missouri","29037","67659"
"Cavalier, North Dakota","38019","67591"
"Seward, Nebraska","31159","67591"
"Morton, North Dakota","38059","67584"
"Adams, Colorado","8001","67575"
"Northampton, Pennsylvania","42095","67565"
"Clinton, Michigan","26037","67482"
"Ottawa, Michigan","26139","67468"
"Le Sueur, Minnesota","27079","67451"
"Randall, Texas","48381","67397"
"Richland, Montana","30083","67272"
"Talbot, Maryland","24041","67204"
"Sargent, North Dakota","38081","67200"
"Sioux, Iowa","19167","67178"
"New Haven, Connecticut","9009","67128"
"Camden, New Jersey","34007","67118"
"Greene, Ohio","39057","67109"
"Hampshire, Massachusetts","25015","67044"
"Monroe, Florida","12087","67023"
"Mathews, Virginia","51115","67009"
"Prince George, Virginia","51149","67001"
"Scott, Kentucky","21209","66966"
"Grundy, Iowa","19075","66965"
"Boone, Illinois","17007","66898"
"Jefferson, Montana","30043","66867"
"Park, Colorado","8093","66861"
"Uintah, Utah","49047","66736"
"Saunders, Nebraska","31155","66718"
"Gloucester, Virginia","51073","66701"
"Kenai Peninsula, Alaska","2122","66684"
"Monterey, California","6053","66676"
"St. Charles, Louisiana","22089","66620"
"Armstrong, Texas","48011","66563"
"Passaic, New Jersey","34031","66476"
"Paulding, Georgia","13223","66467"
"Nassau, Florida","12089","66297"
"Hudson, New Jersey","34017","66289"
"Currituck, North Carolina","37053","66284"
"Santa Rosa, Florida","12113","66242"
"Fairfield, Ohio","39045","66175"
"Bristol, Massachusetts","25005","66157"
"Polk, Iowa","19153","66044"
"Hays, Texas","48209","65935"
"Yolo, California","6113","65923"
"Skagway-Hoonah-Angoon, Alaska","2232","65907"
"Rensselaer, New York","36083","65851"
"Steele, North Dakota","38091","65848"
"Yakutat, Alaska","2282","65833"
"McLean, Illinois","17113","65813"
"Dawson, Georgia","13085","65805"
"Cedar, Iowa","19031","65791"
"Rice, Minnesota","27131","65758"
"Collier, Florida","12021","65675"
"Benton, Washington","53005","65650"
"McLean, North Dakota","38055","65648"
"York, Maine","23031","65538"
"Benton, Iowa","19011","65475"
"Roanoke, Virginia","51161","65467"
"Lee, Georgia","13177","65420"
"Kaufman, Texas","48257","65390"
"Teller, Colorado","8119","65382"
"Austin, Texas","48015","65365"
"Columbia, Wisconsin","55021","65348"
"El Paso, Colorado","8041","65334"
"St. Louis, Missouri","29189","65300"
"Madison, Ohio","39097","65264"
"DeSoto, Mississippi","28033","65169"
"Effingham, Georgia","13103","65153"
"Wabasha, Minnesota","27157","65138"
"King, Texas","48269","65125"
"Dearborn, Indiana","18029","65096"
"Addison, Vermont","50001","65093"
"Bowman, North Dakota","38011","65063"
"Hamlin, South Dakota","46057","65050"
"Putnam, Illinois","17155","65034"
"Nicollet, Minnesota","27103","65027"
"Clinton, Illinois","17027","65010"
"Clay, Minnesota","27027","65000"
"Queens, New York","36081","64987"
"Greene, Virginia","51079","64979"
"Pembina, North Dakota","38067","64962"
"Tarrant, Texas","48439","64874"
"Linn, Iowa","19113","64862"
"Clermont, Ohio","39025","64822"
"Island, Washington","53029","64809"
"Fulton, Georgia","13121","64787"
"Windham, Connecticut","9015","64774"
"Goodhue, Minnesota","27049","64765"
"Caroline, Virginia","51033","64715"
"Alpine, California","6003","64688"
"Pottawatomie, Kansas","20149","64657"
"Weber, Utah","49057","64636"
"Sumner, Tennessee","47165","64631"
"Ward, Texas","48475","64630"
"Suffolk, Massachusetts","25025","64582"
"Rankin, Mississippi","28121","64557"
"Albany, New York","36001","64535"
"Lincoln, Wyoming","56023","64519"
"Madison, Iowa","19121","64512"
"Pickens, Georgia","13227","64512"
"Adams, Pennsylvania","42001","64507"
"McClain, Oklahoma","40087","64492"
"San Miguel, Colorado","8113","64478"
"Archer, Texas","48009","64476"
"Gray, Kansas","20069","64426"
"La Plata, Colorado","8067","64372"
"Lyon, Iowa","19119","64352"
"Haines, Alaska","2100","64342"
"Multnomah, Oregon","41051","64337"
"Mecklenburg, North Carolina","37119","64312"
"Salem, New Jersey","34033","64309"
"Plymouth, Iowa","19149","64296"
"Franklin, Vermont","50011","64258"
"Los Angeles, California","6037","64251"
"Pike, Pennsylvania","42103","64247"
"Shelby, Kentucky","21211","64240"
"Laramie, Wyoming","56021","64220"
"Cabarrus, North Carolina","37025","64174"
"Benton, Arkansas","5007","64141"
"Crook, Wyoming","56011","64055"
"Hamilton, Nebraska","31081","64042"
"Sully, South Dakota","46119","64028"
"Riverside, California","6065","63948"
"Slope, North Dakota","38087","63942"
"Monroe, Pennsylvania","42089","63931"
"Converse, Wyoming","56009","63923"
"Duchesne, Utah","49013","63919"
"York, Pennsylvania","42133","63902"
"Sacramento, California","6067","63902"
"Rutherford, Tennessee","47149","63846"
"Leelanau, Michigan","26089","63831"
"Lancaster, Pennsylvania","42071","63823"
"Denver, Colorado","8031","63793"
"Schenectady, New York","36093","63785"
"Stillwater, Montana","30095","63785"
"Hemphill, Texas","48211","63778"
"Seminole, Florida","12117","63760"
"Cape May, New Jersey","34009","63690"
"Deschutes, Oregon","41017","63680"
"Jefferson, Wisconsin","55055","63676"
"Marshall, South Dakota","46091","63594"
"Hughes, South Dakota","46065","63564"
"Outagamie, Wisconsin","55087","63536"
"Chatham, North Carolina","37037","63531"
"Lake, Ohio","39085","63475"
"Madison, Alabama","1089","63417"
"Ontario, New York","36069","63359"
"Butler, Ohio","39017","63358"
"Camden, North Carolina","37029","63349"
"Ulster, New York","36111","63348"
"Oldham, Texas","48359","63315"
"Fredericksburg, Virginia","51630","63274"
"Butler, Kansas","20015","63272"
"Nevada, California","6057","63240"
"Livingston, Louisiana","22063","63159"
"Grafton, New Hampshire","33009","63153"
"Ada, Idaho","16001","63137"
"Kewaunee, Wisconsin","55061","63118"
"Beaufort, South Carolina","45013","63110"
"Blanco, Texas","48031","63071"
"Cheshire, New Hampshire","33005","63057"
"Hanson, South Dakota","46061","63036"
"Columbia, New York","36021","63032"
"Jefferson, Missouri","29099","63030"
"Mono, California","6051","63018"
"White Pine, Nevada","32033","62993"
"Eddy, New Mexico","35015","62982"
"Northwest Arctic, Alaska","2188","62949"
"Rogers, Oklahoma","40131","62949"
"Bastrop, Texas","48021","62941"
"Hood River, Oregon","41027","62935"
"Traill, North Dakota","38097","62870"
"Skagit, Washington","53057","62865"
"Cleveland, Oklahoma","40027","62863"
"Winneshiek, Iowa","19191","62820"
"Iowa, Wisconsin","55049","62785"
"Wakulla, Florida","12129","62778"
"Sibley, Minnesota","27143","62761"
"Steele, Minnesota","27147","62731"
"Licking, Ohio","39089","62715"
"Green, Wisconsin","55045","62699"
"Stanton, Nebraska","31167","62687"
"Park, Wyoming","56029","62666"
"Clay, Florida","12019","62653"
"McHenry, North Dakota","38049","62637"
"Woodford, Kentucky","21239","62629"
"Wayne, Nebraska","31179","62623"
"Platte, Nebraska","31141","62617"
"Posey, Indiana","18129","62583"
"Gosper, Nebraska","31073","62545"
"Grant, South Dakota","46051","62532"
"Morgan, Georgia","13211","62530"
"Douglas, Nevada","32005","62503"
"Jackson, Georgia","13157","62495"
"Eaton, Michigan","26045","62474"
"Perkins, Nebraska","31135","62469"
"Morgan, Indiana","18109","62462"
"Nelson, Virginia","51125","62446"
"York, South Carolina","45091","62431"
"Tazewell, Illinois","17179","62342"
"Ramsey, Minnesota","27123","62304"
"Storey, Nevada","32029","62284"
"Perry, Pennsylvania","42099","62266"
"Juab, Utah","49023","62237"
"McCook, South Dakota","46087","62234"
"Ouray, Colorado","8091","62230"
"Pickaway, Ohio","39129","62214"
"Lehigh, Pennsylvania","42077","62178"
"Saline, Arkansas","5125","62152"
"Douglas, Georgia","13097","62147"
"Sagadahoc, Maine","23023","62131"
"Lewis and Clark, Montana","30049","62130"
"Holmes, Ohio","39075","62111"
"Washington, Vermont","50023","62108"
"Cook, Illinois","17031","62088"
"Johnson, Texas","48251","62066"
"Okaloosa, Florida","12091","62048"
"Logan, Oklahoma","40083","62035"
"Cass, North Dakota","38017","62031"
"Franklin, Washington","53021","62002"
"Putnam, Ohio","39137","62001"
"Richland, North Dakota","38077","61990"
"Polk, Nebraska","31143","61962"
"Kalawao, Hawaii","15005","61875"
"Meeker, Minnesota","27093","61856"
"Ransom, North Dakota","38073","61810"
"Jefferson, Kansas","20087","61793"
"Robertson, Tennessee","47147","61774"
"Washington, Iowa","19183","61769"
"Baker, Florida","12003","61769"
"Auglaize, Ohio","39011","61758"
"Floyd, Indiana","18043","61754"
"Wise, Texas","48497","61709"
"Dorchester, South Carolina","45035","61698"
"Douglas, Nebraska","31055","61688"
"Johnson, Iowa","19103","61640"
"Lincoln, Missouri","29113","61628"
"Maricopa, Arizona","4013","61606"
"Kenton, Kentucky","21117","61606"
"Washington, Pennsylvania","42125","61567"
"Wagoner, Oklahoma","40145","61566"
"Bedford, Virginia","51917","61541"
"Berks, Pennsylvania","42011","61522"
"Monroe, Michigan","26115","61514"
"Gallatin, Montana","30031","61499"
"Grand Traverse, Michigan","26055","61485"
"Brown, Indiana","18013","61455"
"Buchanan, Iowa","19019","61409"
"Dubuque, Iowa","19061","61321"
"Augusta, Virginia","51015","61305"
"McLeod, Minnesota","27085","61275"
"Amador, California","6005","61198"
"Delaware, Iowa","19055","61179"
"Hancock, Iowa","19081","61167"
"Washoe, Nevada","32031","61155"
"Whitley, Indiana","18183","61153"
"Warren, Indiana","18171","61148"
"Ohio, Indiana","18115","61148"
"Worcester, Maryland","24047","61145"
"San Joaquin, California","6077","61145"
"Carroll, New Hampshire","33003","61116"
"Boone, Iowa","19015","61111"
"Walworth, Wisconsin","55127","61106"
"DeKalb, Illinois","17037","61086"
"Medina, Texas","48325","61059"
"Mineral, Colorado","8079","61058"
"Shelby, Ohio","39149","61042"
"Charleston, South Carolina","45019","61028"
"Barry, Michigan","26015","61016"
"Greenlee, Arizona","4011","60962"
"Kenosha, Wisconsin","55059","60929"
"Dickey, North Dakota","38021","60918"
"Wrangell-Petersburg, Alaska","2280","60917"
"West Baton Rouge, Louisiana","22121","60908"
"Sussex, Delaware","10005","60853"
"Sullivan, New Hampshire","33019","60780"
"Fallon, Montana","30025","60750"
"Tioga, New York","36107","60736"
"San Juan, Washington","53055","60711"
"Ector, Texas","48135","60676"
"Douglas, Minnesota","27041","60676"
"LaGrange, Indiana","18087","60675"
"Kingfisher, Oklahoma","40073","60656"
"Berkeley, West Virginia","54003","60615"
"Foster, North Dakota","38031","60613"
"Stearns, Minnesota","27145","60606"
"Natrona, Wyoming","56025","60550"
"Sutton, Texas","48435","60543"
"Bullitt, Kentucky","21029","60534"
"Goliad, Texas","48175","60492"
"Macomb, Michigan","26099","60466"
"Sangamon, Illinois","17167","60466"
"Douglas, Washington","53017","60452"
"Wabaunsee, Kansas","20197","60450"
"Millard, Utah","49027","60445"
"Carlton, Minnesota","27017","60390"
"Lamoille, Vermont","50015","60365"
"Kent, Michigan","26081","60351"
"Jackson, Texas","48239","60276"
"Fulton, Ohio","39051","60231"
"Madison, New York","36053","60228"
"Carbon, Wyoming","56007","60206"
"Tipton, Tennessee","47167","60167"
"San Bernardino, California","6071","60164"
"Jefferson, Idaho","16051","60162"
"Orange, Vermont","50017","60159"
"Harris, Texas","48201","60146"
"Divide, North Dakota","38023","60074"
"Harrison, Iowa","19085","60063"
"Minnehaha, South Dakota","46099","60028"
"Berkeley, South Carolina","45015","59995"
"Atlantic, New Jersey","34001","59989"
"Brown, Wisconsin","55009","59963"
"Palm Beach, Florida","12099","59943"
"Box Elder, Utah","49003","59937"
"Hall, Georgia","13139","59898"
"Rock, Minnesota","27133","59890"
"Allegan, Michigan","26005","59883"
"Bottineau, North Dakota","38009","59882"
"Ray, Missouri","29177","59857"
"Dawson, Montana","30021","59820"
"Rockingham, Virginia","51165","59817"
"Warren, New York","36113","59813"
"Lea, New Mexico","35025","59797"
"Wood, Ohio","39173","59789"
"Campbell, Kentucky","21037","59782"
"York, Nebraska","31185","59779"
"Racine, Wisconsin","55101","59749"
"Washington, Maryland","24043","59719"
"Columbia, Oregon","41009","59714"
"Franklin, Pennsylvania","42055","59713"
"Ogle, Illinois","17141","59707"
"Roseau, Minnesota","27135","59644"
"Lafayette, Wisconsin","55065","59629"
"Putnam, West Virginia","54079","59626"
"Banner, Nebraska","31007","59625"
"Moultrie, Illinois","17139","59623"
"Caribou, Idaho","16029","59611"
"Lexington, South Carolina","45063","59593"
"Jasper, Indiana","18073","59574"
"Alfalfa, Oklahoma","40003","59569"
"Marathon, Wisconsin","55073","59543"
"Franklin, Massachusetts","25011","59522"
"Lake, Minnesota","27075","59516"
"Yamhill, Oregon","41071","59484"
"Washington, Illinois","17189","59469"
"Fillmore, Minnesota","27045","59451"
"LaMoure, North Dakota","38045","59426"
"Sandoval, New Mexico","35043","59420"
"Mercer, Ohio","39107","59417"
"Kingsbury, South Dakota","46077","59375"
"Fond du Lac, Wisconsin","55039","59373"
"Elmore, Alabama","1051","59347"
"Louisa, Virginia","51109","59343"
"Genesee, New York","36037","59338"
"Wyoming, Pennsylvania","42131","59308"
"Essex, New Jersey","34013","59302"
"Hawaii, Hawaii","15001","59297"
"Aurora, South Dakota","46003","59293"
"Sterling, Texas","48431","59286"
"Whatcom, Washington","53073","59285"
"Hartley, Texas","48205","59280"
"DeKalb, Georgia","13089","59280"
"Becker, Minnesota","27005","59278"
"Midland, Michigan","26111","59271"
"Burnet, Texas","48053","59238"
"Lake, South Dakota","46079","59232"
"Onondaga, New York","36067","59225"
"Meade, South Dakota","46093","59218"
"Shelby, Indiana","18145","59214"
"Santa Fe, New Mexico","35049","59192"
"Charles City, Virginia","51036","59192"
"Winkler, Texas","48495","59167"
"Yellowstone, Montana","30111","59117"
"Lebanon, Pennsylvania","42075","59114"
"Hardin, Texas","48199","59105"
"Kandiyohi, Minnesota","27067","59089"
"Henry, Ohio","39069","59083"
"Hood, Texas","48221","59049"
"Bartholomew, Indiana","18005","59045"
"Pennington, Minnesota","27113","59036"
"Gaines, Texas","48165","59032"
"Fayette, Tennessee","47047","59017"
"Dubois, Indiana","18037","58994"
"Nome, Alaska","2180","58987"
"Cedar, Nebraska","31027","58978"
"Lapeer, Michigan","26087","58952"
"Sheboygan, Wisconsin","55117","58943"
"Charlottesville, Virginia","51540","58933"
"Dauphin, Pennsylvania","42043","58916"
"Wallace, Kansas","20199","58875"
"Dodge, Wisconsin","55027","58870"
"Westmoreland, Pennsylvania","42129","58866"
"Scott, Iowa","19163","58803"
"Autauga, Alabama","1001","58786"
"Kent, Delaware","10001","58775"
"Houston, Georgia","13153","58770"
"Pike, Georgia","13231","58765"
"Franklin, Ohio","39049","58762"
"Brown, Illinois","17009","58762"
"Dillingham, Alaska","2070","58750"
"Tompkins, New York","36109","58743"
"Houston, Minnesota","27055","58729"
"Marshall, Minnesota","27089","58723"
"Woodward, Oklahoma","40153","58706"
"Northumberland, Virginia","51133","58677"
"Benton, Oregon","41003","58655"
"Sarasota, Florida","12115","58644"
"Nemaha, Kansas","20131","58644"
"Cheatham, Tennessee","47021","58641"
"Coffey, Kansas","20031","58636"
"Skamania, Washington","53059","58598"
"Iowa, Iowa","19095","58570"
"Amelia, Virginia","51007","58526"
"Sheridan, Wyoming","56033","58521"
"Clinton, Missouri","29049","58510"
"Marion, Iowa","19125","58492"
"Kingman, Kansas","20095","58483"
"Osage, Missouri","29151","58476"
"Davis, Iowa","19051","58464"
"Kosciusko, Indiana","18085","58402"
"Reeves, Texas","48389","58384"
"Allegheny, Pennsylvania","42003","58383"
"Franklin, Indiana","18047","58382"
"Walton, Georgia","13297","58370"
"Stevens, Minnesota","27149","58363"
"Polk, Oregon","41053","58344"
"Gillespie, Texas","48171","58325"
"Windsor, Vermont","50027","58303"
"Door, Wisconsin","55029","58287"
"Uinta, Wyoming","56041","58235"
"Iredell, North Carolina","37097","58198"
"Lampasas, Texas","48281","58194"
"Durham, North Carolina","37063","58190"
"Lamar, Mississippi","28073","58188"
"Monroe, Wisconsin","55081","58178"
"Grady, Oklahoma","40051","58177"
"Moody, South Dakota","46101","58167"
"Calaveras, California","6009","58151"
"Logan, North Dakota","38047","58144"
"Pope, Minnesota","27121","58132"
"Osceola, Iowa","19143","58125"
"Dickinson, Iowa","19059","58099"
"Bond, Illinois","17005","58097"
"Centre, Pennsylvania","42027","58055"
"Dare, North Carolina","37055","58012"
"Mercer, Illinois","17131","58011"
"Lancaster, Nebraska","31109","58009"
"Wells, North Dakota","38103","57989"
"Kankakee, Illinois","17091","57981"
"Meade, Kentucky","21163","57963"
"Martin, Florida","12085","57959"
"Warren, Missouri","29219","57948"
"Deuel, South Dakota","46039","57930"
"Ottawa, Ohio","39123","57918"
"Wyoming, New York","36121","57914"
"Lee, Illinois","17103","57901"
"Moore, North Carolina","37125","57899"
"Logan, Illinois","17107","57899"
"Madison, Illinois","17119","57890"
"Renville, Minnesota","27129","57886"
"McPherson, Kansas","20113","57765"
"Kidder, North Dakota","38043","57734"
"Brown, Minnesota","27015","57728"
"Waupaca, Wisconsin","55135","57680"
"Carroll, Iowa","19027","57674"
"Defiance, Ohio","39039","57665"
"Waller, Texas","48473","57654"
"Cooke, Texas","48097","57646"
"Stutsman, North Dakota","38093","57642"
"Snyder, Pennsylvania","42109","57638"
"Coconino, Arizona","4005","57616"
"Davie, North Carolina","37059","57611"
"Cole, Missouri","29051","57587"
"Wichita, Kansas","20203","57566"
"Hamilton, New York","36041","57552"
"Miami, Ohio","39109","57544"
"Carbon, Montana","30009","57538"
"Lonoke, Arkansas","5085","57509"
"Murray, Minnesota","27101","57500"
"Monroe, New York","36055","57479"
"Thomas, Kansas","20193","57478"
"Nelson, Kentucky","21179","57469"
"Holt, Nebraska","31089","57468"
"Pottawattamie, Iowa","19155","57467"
"Douglas, South Dakota","46043","57419"
"Stanislaus, California","6099","57387"
"Lipscomb, Texas","48295","57372"
"Portage, Wisconsin","55097","57368"
"Harding, South Dakota","46063","57365"
"Barrow, Georgia","13013","57348"
"Muscatine, Iowa","19139","57348"
"Broward, Florida","12011","57333"
"Ramsey, North Dakota","38071","57313"
"Chippewa, Wisconsin","55017","57288"
"Henry, Illinois","17073","57250"
"Phelps, Nebraska","31137","57241"
"Salem, Virginia","51775","57185"
"Montour, Pennsylvania","42093","57183"
"Polk, Minnesota","27119","57151"
"Buffalo, Wisconsin","55011","57134"
"Harrison, Indiana","18061","57132"
"Otter Tail, Minnesota","27111","57131"
"Winnebago, Wisconsin","55139","57124"
"Kittson, Minnesota","27069","57112"
"Oconto, Wisconsin","55083","57105"
"Champaign, Ohio","39021","57103"
"Jo Daviess, Illinois","17085","57083"
"Guthrie, Iowa","19077","57075"
"Barnes, North Dakota","38003","57064"
"Rockdale, Georgia","13247","57049"
"Christian, Missouri","29043","57019"
"Jackson, Minnesota","27063","57010"
"Spencer, Indiana","18147","56998"
"Lorain, Ohio","39093","56965"
"Sutter, California","6101","56955"
"Kearney, Nebraska","31099","56952"
"Buffalo, Nebraska","31019","56952"
"Yellow Medicine, Minnesota","27173","56943"
"Polk, Wisconsin","55095","56932"
"Comanche, Kansas","20033","56912"
"Woods, Oklahoma","40151","56899"
"Washington, Utah","49053","56877"
"Hamilton, Illinois","17065","56862"
"Dallas, Texas","48113","56854"
"Perkins, South Dakota","46105","56850"
"Johnston, North Carolina","37101","56842"
"Cache, Utah","49005","56840"
"Trego, Kansas","20195","56810"
"Clark, Nevada","32003","56802"
"Lincoln, Nebraska","31111","56794"
"Greenville, South Carolina","45045","56789"
"Dixon, Nebraska","31051","56775"
"Hettinger, North Dakota","38041","56761"
"Jersey, Illinois","17083","56747"
"Sauk, Wisconsin","55111","56732"
"Jessamine, Kentucky","21113","56728"
"Colusa, California","6011","56704"
"Berkshire, Massachusetts","25003","56674"
"Benzie, Michigan","26019","56639"
"Pierce, Nebraska","31139","56620"
"Portage, Ohio","39133","56618"
"Franklin, Idaho","16041","56613"
"Bonneville, Idaho","16019","56609"
"Wicomico, Maryland","24045","56608"
"Red Lake, Minnesota","27125","56588"
"Cayuga, New York","36011","56579"
"Sherman, Texas","48421","56576"
"Finney, Kansas","20055","56573"
"Rosebud, Montana","30087","56549"
"Cheyenne, Nebraska","31033","56538"
"Walla Walla, Washington","53071","56533"
"Colfax, Nebraska","31037","56528"
"Stevens, Kansas","20189","56507"
"Davidson, Tennessee","47037","56507"
"Tuolumne, California","6109","56493"
"Broadwater, Montana","30007","56469"
"Limestone, Alabama","1083","56460"
"Brown, South Dakota","46013","56455"
"Carroll, Indiana","18015","56429"
"Lincoln, Nevada","32017","56414"
"Box Butte, Nebraska","31013","56412"
"Camden, Georgia","13039","56397"
"Brookings, South Dakota","46011","56370"
"Lassen, California","6035","56362"
"Benton, Minnesota","27009","56357"
"Wayne, Ohio","39169","56348"
"Clay, Nebraska","31035","56316"
"Fayette, Texas","48149","56297"
"Ripley, Indiana","18137","56295"
"Effingham, Illinois","17049","56293"
"Grant, Oklahoma","40053","56287"
"Hamilton, Iowa","19079","56273"
"Dunn, Wisconsin","55033","56268"
"Wells, Indiana","18179","56265"
"Sullivan, New York","36105","56256"
"La Salle, Illinois","17099","56243"
"Washington, Texas","48477","56237"
"Burleson, Texas","48051","56235"
"Ste. Genevieve, Missouri","29186","56234"
"Livingston, Illinois","17105","56200"
"Essex, New York","36031","56196"
"Clay, Kansas","20027","56186"
"Appomattox, Virginia","51011","56176"
"Putnam, Indiana","18133","56169"
"Williamsburg, Virginia","51830","56163"
"Hillsborough, Florida","12057","56137"
"Chelan, Washington","53007","56135"
"Steuben, Indiana","18151","56101"
"Marion, Oregon","41047","56097"
"Golden Valley, North Dakota","38033","56087"
"Lincoln, Wisconsin","55069","56086"
"Loudon, Tennessee","47105","56078"
"Livingston, New York","36051","56071"
"Sheridan, Kansas","20179","56071"
"Harvey, Kansas","20079","56051"
"Manatee, Florida","12081","56036"
"Union, Pennsylvania","42119","56026"
"Kings, New York","36047","56015"
"Jones, Iowa","19105","56012"
"Morrow, Ohio","39117","56010"
"Kent, Maryland","24029","56009"
"Butler, Iowa","19023","55999"
"Johnson, Wyoming","56019","55991"
"Montgomery, Tennessee","47125","55972"
"Ida, Iowa","19093","55969"
"Baldwin, Alabama","1003","55962"
"Bureau, Illinois","17011","55940"
"Grant, Minnesota","27051","55912"
"Jackson, Kansas","20085","55904"
"Marshall, Illinois","17123","55901"
"Tama, Iowa","19171","55898"
"Scurry, Texas","48415","55889"
"Valley, Montana","30105","55882"
"Dinwiddie, Virginia","51053","55880"
"Trempealeau, Wisconsin","55121","55865"
"Blue Earth, Minnesota","27013","55861"
"Custer, Montana","30017","55841"
"Chase, Nebraska","31029","55833"
"Rock, Wisconsin","55105","55832"
"Douglas, Kansas","20045","55832"
"Beaver, Pennsylvania","42007","55828"
"Live Oak, Texas","48297","55766"
"Wayne, New York","36117","55765"
"Jasper, Iowa","19099","55727"
"Mason, Washington","53045","55726"
"Eau Claire, Wisconsin","55035","55711"
"Orange, Texas","48361","55700"
"Andrew, Missouri","29003","55683"
"Schleicher, Texas","48413","55677"
"Erie, New York","36029","55673"
"Hancock, Ohio","39063","55644"
"Victoria, Texas","48469","55631"
"Granville, North Carolina","37077","55628"
"Fillmore, Nebraska","31059","55625"
"Waseca, Minnesota","27161","55612"
"De Witt, Illinois","17039","55591"
"Meade, Kansas","20119","55568"
"Butler, Nebraska","31023","55562"
"Mitchell, Iowa","19131","55553"
"Pinal, Arizona","4021","55550"
"Ralls, Missouri","29173","55546"
"Rio Blanco, Colorado","8103","55543"
"Winona, Minnesota","27169","55529"
"Lyon, Minnesota","27083","55525"
"West Feliciana, Louisiana","22125","55510"
"Lyon, Nevada","32019","55493"
"Shelby, Iowa","19165","55489"
"Franklin, Kansas","20059","55486"
"Craig, Virginia","51045","55484"
"Woodbury, Iowa","19193","55483"
"La Crosse, Wisconsin","55063","55479"
"Tipton, Indiana","18159","55479"
"Custer, South Dakota","46033","55472"
"Hubbard, Minnesota","27057","55472"
"Calhoun, Texas","48057","55469"
"Bexar, Texas","48029","55456"
"Grant, Kansas","20067","55455"
"Bartow, Georgia","13015","55452"
"Summit, Ohio","39153","55448"
"Morrow, Oregon","41049","55440"
"Long, Georgia","13183","55439"
"Knox, Maine","23013","55402"
"Elkhart, Indiana","18039","55399"
"Chickasaw, Iowa","19037","55385"
"Turner, South Dakota","46125","55380"
"Callaway, Missouri","29027","55376"
"Preble, Ohio","39135","55374"
"Franklin, Missouri","29071","55312"
"Valley, Idaho","16085","55299"
"Atascosa, Texas","48013","55265"
"St. Clair, Michigan","26147","55240"
"Providence, Rhode Island","44007","55233"
"San Patricio, Texas","48409","55229"
"Sumter, Florida","12119","55228"
"Cheyenne, Colorado","8017","55227"
"Lancaster, South Carolina","45057","55223"
"Norman, Minnesota","27107","55206"
"Shawnee, Kansas","20177","55199"
"Kittitas, Washington","53037","55193"
"Cuming, Nebraska","31039","55190"
"Lincoln, Maine","23015","55180"
"Clinton, New York","36019","55178"
"Valley, Nebraska","31175","55170"
"Logan, Ohio","39091","55150"
"Knox, Ohio","39083","55131"
"Catoosa, Georgia","13047","55125"
"White, Indiana","18181","55086"
"Franklin, Kentucky","21073","55068"
"Nueces, Texas","48355","55048"
"Garza, Texas","48169","55039"
"Osage, Kansas","20139","55036"
"Noble, Indiana","18113","55033"
"Pennington, South Dakota","46103","55024"
"Dakota, Nebraska","31043","55017"
"Lee, Texas","48287","55000"
"Cameron, Louisiana","22023","55000"
"Grant, Washington","53025","54982"
"Gunnison, Colorado","8051","54979"
"Hamilton, Ohio","39061","54976"
"Sedgwick, Kansas","20173","54974"
"Rutland, Vermont","50021","54973"
"Perry, Missouri","29157","54964"
"Morrison, Minnesota","27097","54962"
"Sac, Iowa","19161","54958"
"Caroline, Maryland","24011","54956"
"Jasper, Illinois","17079","54951"
"Wilkin, Minnesota","27167","54935"
"Shenandoah, Virginia","51171","54921"
"Fayette, Kentucky","21067","54918"
"Sumner, Kansas","20191","54915"
"Chatham, Georgia","13051","54911"
"Sanborn, South Dakota","46111","54899"
"Hyde, South Dakota","46069","54891"
"St. Clair, Alabama","1115","54887"
"Adams, North Dakota","38001","54875"
"Hutchinson, South Dakota","46067","54868"
"Spokane, Washington","53063","54852"
"Wayne, Pennsylvania","42127","54851"
"Surry, Virginia","51181","54844"
"Otoe, Nebraska","31131","54828"
"Moniteau, Missouri","29135","54828"
"St. John the Baptist, Louisiana","22095","54821"
"Rockbridge, Virginia","51163","54805"
"Codington, South Dakota","46029","54774"
"Peoria, Illinois","17143","54770"
"Daniels, Montana","30019","54750"
"Hall, Nebraska","31079","54742"
"Shiawassee, Michigan","26155","54742"
"Lafayette, Louisiana","22055","54726"
"Irion, Texas","48235","54706"
"Seneca, New York","36099","54695"
"Yankton, South Dakota","46135","54694"
"Lee, Florida","12071","54691"
"Lafayette, Missouri","29107","54661"
"Cherokee, Iowa","19035","54658"
"Montgomery, Virginia","51121","54641"
"Decatur, Indiana","18031","54622"
"Southampton, Virginia","51175","54611"
"Chaffee, Colorado","8015","54580"
"Buena Vista, Iowa","19021","54556"
"Story, Iowa","19169","54554"
"Chippewa, Minnesota","27023","54552"
"Hampton, Virginia","51650","54550"
"King and Queen, Virginia","51097","54516"
"Crow Wing, Minnesota","27035","54508"
"Prince of Wales-Outer Ketchikan, Alaska","2201","54506"
"Cortland, New York","36023","54489"
"Jefferson, Washington","53031","54471"
"Kootenai, Idaho","16055","54457"
"Bon Homme, South Dakota","46009","54450"
"Knox, Tennessee","47093","54437"
"Kalamazoo, Michigan","26077","54431"
"Carteret, North Carolina","37031","54428"
"Walsh, North Dakota","38099","54414"
"Brunswick, North Carolina","37019","54406"
"Howard, Nebraska","31093","54399"
"Calhoun, Illinois","17013","54392"
"Grayson, Texas","48181","54370"
"Brevard, Florida","12009","54359"
"Jefferson, Kentucky","21111","54357"
"Yates, New York","36123","54343"
"Ionia, Michigan","26067","54343"
"Orange, Florida","12095","54335"
"Worth, Iowa","19195","54329"
"Sheridan, Montana","30091","54321"
"Fremont, Iowa","19071","54281"
"Westmoreland, Virginia","51193","54268"
"Bear Lake, Idaho","16007","54265"
"Maury, Tennessee","47119","54249"
"Lake, Indiana","18089","54249"
"Fremont, Wyoming","56013","54242"
"Clark, Indiana","18019","54240"
"Marshall, Indiana","18099","54229"
"Douglas, Illinois","17041","54218"
"Beaver, Utah","49001","54212"
"Bethel, Alaska","2050","54212"
"Robertson, Texas","48395","54201"
"Oneida, Wisconsin","55085","54198"
"Merrick, Nebraska","31121","54197"
"Madison, Virginia","51113","54197"
"Parmer, Texas","48369","54184"
"Bell, Texas","48027","54184"
"Nez Perce, Idaho","16069","54174"
"Anderson, Kentucky","21005","54160"
"Clark, Illinois","17023","54158"
"Nobles, Minnesota","27105","54149"
"Kossuth, Iowa","19109","54146"
"Shawano, Wisconsin","55115","54143"
"Blount, Tennessee","47009","54140"
"Greene, Pennsylvania","42059","54121"
"Major, Oklahoma","40093","54118"
"Washington, New York","36115","54114"
"Wahkiakum, Washington","53069","54085"
"Niagara, New York","36063","54085"
"Jackson, Iowa","19097","54070"
"Boone, Nebraska","31011","54063"
"Klickitat, Washington","53039","54056"
"Emmet, Michigan","26047","54055"
"Greene, Iowa","19073","54050"
"Monroe, Georgia","13207","54050"
"Boone, Missouri","29019","54043"
"Pratt, Kansas","20151","54029"
"Marshall, Iowa","19127","54027"
"Schoharie, New York","36095","53989"
"Scott, Illinois","17171","53973"
"Lenawee, Michigan","26091","53972"
"Louisa, Iowa","19115","53943"
"Boise, Idaho","16015","53942"
"Richland, South Carolina","45079","53922"
"Martin, Minnesota","27091","53915"
"Tulsa, Oklahoma","40143","53902"
"Faulk, South Dakota","46049","53889"
"Mille Lacs, Minnesota","27095","53888"
"Hardin, Iowa","19083","53872"
"Flagler, Florida","12035","53872"
"Kings, California","6031","53865"
"Hodgeman, Kansas","20083","53854"
"Oneida, New York","36065","53844"
"Whiteside, Illinois","17195","53828"
"DeKalb, Indiana","18033","53808"
"Bossier, Louisiana","22015","53806"
"Winchester, Virginia","51840","53797"
"Walton, Florida","12131","53785"
"DeWitt, Texas","48123","53779"
"Macoupin, Illinois","17117","53778"
"Dawson, Nebraska","31047","53769"
"Franklin, Iowa","19069","53742"
"Colonial Heights, Virginia","51570","53716"
"Towner, North Dakota","38095","53696"
"Cherry, Nebraska","31031","53684"
"Bandera, Texas","48019","53683"
"Mesa, Colorado","8077","53683"
"St. Clair, Illinois","17163","53681"
"Mower, Minnesota","27099","53665"
"Carbon, Pennsylvania","42025","53624"
"Greene, New York","36039","53617"
"Montgomery, Indiana","18107","53610"
"Crawford, Iowa","19047","53609"
"Potter, South Dakota","46107","53600"
"Oswego, New York","36075","53597"
"Cass, Michigan","26027","53571"
"Haskell, Kansas","20081","53527"
"Poweshiek, Iowa","19157","53520"
"Smith, Texas","48423","53511"
"Manitowoc, Wisconsin","55071","53489"
"Duval, Florida","12031","53473"
"Wood, Wisconsin","55141","53473"
"Gasconade, Missouri","29073","53439"
"Big Horn, Wyoming","56003","53435"
"Washakie, Wyoming","56043","53426"
"Hampden, Massachusetts","25013","53403"
"Allen, Indiana","18003","53402"
"Cumberland, Illinois","17035","53376"
"Cottonwood, Minnesota","27033","53354"
"St. Louis, Minnesota","27137","53344"
"Lincoln, North Carolina","37109","53318"
"Fremont, Idaho","16043","53311"
"Newton, Georgia","13217","53309"
"Kanabec, Minnesota","27065","53300"
"Chemung, New York","36015","53299"
"Plumas, California","6063","53270"
"Lyman, South Dakota","46085","53263"
"Green Lake, Wisconsin","55047","53260"
"Noble, Oklahoma","40103","53253"
"Redwood, Minnesota","27127","53230"
"Charlevoix, Michigan","26029","53207"
"Jeff Davis, Texas","48243","53194"
"Franklin, North Carolina","37069","53175"
"Hardin, Kentucky","21093","53168"
"Somervell, Texas","48425","53162"
"Coffee, Alabama","1031","53155"
"Jones, Georgia","13169","53155"
"Newton, Indiana","18111","53146"
"Pepin, Wisconsin","55091","53140"
"Loup, Nebraska","31115","53125"
"Otsego, New York","36077","53121"
"Dodge, Nebraska","31053","53101"
"Lafourche, Louisiana","22057","53089"
"Ford, Kansas","20057","53072"
"Hancock, Maine","23009","53068"
"Susquehanna, Pennsylvania","42115","53059"
"Johnson, Missouri","29101","53056"
"O'Brien, Iowa","19141","53045"
"Bennington, Vermont","50003","53040"
"Hamilton, Tennessee","47065","53035"
"Itasca, Minnesota","27061","53022"
"Lavaca, Texas","48285","53021"
"Clay, Indiana","18021","53021"
"Sevier, Utah","49041","53020"
"Gonzales, Texas","48177","53006"
"Pender, North Carolina","37141","52989"
"Jackson, Wisconsin","55053","52984"
"Flathead, Montana","30029","52966"
"Grant, Wisconsin","55043","52958"
"Mahaska, Iowa","19123","52950"
"Franklin, Texas","48159","52944"
"Wyandot, Ohio","39175","52940"
"Clark, Kentucky","21049","52938"
"Kennebec, Maine","23011","52929"
"Bayfield, Wisconsin","55007","52910"
"Cerro Gordo, Iowa","19033","52902"
"Madera, California","6039","52884"
"Inyo, California","6027","52874"
"Todd, Minnesota","27153","52872"
"Weston, Wyoming","56045","52867"
"Trousdale, Tennessee","47169","52864"
"Madison, Nebraska","31119","52857"
"Oklahoma, Oklahoma","40109","52855"
"Sherman, Kansas","20181","52847"
"Clayton, Iowa","19043","52828"
"Henderson, North Carolina","37089","52815"
"Moffat, Colorado","8081","52807"
"Russell, Kansas","20167","52806"
"Jackson, Missouri","29095","52805"
"Griggs, North Dakota","38039","52794"
"Johnson, Nebraska","31097","52794"
"Juniata, Pennsylvania","42067","52765"
"Van Wert, Ohio","39161","52754"
"Winnebago, Illinois","17201","52743"
"Howard, Iowa","19089","52742"
"Ashland, Ohio","39005","52730"
"Spink, South Dakota","46115","52729"
"East Baton Rouge, Louisiana","22033","52719"
"New Hanover, North Carolina","37129","52716"
"Henderson, Illinois","17071","52712"
"Ellis, Oklahoma","40045","52705"
"Ellis, Kansas","20051","52700"
"Darke, Ohio","39037","52691"
"Black Hawk, Iowa","19013","52688"
"Essex, Virginia","51057","52681"
"Windham, Vermont","50025","52659"
"Otsego, Michigan","26137","52645"
"Franklin, Virginia","51067","52639"
"Pulaski, Virginia","51155","52638"
"Rock Island, Illinois","17161","52630"
"Yuba, California","6115","52624"
"Gibson, Indiana","18051","52620"
"Pendleton, Kentucky","21191","52620"
"Rock, Nebraska","31149","52604"
"Cumberland, New Jersey","34011","52593"
"Antrim, Michigan","26009","52589"
"Clatsop, Oregon","41007","52583"
"Jefferson, Louisiana","22051","52558"
"Pike, Indiana","18125","52527"
"Garfield, Washington","53023","52525"
"Washita, Oklahoma","40149","52510"
"Worth, Missouri","29227","52500"
"Campbell, South Dakota","46021","52500"
"Clinton, Indiana","18023","52488"
"Douglas, Wisconsin","55031","52480"
"Kern, California","6029","52479"
"Giles, Virginia","51071","52478"
"Kerr, Texas","48265","52473"
"Palo Alto, Iowa","19147","52462"
"Powder River, Montana","30075","52457"
"Freeborn, Minnesota","27047","52447"
"Hand, South Dakota","46059","52438"
"Henry, Iowa","19087","52428"
"Christian, Illinois","17021","52415"
"Lycoming, Pennsylvania","42081","52407"
"Carroll, Ohio","39019","52394"
"Plaquemines, Louisiana","22075","52386"
"Lewis, New York","36049","52380"
"Brown, Ohio","39015","52356"
"Van Buren, Michigan","26159","52351"
"Garfield, Utah","49017","52337"
"Indian River, Florida","12061","52336"
"Rusk, Texas","48401","52329"
"Pipestone, Minnesota","27117","52309"
"Lincoln, Minnesota","27081","52301"
"Moore, Tennessee","47127","52294"
"Faribault, Minnesota","27043","52286"
"Pecos, Texas","48371","52282"
"Trigg, Kentucky","21221","52279"
"Caldwell, Texas","48055","52278"
"Cook, Minnesota","27031","52271"
"Erie, Ohio","39043","52270"
"Jefferson, New York","36045","52268"
"Stark, Illinois","17175","52260"
"Upton, Texas","48461","52257"
"Karnes, Texas","48255","52252"
"Lawrence, South Dakota","46081","52245"
"Comanche, Oklahoma","40031","52227"
"Tuscaloosa, Alabama","1125","52221"
"Humboldt, Iowa","19091","52219"
"Huntington, Indiana","18069","52208"
"Gates, North Carolina","37073","52205"
"Lac qui Parle, Minnesota","27073","52199"
"Stark, Ohio","39151","52190"
"Hinsdale, Colorado","8053","52188"
"Llano, Texas","48299","52178"
"Dorchester, Maryland","24019","52145"
"Walworth, South Dakota","46129","52123"
"Randolph, Illinois","17157","52107"
"Washington, Oklahoma","40147","52103"
"Linn, Oregon","41043","52097"
"Lawrence, Indiana","18093","52092"
"Camden, Missouri","29029","52087"
"Wheeler, Nebraska","31183","52083"
"Emery, Utah","49015","52055"
"Carson City, Nevada","32510","52034"
"Hancock, Kentucky","21091","52019"
"Love, Oklahoma","40085","52007"
"Warren, Kentucky","21227","52007"
"Ringgold, Iowa","19159","52005"
"Cass, Illinois","17017","51997"
"Beaver, Oklahoma","40007","51996"
"Jefferson, Alabama","1073","51979"
"Ottawa, Kansas","20143","51971"
"Blaine, Idaho","16013","51968"
"Grand Forks, North Dakota","38035","51951"
"Van Zandt, Texas","48467","51935"
"Paulding, Ohio","39125","51933"
"Faulkner, Arkansas","5045","51930"
"Hunt, Texas","48231","51928"
"Nemaha, Nebraska","31127","51922"
"Big Stone, Minnesota","27011","51920"
"Grant, Arkansas","5053","51920"
"Middlesex, Virginia","51119","51917"
"Umatilla, Oregon","41059","51887"
"Newport News, Virginia","51700","51884"
"Lake, Florida","12069","51884"
"Hopkins, Texas","48223","51877"
"Hot Springs, Wyoming","56017","51875"
"Clark, Wisconsin","55019","51872"
"Herkimer, New York","36043","51862"
"Teton, Montana","30099","51862"
"Adair, Iowa","19001","51859"
"Frontier, Nebraska","31063","51855"
"Tippecanoe, Indiana","18157","51844"
"Orleans, New York","36073","51843"
"Deaf Smith, Texas","48117","51841"
"Bay, Florida","12005","51829"
"Iroquois, Illinois","17075","51825"
"La Salle, Texas","48283","51792"
"Steuben, New York","36101","51789"
"Montague, Texas","48337","51774"
"Cowlitz, Washington","53015","51752"
"Sequatchie, Tennessee","47153","51750"
"Dawes, Nebraska","31045","51748"
"Cape Girardeau, Missouri","29031","51730"
"Sanpete, Utah","49039","51720"
"Lane, Kansas","20101","51719"
"Adams, Indiana","18001","51713"
"Sandusky, Ohio","39143","51701"
"Madison, Georgia","13195","51701"
"Beadle, South Dakota","46005","51700"
"Jack, Texas","48237","51700"
"Taylor, Wisconsin","55119","51698"
"Franklin, New York","36033","51696"
"Champaign, Illinois","17019","51692"
"Tom Green, Texas","48451","51675"
"Pulaski, Missouri","29169","51665"
"Gage, Nebraska","31067","51662"
"Luzerne, Pennsylvania","42079","51646"
"Bernalillo, New Mexico","35001","51643"
"Harnett, North Carolina","37085","51630"
"Morgan, Colorado","8087","51626"
"Cotton, Oklahoma","40033","51623"
"Logan, Nebraska","31113","51607"
"Logan, Kansas","20109","51597"
"Clarke, Iowa","19039","51571"
"Panola, Texas","48365","51569"
"Waldo, Maine","23027","51564"
"Eddy, North Dakota","38027","51563"
"Huron, Ohio","39077","51559"
"Hancock, Illinois","17067","51549"
"Adams, Nebraska","31001","51536"
"Howard, Texas","48227","51528"
"Moore, Texas","48341","51527"
"Churchill, Nevada","32001","51514"
"Murray, Oklahoma","40099","51490"
"Burt, Nebraska","31021","51482"
"Schuyler, New York","36097","51479"
"Bourbon, Kentucky","21017","51462"
"Bradford, Pennsylvania","42015","51457"
"Pinellas, Florida","12103","51454"
"Henry, Kentucky","21103","51447"
"Coryell, Texas","48099","51440"
"Wabash, Illinois","17185","51432"
"Jackson, Michigan","26075","51431"
"Androscoggin, Maine","23001","51412"
"Adams, Illinois","17001","51398"
"Miner, South Dakota","46097","51394"
"Clinton, Ohio","39027","51354"
"Graham, Arizona","4009","51352"
"Kiowa, Kansas","20097","51336"
"Richland, Wisconsin","55103","51335"
"Garfield, Oklahoma","40047","51332"
"Kearny, Kansas","20093","51314"
"Bingham, Idaho","16011","51288"
"Missoula, Montana","30063","51270"
"Marion, Kansas","20115","51262"
"Fresno, California","6019","51261"
"Fulton, Pennsylvania","42057","51259"
"Greeley, Kansas","20071","51250"
"Dallam, Texas","48111","51250"
"Putnam, Georgia","13237","51245"
"Carroll, Illinois","17015","51228"
"Martin, Indiana","18101","51224"
"Harrison, Texas","48203","51202"
"Leon, Florida","12073","51201"
"Mariposa, California","6043","51199"
"Waushara, Wisconsin","55137","51195"
"Clay, Texas","48077","51191"
"Sherman, Nebraska","31163","51172"
"Tuscarawas, Ohio","39157","51170"
"Catawba, North Carolina","37035","51157"
"Shelby, Illinois","17173","51157"
"Crockett, Texas","48105","51152"
"Saline, Nebraska","31151","51143"
"Jackson, Mississippi","28059","51142"
"Ford, Illinois","17053","51120"
"Jefferson, Indiana","18077","51119"
"Elk, Pennsylvania","42047","51112"
"Columbia, Washington","53013","51111"
"Edgar, Illinois","17045","51109"
"LaPorte, Indiana","18091","51101"
"Watonwan, Minnesota","27165","51097"
"Guilford, North Carolina","37081","51072"
"Perry, Indiana","18123","51064"
"Oneida, Idaho","16071","51058"
"Allamakee, Iowa","19005","51057"
"Juneau, Wisconsin","55057","51056"
"Tate, Mississippi","28137","51056"
"Kit Carson, Colorado","8063","51046"
"Keokuk, Iowa","19107","51043"
"Pima, Arizona","4019","51037"
"Ness, Kansas","20135","51033"
"Daviess, Indiana","18027","51032"
"Emmons, North Dakota","38029","51029"
"Tripp, South Dakota","46123","51027"
"Winnebago, Iowa","19189","51002"
"Wasco, Oregon","41065","50973"
"Grant, North Dakota","38037","50962"
"Ingham, Michigan","26065","50940"
"St. Joseph, Indiana","18141","50938"
"Johnson, Illinois","17087","50923"
"Cassia, Idaho","16031","50918"
"Upshur, Texas","48459","50906"
"Vernon, Wisconsin","55123","50905"
"Shasta, California","6089","50905"
"Barron, Wisconsin","55005","50903"
"Bosque, Texas","48035","50882"
"Lackawanna, Pennsylvania","42069","50875"
"Blaine, Nebraska","31009","50870"
"Craven, North Carolina","37049","50870"
"Howard, Indiana","18067","50869"
"Broome, New York","36007","50859"
"Jackson, Oregon","41029","50851"
"Pershing, Nevada","32027","50846"
"Brule, South Dakota","46015","50839"
"Fall River, South Dakota","46047","50837"
"Taylor, Texas","48441","50818"
"Calhoun, Iowa","19025","50800"
"Washington, Kentucky","21229","50794"
"Twin Falls, Idaho","16083","50778"
"Marquette, Michigan","26103","50771"
"Rice, Kansas","20159","50764"
"Fannin, Texas","48147","50761"
"Archuleta, Colorado","8007","50753"
"Lincoln, Washington","53043","50744"
"Lancaster, Virginia","51103","50739"
"McIntosh, North Dakota","38051","50739"
"Beauregard, Louisiana","22011","50738"
"Thayer, Nebraska","31169","50734"
"Marshall, Kentucky","21157","50731"
"Boyd, Nebraska","31015","50729"
"Phillips, Colorado","8095","50724"
"Vermilion, Louisiana","22113","50690"
"Thomas, Nebraska","31171","50682"
"Glynn, Georgia","13127","50672"
"Buncombe, North Carolina","37021","50668"
"Tioga, Pennsylvania","42117","50667"
"Minidoka, Idaho","16067","50663"
"Morgan, West Virginia","54065","50661"
"St. James, Louisiana","22093","50661"
"Hutchinson, Texas","48233","50651"
"Wabash, Indiana","18169","50637"
"Barber, Kansas","20007","50613"
"Chenango, New York","36017","50595"
"San Juan, New Mexico","35045","50582"
"Allen, Ohio","39003","50552"
"Dickson, Tennessee","47043","50549"
"Branch, Michigan","26023","50536"
"Rush, Indiana","18139","50535"
"Saline, Kansas","20169","50515"
"Rooks, Kansas","20163","50511"
"Bland, Virginia","51021","50511"
"Roberts, South Dakota","46109","50495"
"Mercer, Kentucky","21167","50475"
"Lubbock, Texas","48303","50473"
"Buchanan, Missouri","29021","50457"
"Texas, Oklahoma","40139","50450"
"McLean, Kentucky","21149","50445"
"Macon, Illinois","17115","50444"
"Harrison, West Virginia","54033","50433"
"Asotin, Washington","53003","50423"
"Pasco, Florida","12101","50417"
"Audubon, Iowa","19009","50397"
"Blaine, Oklahoma","40011","50391"
"Daviess, Missouri","29061","50380"
"Howard, Missouri","29089","50372"
"Clark, Kansas","20025","50368"
"Morris, Kansas","20127","50352"
"Harlan, Nebraska","31083","50344"
"Jefferson, Oregon","41031","50339"
"Fergus, Montana","30027","50327"
"Montgomery, Illinois","17135","50304"
"Grimes, Texas","48185","50298"
"Payette, Idaho","16075","50289"
"Carbon, Utah","49007","50278"
"Campbell, Virginia","51031","50258"
"Fulton, New York","36035","50248"
"Madison, Montana","30057","50247"
"Marshall, Kansas","20117","50234"
"Portsmouth, Virginia","51740","50224"
"Lewis, Washington","53041","50216"
"Lucas, Iowa","19117","50206"
"Gallatin, Kentucky","21077","50204"
"Wibaux, Montana","30109","50202"
"Wright, Iowa","19197","50198"
"Barton, Kansas","20009","50198"
"Yavapai, Arizona","4025","50180"
"Fulton, Illinois","17057","50180"
"Spartanburg, South Carolina","45083","50179"
"Cass, Minnesota","27021","50173"
"Scotts Bluff, Nebraska","31157","50157"
"Clinton, Iowa","19045","50156"
"Merced, California","6047","50129"
"Forsyth, North Carolina","37067","50128"
"St. Joseph, Michigan","26149","50117"
"Harper, Oklahoma","40059","50114"
"Lyon, Kentucky","21143","50097"
"Pulaski, Arkansas","5119","50093"
"Osceola, Florida","12097","50063"
"Dewey, Oklahoma","40043","50037"
"Aiken, South Carolina","45003","50036"
"Fayette, Iowa","19065","50015"
"Roane, Tennessee","47145","50003"
"DeKalb, Missouri","29063","50000"
"Hocking, Ohio","39073","50000"
"Power, Idaho","16077","49985"
"Burnett, Wisconsin","55013","49982"
"Des Moines, Iowa","19057","49977"
"Page, Iowa","19145","49974"
"Lane, Oregon","41039","49958"
"Seneca, Ohio","39147","49936"
"Ochiltree, Texas","48357","49928"
"Monongalia, West Virginia","54061","49926"
"Clallam, Washington","53009","49913"
"Riley, Kansas","20161","49910"
"Norton, Kansas","20137","49891"
"Custer, Nebraska","31041","49891"
"Columbia, Pennsylvania","42037","49889"
"Garrard, Kentucky","21079","49888"
"Fountain, Indiana","18045","49887"
"Rich, Utah","49033","49886"
"Pocahontas, Iowa","19151","49877"
"Rains, Texas","48379","49872"
"Yakima, Washington","53077","49871"
"Liberty, Texas","48291","49850"
"Daviess, Kentucky","21059","49836"
"Richmond, Virginia","51159","49831"
"Jennings, Indiana","18079","49801"
"Haywood, North Carolina","37087","49800"
"Shelby, Tennessee","47157","49782"
"Keweenaw, Michigan","26083","49779"
"Goshen, Wyoming","56015","49774"
"Brooke, West Virginia","54009","49772"
"Edwards, Illinois","17047","49766"
"Wayne, Illinois","17191","49764"
"Greene, Georgia","13133","49755"
"Knox, Nebraska","31107","49752"
"Morgan, Alabama","1103","49751"
"Bannock, Idaho","16005","49739"
"Floyd, Virginia","51063","49729"
"Erie, Pennsylvania","42049","49716"
"Harrison, Kentucky","21097","49696"
"Keya Paha, Nebraska","31103","49688"
"Mitchell, Texas","48335","49670"
"Mason, Michigan","26105","49663"
"Powell, Montana","30077","49652"
"Washington, Arkansas","5143","49629"
"Wharton, Texas","48481","49619"
"Garrett, Maryland","24023","49619"
"Carroll, Georgia","13045","49608"
"Warren, Illinois","17187","49607"
"Stanly, North Carolina","37167","49590"
"Marquette, Wisconsin","55077","49586"
"Creek, Oklahoma","40037","49578"
"Monroe, Iowa","19135","49549"
"Cannon, Tennessee","47015","49523"
"Jerauld, South Dakota","46073","49519"
"Sweet Grass, Montana","30097","49514"
"Jackson, Indiana","18071","49506"
"Colorado, Texas","48089","49504"
"Onslow, North Carolina","37133","49491"
"Williams, Ohio","39171","49491"
"Harper, Kansas","20077","49455"
"Calcasieu, Louisiana","22019","49452"
"Greene, Mississippi","28041","49447"
"Madison, Texas","48313","49428"
"Lincoln, Colorado","8073","49423"
"Kershaw, South Carolina","45055","49392"
"Gilmer, Georgia","13123","49389"
"Gaston, North Carolina","37071","49384"
"Anderson, Tennessee","47001","49376"
"Washington, Colorado","8121","49375"
"Penobscot, Maine","23019","49374"
"St. Lucie, Florida","12111","49373"
"Marshall, Tennessee","47117","49370"
"Lincoln, Oklahoma","40081","49362"
"Belmont, Ohio","39013","49361"
"Wheeler, Texas","48483","49352"
"Caledonia, Vermont","50005","49348"
"Greenup, Kentucky","21089","49343"
"Doniphan, Kansas","20043","49338"
"Fulton, Indiana","18049","49333"
"Montgomery, Ohio","39113","49314"
"Jerome, Idaho","16053","49306"
"St. Lawrence, New York","36089","49305"
"Edwards, Kansas","20047","49293"
"Gregg, Texas","48183","49287"
"Escambia, Florida","12033","49286"
"Sheridan, North Dakota","38083","49261"
"Franklin, Nebraska","31061","49235"
"Pontotoc, Oklahoma","40123","49235"
"Clinton, Pennsylvania","42035","49234"
"Mendocino, California","6045","49233"
"Crawford, Illinois","17033","49233"
"Adams, Iowa","19003","49229"
"Charlotte, Florida","12015","49225"
"Carter, Oklahoma","40019","49216"
"Stevens, Washington","53065","49200"
"Edgefield, South Carolina","45037","49200"
"Park, Montana","30067","49194"
"Schuylkill, Pennsylvania","42107","49190"
"Geary, Kansas","20061","49185"
"Union, Illinois","17181","49182"
"Greene, Indiana","18055","49177"
"Reno, Kansas","20155","49174"
"Amherst, Virginia","51009","49170"
"Norfolk, Virginia","51710","49146"
"Bedford, Pennsylvania","42009","49146"
"Crawford, Pennsylvania","42039","49144"
"Canyon, Idaho","16027","49143"
"Adams, Washington","53001","49142"
"Habersham, Georgia","13137","49140"
"Pine, Minnesota","27115","49138"
"Berrien, Michigan","26021","49135"
"Florence, Wisconsin","55037","49128"
"Alachua, Florida","12001","49078"
"Lake of the Woods, Minnesota","27077","49068"
"Williamson, Illinois","17199","49053"
"Franklin, Tennessee","47051","49038"
"Armstrong, Pennsylvania","42005","49032"
"Newton, Missouri","29145","49023"
"Miami-Dade, Florida","12086","48982"
"Dickinson, Michigan","26043","48966"
"Granite, Montana","30039","48958"
"Bedford, Tennessee","47003","48945"
"Ravalli, Montana","30081","48930"
"Logan, Colorado","8075","48922"
"Keith, Nebraska","31101","48901"
"Starke, Indiana","18149","48895"
"Gove, Kansas","20063","48894"
"Washington, Kansas","20201","48889"
"Custer, Oklahoma","40039","48884"
"McPherson, Nebraska","31117","48882"
"Lee, North Carolina","37105","48873"
"Terrebonne, Louisiana","22109","48866"
"Lawrence, Pennsylvania","42073","48860"
"Crawford, Wisconsin","55023","48853"
"Mayes, Oklahoma","40097","48853"
"Baltimore, Maryland","24510","48840"
"Polk, North Carolina","37149","48834"
"Jackson, Colorado","8057","48828"
"Delaware, New York","36025","48827"
"Hill, Texas","48217","48823"
"Erath, Texas","48143","48819"
"Person, North Carolina","37145","48811"
"Perry, Ohio","39127","48811"
"Pierce, North Dakota","38069","48802"
"Nelson, North Dakota","38063","48798"
"Parke, Indiana","18121","48788"
"Traverse, Minnesota","27155","48784"
"Wilbarger, Texas","48487","48773"
"Hardin, Ohio","39065","48773"
"Mercer, Pennsylvania","42085","48768"
"Cooper, Missouri","29053","48750"
"Milwaukee, Wisconsin","55079","48742"
"Montrose, Colorado","8085","48739"
"Freestone, Texas","48161","48731"
"Beckham, Oklahoma","40009","48725"
"Richland, Illinois","17159","48724"
"Taylor, Iowa","19173","48717"
"Antelope, Nebraska","31003","48716"
"Bonner, Idaho","16017","48710"
"Blount, Alabama","1009","48695"
"Clay, Illinois","17025","48691"
"Madison, Kentucky","21151","48687"
"Grand, Utah","49019","48673"
"Owen, Indiana","18119","48667"
"Atchison, Kansas","20005","48667"
"Rowan, North Carolina","37159","48667"
"Cochise, Arizona","4003","48649"
"Gooding, Idaho","16047","48638"
"Union, Oregon","41061","48617"
"Henry, Alabama","1067","48610"
"Marion, West Virginia","54049","48605"
"Huntingdon, Pennsylvania","42061","48597"
"Pend Oreille, Washington","53051","48583"
"Swift, Minnesota","27151","48577"
"Washington, Ohio","39167","48572"
"Lee, Iowa","19111","48571"
"Stafford, Kansas","20185","48563"
"Pleasants, West Virginia","54073","48563"
"Floyd, Texas","48153","48555"
"Brown, Kansas","20013","48547"
"Garfield, Nebraska","31071","48545"
"Emmet, Iowa","19063","48542"
"Wood, Texas","48499","48534"
"Morgan, Illinois","17137","48508"
"Clark, Ohio","39023","48502"
"Deuel, Nebraska","31049","48500"
"Polk, Florida","12105","48500"
"Jefferson, Texas","48245","48463"
"Harrison, Ohio","39067","48462"
"Butte, California","6007","48443"
"Cuyahoga, Ohio","39035","48435"
"Washburn, Wisconsin","55129","48422"
"Ohio, West Virginia","54069","48418"
"Warren, Pennsylvania","42123","48409"
"Ross, Ohio","39141","48403"
"Yuma, Colorado","8125","48394"
"Hillsdale, Michigan","26059","48392"
"Atchison, Missouri","29005","48385"
"Vermillion, Indiana","18165","48377"
"Pulaski, Indiana","18131","48370"
"Nash, North Carolina","37127","48362"
"Osborne, Kansas","20141","48355"
"Bennett, South Dakota","46007","48348"
"Muskegon, Michigan","26121","48329"
"George, Mississippi","28039","48319"
"Preston, West Virginia","54077","48317"
"Simpson, Kentucky","21213","48311"
"Perry, Illinois","17145","48298"
"Horry, South Carolina","45051","48279"
"Pasquotank, North Carolina","37139","48279"
"Phillips, Kansas","20147","48272"
"Kane, Utah","49025","48269"
"Henry, Indiana","18065","48235"
"Union, Indiana","18161","48227"
"Somerset, Pennsylvania","42111","48224"
"Lincoln, Idaho","16063","48222"
"McLennan, Texas","48309","48199"
"Breckinridge, Kentucky","21027","48189"
"Ellsworth, Kansas","20053","48188"
"Cass, Iowa","19029","48178"
"Jefferson, Florida","12065","48173"
"Dickinson, Kansas","20041","48167"
"Cascade, Montana","30013","48160"
"Thurston, Nebraska","31173","48149"
"Bradley, Tennessee","47011","48140"
"East Feliciana, Louisiana","22037","48129"
"Sierra, California","6091","48125"
"Rawlins, Kansas","20153","48125"
"Hockley, Texas","48219","48116"
"Refugio, Texas","48391","48112"
"Floyd, Iowa","19067","48110"
"Richardson, Nebraska","31147","48096"
"Heard, Georgia","13149","48094"
"Cowley, Kansas","20035","48087"
"Georgetown, South Carolina","45043","48071"
"Sherman, Oregon","41055","48056"
"Lee, Alabama","1081","48056"
"Franklin, Maine","23007","48053"
"Staunton, Virginia","51790","48049"
"Wythe, Virginia","51197","48043"
"Caldwell, Missouri","29025","48033"
"Marion, Tennessee","47115","48024"
"Republic, Kansas","20157","48022"
"Stephenson, Illinois","17177","48016"
"Bay, Michigan","26017","48005"
"Stonewall, Texas","48433","48000"
"Coffee, Tennessee","47031","47998"
"Montgomery, Alabama","1101","47990"
"Furnas, Nebraska","31065","47989"
"Venango, Pennsylvania","42121","47982"
"Lee, Mississippi","28081","47978"
"St. Martin, Louisiana","22099","47974"
"Blair, Pennsylvania","42013","47969"
"Clark, Missouri","29045","47955"
"Page, Virginia","51139","47951"
"Switzerland, Indiana","18155","47929"
"Navarro, Texas","48349","47920"
"Orleans, Vermont","50019","47915"
"Anderson, South Carolina","45007","47906"
"Comanche, Texas","48093","47893"
"Livingston, Missouri","29117","47885"
"Clay, Iowa","19041","47874"
"Clark, South Dakota","46025","47798"
"Iberville, Louisiana","22047","47797"
"Alleghany/Clifton Forge, Virginia","51005","47794"
"Osage, Oklahoma","40113","47789"
"White, Illinois","17193","47773"
"Vernon, Louisiana","22115","47772"
"Davison, South Dakota","46035","47772"
"Grays Harbor, Washington","53027","47770"
"Lewis, Missouri","29111","47764"
"Angelina, Texas","48005","47714"
"Tuscola, Michigan","26157","47694"
"Pottawatomie, Oklahoma","40125","47683"
"Labette, Kansas","20099","47668"
"Roger Mills, Oklahoma","40129","47667"
"Montgomery, Iowa","19137","47648"
"Jefferson, Illinois","17081","47617"
"Colbert, Alabama","1033","47558"
"Cass, Indiana","18017","47545"
"Hancock, Mississippi","28045","47543"
"Hoke, North Carolina","37093","47535"
"Giles, Tennessee","47055","47528"
"Mifflin, Pennsylvania","42087","47526"
"Union, Iowa","19175","47518"
"Tulare, California","6107","47518"
"Bowie, Texas","48037","47505"
"McCone, Montana","30055","47500"
"Tillamook, Oregon","41057","47500"
"Hamilton, Texas","48193","47500"
"Greene, Arkansas","5055","47497"
"Marinette, Wisconsin","55075","47497"
"Lumpkin, Georgia","13187","47488"
"Trimble, Kentucky","21223","47470"
"Miami, Indiana","18103","47460"
"Noble, Ohio","39121","47456"
"Crawford, Michigan","26039","47443"
"Madison, Indiana","18095","47436"
"Calhoun, Michigan","26025","47426"
"Webster, Missouri","29225","47421"
"Liberty, Montana","30051","47419"
"Pawnee, Oklahoma","40117","47413"
"Beltrami, Minnesota","27007","47410"
"Glenn, California","6021","47395"
"Sullivan, Pennsylvania","42113","47346"
"Richland, Ohio","39139","47346"
"Oxford, Maine","23017","47275"
"Davidson, North Carolina","37057","47271"
"Clearfield, Pennsylvania","42033","47270"
"Jefferson, Tennessee","47089","47264"
"Prairie, Montana","30079","47250"
"Cattaraugus, New York","36009","47240"
"Taylor, West Virginia","54091","47205"
"Young, Texas","48503","47194"
"Hardy, West Virginia","54031","47186"
"Manistee, Michigan","26101","47172"
"Gray, Texas","48179","47170"
"Hill, Montana","30041","47141"
"Lafayette, Mississippi","28071","47132"
"Koochiching, Minnesota","27071","47129"
"Greeley, Nebraska","31077","47128"
"Scott, Indiana","18143","47123"
"McIntosh, Georgia","13191","47114"
"Platte, Wyoming","56031","47096"
"Van Buren, Iowa","19177","47083"
"Milam, Texas","48331","47081"
"Hale, Texas","48189","47080"
"Washington, Indiana","18175","47078"
"Monroe, Indiana","18105","47075"
"Northumberland, Pennsylvania","42097","47063"
"Allegany, New York","36003","47033"
"Seward, Kansas","20175","47025"
"Pickens, South Carolina","45077","47024"
"Genesee, Michigan","26049","47006"
"Montcalm, Michigan","26117","47000"
"Chariton, Missouri","29041","46992"
"Whitfield, Georgia","13313","46970"
"McKean, Pennsylvania","42083","46953"
"Vanderburgh, Indiana","18163","46943"
"Jasper, Missouri","29097","46929"
"Lucas, Ohio","39095","46924"
"Saginaw, Michigan","26145","46919"
"Lake, Colorado","8065","46918"
"Indiana, Pennsylvania","42063","46877"
"Sioux, Nebraska","31165","46875"
"Albany, Wyoming","56001","46865"
"Red Willow, Nebraska","31145","46859"
"Brazos, Texas","48041","46839"
"Cheyenne, Kansas","20023","46833"
"Fisher, Texas","48151","46827"
"Toole, Montana","30101","46823"
"Jefferson, Pennsylvania","42065","46818"
"Iron, Utah","49021","46809"
"Montezuma, Colorado","8083","46797"
"Marion, Missouri","29127","46762"
"Volusia, Florida","12127","46760"
"Washington, Tennessee","47179","46752"
"Price, Wisconsin","55099","46742"
"Stanton, Kansas","20187","46726"
"Newaygo, Michigan","26123","46724"
"Elmore, Idaho","16039","46715"
"Titus, Texas","48449","46698"
"Marion, Indiana","18097","46692"
"Sevier, Arkansas","5133","46667"
"Transylvania, North Carolina","37175","46629"
"Crawford, Arkansas","5033","46619"
"Randolph, Missouri","29175","46610"
"Wichita, Texas","48485","46575"
"San Juan, Colorado","8111","46563"
"Langlade, Wisconsin","55067","46557"
"Sullivan, Indiana","18153","46517"
"Benewah, Idaho","16009","46507"
"Mackinac, Michigan","26097","46507"
"Delta, Michigan","26041","46490"
"Bailey, Texas","48017","46485"
"Fayette, Ohio","39047","46478"
"Knox, Indiana","18083","46457"
"Chattahoochee, Georgia","13053","46453"
"Doddridge, West Virginia","54017","46449"
"Stone, Missouri","29209","46443"
"Presque Isle, Michigan","26141","46439"
"Lake and Peninsula, Alaska","2164","46406"
"Smith, Tennessee","47159","46404"
"Curry, Oregon","41015","46396"
"Charles Mix, South Dakota","46023","46389"
"Floyd, Georgia","13115","46367"
"Big Horn, Montana","30003","46365"
"Foard, Texas","48155","46354"
"Mineral, West Virginia","54057","46354"
"Haralson, Georgia","13143","46353"
"Huron, Michigan","26063","46320"
"Pawnee, Nebraska","31133","46314"
"Columbiana, Ohio","39029","46306"
"Tangipahoa, Louisiana","22105","46297"
"Fremont, Colorado","8043","46296"
"Chase, Kansas","20017","46295"
"Clearwater, Minnesota","27029","46291"
"White, Georgia","13311","46288"
"Anderson, Kansas","20003","46274"
"Lauderdale, Alabama","1077","46265"
"Washington, Virginia","51191","46262"
"Buckingham, Virginia","51029","46261"
"Madison, Tennessee","47113","46223"
"Phillips, Montana","30071","46222"
"Cumberland, Virginia","51049","46221"
"Oceana, Michigan","26127","46217"
"Wilson, Kansas","20205","46208"
"Bradford, Florida","12007","46197"
"Lincoln, Kansas","20105","46196"
"Laclede, Missouri","29105","46192"
"Prince Edward, Virginia","51147","46189"
"Benton, Indiana","18007","46188"
"Bates, Missouri","29013","46186"
"Polk, Texas","48373","46182"
"Curry, New Mexico","35009","46182"
"Stokes, North Carolina","37169","46169"
"Stephens, Oklahoma","40137","46166"
"Mobile, Alabama","1097","46166"
"Boyd, Kentucky","21019","46165"
"Cheboygan, Michigan","26031","46161"
"Schuyler, Illinois","17169","46151"
"Highland, Virginia","51091","46147"
"Knox, Texas","48275","46146"
"Delta, Texas","48119","46138"
"Bath, Virginia","51017","46137"
"Marion, Illinois","17121","46102"
"Jasper, Texas","48241","46088"
"Livingston, Kentucky","21139","46076"
"Worth, Georgia","13321","46076"
"Cimarron, Oklahoma","40025","46071"
"Perry, Arkansas","5105","46071"
"Lincoln, Oregon","41041","46061"
"Oconee, South Carolina","45073","46056"
"Greene, Illinois","17061","46052"
"Cherokee, Texas","48073","46044"
"Hernando, Florida","12053","46030"
"Haskell, Texas","48207","46013"
"St. Bernard, Louisiana","22087","46011"
"Alger, Michigan","26003","46007"
"Kalkaska, Michigan","26079","46004"
"Aitkin, Minnesota","27001","45989"
"Palo Pinto, Texas","48363","45979"
"Trumbull, Ohio","39155","45975"
"Dale, Alabama","1045","45960"
"Liberty, Georgia","13179","45959"
"Wood, West Virginia","54107","45958"
"Sevier, Tennessee","47155","45943"