Demographics, US by County, Population, White (Both Sexes - 2014 to 2018), 2014 - 2018
Area,County FIPS,Percent
"Blaine, Nebraska","31009","100.0"
"Magoffin, Kentucky","21153","99.9"
"Garfield, Montana","30033","99.9"
"Camas, Idaho","16025","99.8"
"Loup, Nebraska","31115","99.7"
"Edwards, Texas","48137","99.7"
"Webster, West Virginia","54101","99.7"
"Hitchcock, Nebraska","31087","99.6"
"Jackson, Kentucky","21109","99.6"
"Craig, Virginia","51045","99.6"
"Deuel, South Dakota","46039","99.6"
"Hanson, South Dakota","46061","99.6"
"Franklin, Indiana","18047","99.5"
"Highland, Virginia","51091","99.5"
"Menifee, Kentucky","21165","99.4"
"Steele, North Dakota","38091","99.4"
"Wibaux, Montana","30109","99.3"
"Pickett, Tennessee","47137","99.3"
"Clay, West Virginia","54015","99.3"
"Chase, Nebraska","31029","99.2"
"Butte, Idaho","16023","99.2"
"Campbell, South Dakota","46021","99.2"
"Calhoun, West Virginia","54013","99.2"
"Dundy, Nebraska","31057","99.2"
"Big Stone, Minnesota","27011","99.1"
"Lucas, Iowa","19117","99.1"
"Robertson, Kentucky","21201","99.1"
"King, Texas","48269","99.1"
"Carroll, Iowa","19027","99.1"
"Piute, Utah","49031","99.0"
"Catron, New Mexico","35003","99.0"
"Nance, Nebraska","31125","99.0"
"Ritchie, West Virginia","54085","99.0"
"Real, Texas","48385","99.0"
"Valley, Idaho","16085","98.9"
"Perkins, Nebraska","31135","98.9"
"Jim Hogg, Texas","48247","98.9"
"Pleasants, West Virginia","54073","98.8"
"Wolfe, Kentucky","21237","98.8"
"Douglas, Missouri","29067","98.8"
"Wheeler, Nebraska","31183","98.8"
"Liberty, Montana","30051","98.8"
"Musselshell, Montana","30065","98.8"
"Hooker, Nebraska","31091","98.7"
"Pocahontas, West Virginia","54075","98.7"
"Lincoln, West Virginia","54043","98.7"
"San Juan, Colorado","8111","98.7"
"Prairie, Montana","30079","98.7"
"Logan, North Dakota","38047","98.7"
"Sierra, California","6091","98.6"
"Jones, South Dakota","46075","98.6"
"Logan, Nebraska","31113","98.6"
"Hand, South Dakota","46059","98.6"
"Florence, Wisconsin","55037","98.6"
"Keya Paha, Nebraska","31103","98.5"
"McMullen, Texas","48311","98.5"
"Holmes, Ohio","39075","98.4"
"Boone, Nebraska","31011","98.4"
"Hayes, Nebraska","31085","98.4"
"Dickenson, Virginia","51051","98.4"
"Shelby, Illinois","17173","98.3"
"Adams, Iowa","19003","98.3"
"Grant, Nebraska","31075","98.3"
"Mills, Texas","48333","98.3"
"Daniels, Montana","30019","98.3"
"Garden, Nebraska","31069","98.3"
"Grundy, Iowa","19075","98.3"
"Maries, Missouri","29125","98.3"
"Valley, Nebraska","31175","98.2"
"Garfield, Nebraska","31071","98.2"
"Owsley, Kentucky","21189","98.2"
"Howard, Iowa","19089","98.2"
"Scott, Illinois","17171","98.2"
"Monroe, Ohio","39111","98.2"
"Wirt, West Virginia","54105","98.2"
"Martin, Indiana","18101","98.1"
"Rock, Nebraska","31149","98.1"
"Petroleum, Montana","30069","98.1"
"Rockcastle, Kentucky","21203","98.1"
"Sheridan, North Dakota","38083","98.1"
"Washington, Indiana","18175","98.1"
"Chickasaw, Iowa","19037","98.0"
"Gosper, Nebraska","31073","98.0"
"Davis, Iowa","19051","98.0"
"Franklin, Nebraska","31061","98.0"
"Sheridan, Kansas","20179","98.0"
"Grant, North Dakota","38037","98.0"
"Cedar, Nebraska","31027","98.0"
"Sherman, Nebraska","31163","98.0"
"Pepin, Wisconsin","55091","98.0"
"Scott, Tennessee","47151","98.0"
"Tyler, West Virginia","54095","98.0"
"Scott, Virginia","51169","98.0"
"Elk, Pennsylvania","42047","98.0"
"Moultrie, Illinois","17139","98.0"
"Boone, West Virginia","54005","97.9"
"Jefferson, Pennsylvania","42065","97.9"
"Braxton, West Virginia","54007","97.9"
"Fillmore, Minnesota","27045","97.9"
"Letcher, Kentucky","21133","97.9"
"Knott, Kentucky","21119","97.9"
"Borden, Texas","48033","97.9"
"White, Illinois","17193","97.9"
"Granite, Montana","30039","97.9"
"Edmunds, South Dakota","46045","97.9"
"Osage, Missouri","29151","97.9"
"Kingsbury, South Dakota","46077","97.9"
"LaGrange, Indiana","18087","97.9"
"Wells, North Dakota","38103","97.8"
"Hamilton, Illinois","17065","97.8"
"Henderson, Illinois","17071","97.8"
"Nuckolls, Nebraska","31129","97.8"
"Wayne, West Virginia","54099","97.8"
"Lincoln, Minnesota","27081","97.8"
"Greene, Indiana","18055","97.8"
"Warren, Indiana","18171","97.8"
"Decatur, Kansas","20039","97.8"
"Lewis, Kentucky","21135","97.8"
"Hancock, Tennessee","47067","97.8"
"Adair, Iowa","19001","97.8"
"Grainger, Tennessee","47057","97.8"
"Keokuk, Iowa","19107","97.8"
"Fentress, Tennessee","47049","97.8"
"Edgar, Illinois","17045","97.7"
"Lincoln, Kansas","20105","97.7"
"Atchison, Missouri","29005","97.7"
"Kittson, Minnesota","27069","97.7"
"Jerauld, South Dakota","46073","97.7"
"Van Buren, Iowa","19177","97.7"
"Mitchell, Iowa","19131","97.7"
"Monroe, Illinois","17133","97.7"
"Republic, Kansas","20157","97.7"
"Warren, Pennsylvania","42123","97.7"
"Delaware, Iowa","19055","97.7"
"Thomas, Nebraska","31171","97.7"
"Union, Tennessee","47173","97.7"
"Comanche, Kansas","20033","97.7"
"Leslie, Kentucky","21131","97.7"
"Marshall, Kentucky","21157","97.7"
"Roane, West Virginia","54087","97.7"
"Clay, Illinois","17025","97.7"
"Floyd, Kentucky","21071","97.6"
"Benton, Indiana","18007","97.6"
"Estill, Kentucky","21065","97.6"
"Antelope, Nebraska","31003","97.6"
"Butler, Iowa","19023","97.6"
"Armstrong, Pennsylvania","42005","97.6"
"Clinton, Kentucky","21053","97.6"
"Overton, Tennessee","47133","97.6"
"Carter, Kentucky","21043","97.6"
"Turner, South Dakota","46125","97.6"
"Bedford, Pennsylvania","42009","97.6"
"Calhoun, Illinois","17013","97.6"
"McLean, Kentucky","21149","97.6"
"Banner, Nebraska","31007","97.6"
"Polk, Nebraska","31143","97.5"
"Lewis, West Virginia","54041","97.5"
"Taylor, Wisconsin","55119","97.5"
"Brown, Nebraska","31017","97.5"
"Bollinger, Missouri","29017","97.5"
"Tucker, West Virginia","54093","97.5"
"Carter, Montana","30011","97.5"
"Scott, Indiana","18143","97.5"
"Greeley, Nebraska","31077","97.5"
"Lawrence, Kentucky","21127","97.5"
"Carroll, Ohio","39019","97.5"
"Darke, Ohio","39037","97.5"
"Emery, Utah","49015","97.5"
"Marshall, West Virginia","54051","97.5"
"Campbell, Tennessee","47013","97.5"
"Pierce, Nebraska","31139","97.5"
"Susquehanna, Pennsylvania","42115","97.5"
"Pike, Kentucky","21195","97.5"
"Benton, Iowa","19011","97.5"
"Keweenaw, Michigan","26083","97.5"
"Jackson, West Virginia","54035","97.5"
"Fountain, Indiana","18045","97.5"
"Morgan, Indiana","18109","97.5"
"Faribault, Minnesota","27043","97.4"
"Meeker, Minnesota","27093","97.4"
"Wyoming, West Virginia","54109","97.4"
"Dickinson, Iowa","19059","97.4"
"McCone, Montana","30055","97.4"
"Jasper, Illinois","17079","97.4"
"Mason, West Virginia","54053","97.4"
"Livingston, Kentucky","21139","97.4"
"Harrison, Iowa","19085","97.4"
"Hancock, Illinois","17067","97.4"
"Throckmorton, Texas","48447","97.4"
"Gentry, Missouri","29075","97.4"
"Jewell, Kansas","20089","97.4"
"Wetzel, West Virginia","54103","97.4"
"Schuyler, Missouri","29197","97.4"
"Clayton, Iowa","19043","97.4"
"Frontier, Nebraska","31063","97.4"
"Buchanan, Iowa","19019","97.4"
"Saunders, Nebraska","31155","97.4"
"Humboldt, Iowa","19091","97.4"
"Breathitt, Kentucky","21025","97.4"
"Cumberland, Illinois","17035","97.4"
"Union, Indiana","18161","97.4"
"Scotland, Missouri","29199","97.4"
"Carroll, Virginia","51035","97.4"
"Ouray, Colorado","8091","97.4"
"Nelson, North Dakota","38063","97.4"
"Sac, Iowa","19161","97.4"
"DeKalb, Indiana","18033","97.3"
"Vernon, Wisconsin","55123","97.3"
"Crawford, Indiana","18025","97.3"
"Cimarron, Oklahoma","40025","97.3"
"Effingham, Illinois","17049","97.3"
"Johnson, Kentucky","21115","97.3"
"Ohio, Kentucky","21183","97.3"
"Casey, Kentucky","21045","97.3"
"Perry, Missouri","29157","97.3"
"Russell, Virginia","51167","97.3"
"Iowa, Iowa","19095","97.3"
"Blackford, Indiana","18009","97.3"
"Jay, Indiana","18075","97.3"
"Potter, Pennsylvania","42105","97.3"
"Marshall, Illinois","17123","97.3"
"Stark, Illinois","17175","97.3"
"Gasconade, Missouri","29073","97.3"
"Madison, Iowa","19121","97.3"
"Clarke, Iowa","19039","97.2"
"Oneida, Idaho","16071","97.2"
"Mercer, Ohio","39107","97.2"
"Menard, Illinois","17129","97.2"
"Holt, Nebraska","31089","97.2"
"Ohio, Indiana","18115","97.2"
"Hocking, Ohio","39073","97.2"
"Huron, Michigan","26063","97.2"
"Grant, West Virginia","54023","97.2"
"Cedar, Iowa","19031","97.2"
"Mason, Illinois","17125","97.2"
"Guthrie, Iowa","19077","97.2"
"Kidder, North Dakota","38043","97.2"
"Perry, Ohio","39127","97.2"
"Daviess, Missouri","29061","97.2"
"Carroll, New Hampshire","33003","97.2"
"Audubon, Iowa","19009","97.2"
"Wyoming, Pennsylvania","42131","97.2"
"Pendleton, Kentucky","21191","97.2"
"Adams, Ohio","39001","97.2"
"Vinton, Ohio","39163","97.2"
"Ida, Iowa","19093","97.2"
"Appanoose, Iowa","19007","97.2"
"Jo Daviess, Illinois","17085","97.1"
"Preble, Ohio","39135","97.1"
"Piatt, Illinois","17147","97.1"
"Meigs, Ohio","39105","97.1"
"Cass, Iowa","19029","97.1"
"Worth, Missouri","29227","97.1"
"Rich, Utah","49033","97.1"
"Stoddard, Missouri","29207","97.1"
"Wayne, Iowa","19185","97.1"
"Brown, Ohio","39015","97.1"
"Gladwin, Michigan","26051","97.1"
"Rush, Indiana","18139","97.1"
"Steuben, Indiana","18151","97.1"
"Marshall, Minnesota","27089","97.1"
"Grant, Minnesota","27051","97.1"
"Ripley, Indiana","18137","97.1"
"Houston, Minnesota","27055","97.1"
"Jennings, Indiana","18079","97.1"
"Hampshire, West Virginia","54027","97.1"
"Sequatchie, Tennessee","47153","97.1"
"Loving, Texas","48301","97.1"
"Lafayette, Wisconsin","55065","97.1"
"Tioga, Pennsylvania","42117","97.1"
"Thayer, Nebraska","31169","97.1"
"Dearborn, Indiana","18029","97.1"
"Madison, Missouri","29123","97.1"
"Nicholas, West Virginia","54067","97.1"
"Mercer, Illinois","17131","97.0"
"McHenry, North Dakota","38049","97.0"
"Owen, Indiana","18119","97.0"
"Clark, Illinois","17023","97.0"
"Laurel, Kentucky","21125","97.0"
"Cleburne, Arkansas","5023","97.0"
"Perry, Pennsylvania","42099","97.0"
"Upshur, West Virginia","54097","97.0"
"Kossuth, Iowa","19109","97.0"
"Golden Valley, North Dakota","38033","97.0"
"Douglas, Minnesota","27041","97.0"
"Lincoln, Maine","23015","97.0"
"Wyandot, Ohio","39175","97.0"
"Franklin, Illinois","17055","97.0"
"Shelby, Iowa","19165","97.0"
"Stanton, Nebraska","31167","97.0"
"Alcona, Michigan","26001","97.0"
"Greene, Illinois","17061","97.0"
"Putnam, Illinois","17155","97.0"
"LaMoure, North Dakota","38045","97.0"
"Buffalo, Wisconsin","55011","97.0"
"Fillmore, Nebraska","31059","97.0"
"Edwards, Illinois","17047","97.0"
"Clark, Missouri","29045","97.0"
"Gray, Kansas","20069","97.0"
"Monroe, West Virginia","54063","97.0"
"Cumberland, Tennessee","47035","96.9"
"Nemaha, Kansas","20131","96.9"
"Bradford, Pennsylvania","42015","96.9"
"Butler, Kentucky","21031","96.9"
"Union, Georgia","13291","96.9"
"Bland, Virginia","51021","96.9"
"Jackson, Ohio","39079","96.9"
"Mifflin, Pennsylvania","42087","96.9"
"Oscoda, Michigan","26135","96.9"
"Pike, Indiana","18125","96.9"
"Macoupin, Illinois","17117","96.9"
"Mercer, Missouri","29129","96.9"
"Whitley, Indiana","18183","96.9"
"Marshall, Kansas","20117","96.9"
"Mitchell, Kansas","20123","96.9"
"Worth, Iowa","19195","96.9"
"Kewaunee, Wisconsin","55061","96.9"
"Lincoln, Wisconsin","55069","96.9"
"Coshocton, Ohio","39031","96.9"
"Morgan, West Virginia","54065","96.9"
"Union, Iowa","19175","96.9"
"Lyon, Iowa","19119","96.9"
"Washington, Nebraska","31177","96.9"
"Alpena, Michigan","26007","96.9"
"Greenup, Kentucky","21089","96.9"
"Judith Basin, Montana","30045","96.9"
"Fannin, Georgia","13111","96.9"
"Woodford, Illinois","17203","96.8"
"Hancock, Iowa","19081","96.8"
"Hamlin, South Dakota","46057","96.8"
"Venango, Pennsylvania","42121","96.8"
"Jackson, Iowa","19097","96.8"
"Noble, Indiana","18113","96.8"
"Custer, Nebraska","31041","96.8"
"Starke, Indiana","18149","96.8"
"Foster, North Dakota","38031","96.8"
"Adams, Indiana","18001","96.8"
"Jefferson, Nebraska","31095","96.8"
"Allamakee, Iowa","19005","96.8"
"Shelby, Missouri","29205","96.8"
"Pike, Illinois","17149","96.8"
"Brown, Indiana","18013","96.8"
"Carbon, Montana","30009","96.8"
"Newton, Indiana","18111","96.8"
"Lane, Kansas","20101","96.8"
"Clay, North Carolina","37043","96.8"
"Pope, Minnesota","27121","96.8"
"Lee, Kentucky","21129","96.8"
"Garrett, Maryland","24023","96.8"
"Whitley, Kentucky","21235","96.8"
"Vermillion, Indiana","18165","96.8"
"Kingman, Kansas","20095","96.8"
"Powell, Kentucky","21197","96.8"
"Spencer, Indiana","18147","96.8"
"Monona, Iowa","19133","96.8"
"Van Buren, Tennessee","47175","96.8"
"Bracken, Kentucky","21023","96.8"
"Winneshiek, Iowa","19191","96.8"
"Morrison, Minnesota","27097","96.7"
"Ralls, Missouri","29173","96.7"
"Washington, Illinois","17189","96.7"
"Hillsdale, Michigan","26059","96.7"
"Ringgold, Iowa","19159","96.7"
"Knox, Kentucky","21121","96.7"
"Crawford, Missouri","29055","96.7"
"Sanilac, Michigan","26151","96.7"
"Crawford, Ohio","39033","96.7"
"Butler, Nebraska","31023","96.7"
"Wayne, Missouri","29223","96.7"
"Ste. Genevieve, Missouri","29186","96.7"
"Geauga, Ohio","39055","96.7"
"Wayne, Illinois","17191","96.7"
"Gallatin, Illinois","17059","96.7"
"Switzerland, Indiana","18155","96.7"
"Auglaize, Ohio","39011","96.7"
"Somerset, Maine","23025","96.7"
"Clay, Nebraska","31035","96.7"
"Dolores, Colorado","8033","96.7"
"Linn, Missouri","29115","96.7"
"Clark, South Dakota","46025","96.7"
"Montmorency, Michigan","26119","96.7"
"Tuscarawas, Ohio","39157","96.7"
"Holt, Missouri","29087","96.7"
"Murray, Georgia","13213","96.7"
"Lewis, New York","36049","96.7"
"Clay, Kansas","20027","96.7"
"Kinney, Texas","48271","96.7"
"Orange, Vermont","50017","96.7"
"Jersey, Illinois","17083","96.7"
"Juniata, Pennsylvania","42067","96.7"
"Lawrence, Arkansas","5075","96.7"
"Dickey, North Dakota","38021","96.7"
"Murray, Minnesota","27101","96.6"
"Hamilton, New York","36041","96.6"
"Marinette, Wisconsin","55075","96.6"
"Smith, Kansas","20183","96.6"
"Phillips, Kansas","20147","96.6"
"Shiawassee, Michigan","26155","96.6"
"Lake, Minnesota","27075","96.6"
"Rutland, Vermont","50021","96.6"
"Morgan, Utah","49029","96.6"
"Spink, South Dakota","46115","96.6"
"Mills, Iowa","19129","96.6"
"Taylor, West Virginia","54091","96.6"
"Stone, Arkansas","5137","96.6"
"Randolph, West Virginia","54083","96.6"
"Ogemaw, Michigan","26129","96.6"
"Crittenden, Kentucky","21055","96.6"
"Iowa, Wisconsin","55049","96.6"
"Roscommon, Michigan","26143","96.6"
"Ashland, Ohio","39005","96.6"
"Tioga, New York","36107","96.6"
"Christian, Illinois","17021","96.6"
"Giles, Virginia","51071","96.6"
"Baxter, Arkansas","5005","96.6"
"Cameron, Pennsylvania","42023","96.6"
"Harrison, Indiana","18061","96.6"
"Franklin, Maine","23007","96.6"
"Oconto, Wisconsin","55083","96.6"
"Iron, Wisconsin","55051","96.6"
"Logan, West Virginia","54045","96.6"
"Clay, Indiana","18021","96.5"
"Kearney, Nebraska","31099","96.5"
"Cedar, Missouri","29039","96.5"
"Claiborne, Tennessee","47025","96.5"
"Howard, Nebraska","31093","96.5"
"Clarion, Pennsylvania","42031","96.5"
"Belknap, New Hampshire","33001","96.5"
"Gage, Nebraska","31067","96.5"
"Washington, Kansas","20201","96.5"
"Lawrence, Indiana","18093","96.5"
"Knox, Ohio","39083","96.5"
"Waldo, Maine","23027","96.5"
"Knox, Missouri","29103","96.5"
"Grant, Wisconsin","55043","96.5"
"Lac qui Parle, Minnesota","27073","96.5"
"Unicoi, Tennessee","47171","96.5"
"Furnas, Nebraska","31065","96.5"
"Carter, Tennessee","47019","96.5"
"Nicholas, Kentucky","21181","96.5"
"Sanborn, South Dakota","46111","96.5"
"Snyder, Pennsylvania","42109","96.5"
"Miner, South Dakota","46097","96.5"
"Presque Isle, Michigan","26141","96.5"
"Hodgeman, Kansas","20083","96.4"
"Sullivan, New Hampshire","33019","96.4"
"Macon, Tennessee","47111","96.4"
"Door, Wisconsin","55029","96.4"
"Perkins, South Dakota","46105","96.4"
"Putnam, West Virginia","54079","96.4"
"Pawnee, Nebraska","31133","96.4"
"Phelps, Nebraska","31137","96.4"
"Decatur, Indiana","18031","96.4"
"Trimble, Kentucky","21223","96.4"
"Schuyler, New York","36097","96.4"
"Richland, Illinois","17159","96.4"
"Fulton, Pennsylvania","42057","96.4"
"Brooke, West Virginia","54009","96.4"
"Stone, Missouri","29209","96.4"
"Bowman, North Dakota","38011","96.4"
"Orleans, Vermont","50019","96.4"
"Orange, Indiana","18117","96.4"
"Essex, Vermont","50009","96.4"
"Dallas, Missouri","29059","96.4"
"Anderson, Kansas","20003","96.4"
"Knox, Maine","23013","96.4"
"Hancock, Kentucky","21091","96.4"
"Wright, Missouri","29229","96.4"
"Putnam, Missouri","29171","96.4"
"Camden, Missouri","29029","96.4"
"Mitchell, North Carolina","37121","96.4"
"Boone, Iowa","19015","96.4"
"Treasure, Montana","30103","96.3"
"Hamilton, Nebraska","31081","96.3"
"Kenedy, Texas","48261","96.3"
"Fulton, Arkansas","5049","96.3"
"Ripley, Missouri","29181","96.3"
"Tuscola, Michigan","26157","96.3"
"Polk, Wisconsin","55095","96.3"
"Morrow, Ohio","39117","96.3"
"Dawson, Georgia","13085","96.3"
"Waupaca, Wisconsin","55135","96.3"
"Oxford, Maine","23017","96.3"
"Phillips, Colorado","8095","96.3"
"Douglas, Illinois","17041","96.3"
"Sublette, Wyoming","56035","96.3"
"Fayette, Indiana","18041","96.3"
"Winston, Alabama","1133","96.3"
"Clark, Wisconsin","55019","96.3"
"Harrison, Missouri","29081","96.3"
"Ottawa, Kansas","20143","96.3"
"Meigs, Tennessee","47121","96.3"
"Cass, Nebraska","31025","96.3"
"Livingston, Michigan","26093","96.3"
"Metcalfe, Kentucky","21169","96.3"
"Arenac, Michigan","26011","96.3"
"Polk, Tennessee","47139","96.3"
"Green Lake, Wisconsin","55047","96.3"
"Posey, Indiana","18129","96.3"
"Spencer, Kentucky","21215","96.3"
"McIntosh, North Dakota","38051","96.3"
"Rooks, Kansas","20163","96.3"
"Keith, Nebraska","31101","96.3"
"Howell, Missouri","29091","96.3"
"Kanabec, Minnesota","27065","96.3"
"Clare, Michigan","26035","96.3"
"Osborne, Kansas","20141","96.2"
"De Witt, Illinois","17039","96.2"
"Washington, Virginia","51191","96.2"
"Osceola, Michigan","26133","96.2"
"Hickory, Missouri","29085","96.2"
"Wabasha, Minnesota","27157","96.2"
"Hot Springs, Wyoming","56017","96.2"
"Renville, North Dakota","38075","96.2"
"Rusk, Wisconsin","55107","96.2"
"Martin, Minnesota","27091","96.2"
"Clinton, Pennsylvania","42035","96.2"
"Rock, Minnesota","27133","96.2"
"Oneida, Wisconsin","55085","96.2"
"Carbon, Pennsylvania","42025","96.2"
"Hardin, Ohio","39065","96.2"
"Green, Wisconsin","55045","96.2"
"Wabash, Illinois","17185","96.2"
"Missaukee, Michigan","26113","96.2"
"Ozark, Missouri","29153","96.2"
"Fleming, Kentucky","21069","96.2"
"Red Willow, Nebraska","31145","96.2"
"Elliott, Kentucky","21063","96.2"
"Trego, Kansas","20195","96.2"
"Miller, Missouri","29131","96.2"
"Tipton, Indiana","18159","96.2"
"Bremer, Iowa","19017","96.2"
"Seward, Nebraska","31159","96.2"
"Franklin, Idaho","16041","96.2"
"Warren, Iowa","19181","96.2"
"Benton, Missouri","29015","96.2"
"Pulaski, Kentucky","21199","96.2"
"Yates, New York","36123","96.2"
"Washington, Iowa","19183","96.2"
"Wood, West Virginia","54107","96.2"
"Van Wert, Ohio","39161","96.2"
"Barry, Michigan","26015","96.2"
"Piscataquis, Maine","23021","96.1"
"Palo Alto, Iowa","19147","96.1"
"Greene, Iowa","19073","96.1"
"Emmons, North Dakota","38029","96.1"
"Boone, Arkansas","5009","96.1"
"Nemaha, Nebraska","31127","96.1"
"Marion, Arkansas","5089","96.1"
"Shackelford, Texas","48417","96.1"
"Yancey, North Carolina","37199","96.1"
"Le Sueur, Minnesota","27079","96.1"
"Wells, Indiana","18179","96.1"
"Harper, Kansas","20077","96.1"
"Broadwater, Montana","30007","96.1"
"Hutchinson, South Dakota","46067","96.1"
"Doddridge, West Virginia","54017","96.1"
"Dickinson, Michigan","26043","96.1"
"Crawford, Michigan","26039","96.1"
"Iron, Michigan","26071","96.1"
"Crow Wing, Minnesota","27035","96.1"
"Caledonia, Vermont","50005","96.1"
"Garrard, Kentucky","21079","96.1"
"Franklin, Missouri","29071","96.1"
"Pocahontas, Iowa","19151","96.1"
"Highland, Ohio","39071","96.1"
"Ransom, North Dakota","38073","96.1"
"Hidalgo, New Mexico","35023","96.0"
"Hawkins, Tennessee","47073","96.0"
"Antrim, Michigan","26009","96.0"
"Jefferson, Missouri","29099","96.0"
"Park, Montana","30067","96.0"
"Ravalli, Montana","30081","96.0"
"Osage, Kansas","20139","96.0"
"Rowan, Kentucky","21205","96.0"
"Cannon, Tennessee","47015","96.0"
"Huntington, Indiana","18069","96.0"
"Chenango, New York","36017","96.0"
"Bath, Kentucky","21011","96.0"
"Wabaunsee, Kansas","20197","96.0"
"Rush, Kansas","20165","96.0"
"Morris, Kansas","20127","96.0"
"Monroe, Iowa","19135","96.0"
"Barbour, West Virginia","54001","96.0"
"Wexford, Michigan","26165","96.0"
"Willacy, Texas","48489","96.0"
"Pierce, Wisconsin","55093","96.0"
"Wayne, Utah","49055","96.0"
"Bullitt, Kentucky","21029","96.0"
"Owen, Kentucky","21187","96.0"
"Ontonagon, Michigan","26131","96.0"
"Caldwell, Missouri","29025","96.0"
"Perry, Kentucky","21193","96.0"
"Marquette, Wisconsin","55077","96.0"
"Sibley, Minnesota","27143","95.9"
"Sweet Grass, Montana","30097","95.9"
"Benzie, Michigan","26019","95.9"
"Ray, Missouri","29177","95.9"
"Clay, Arkansas","5021","95.9"
"Randolph, Indiana","18135","95.9"
"Herkimer, New York","36043","95.9"
"Jackson, Tennessee","47087","95.9"
"Marion, Kansas","20115","95.9"
"Kennebec, Maine","23011","95.9"
"Converse, Wyoming","56009","95.9"
"Lincoln, Wyoming","56023","95.9"
"White, Tennessee","47185","95.9"
"Hancock, Maine","23009","95.9"
"Butler, Pennsylvania","42019","95.9"
"Van Buren, Arkansas","5141","95.9"
"Beaver, Utah","49001","95.9"
"Washington, Vermont","50023","95.9"
"Stillwater, Montana","30095","95.8"
"McPherson, Nebraska","31117","95.8"
"Grundy, Missouri","29079","95.8"
"Monroe, Kentucky","21171","95.8"
"McPherson, South Dakota","46089","95.8"
"Kalkaska, Michigan","26079","95.8"
"Washington, Ohio","39167","95.8"
"Lapeer, Michigan","26087","95.8"
"Iosco, Michigan","26069","95.8"
"Tazewell, Illinois","17179","95.8"
"Windsor, Vermont","50027","95.8"
"Lamoille, Vermont","50015","95.8"
"Carroll, Indiana","18015","95.8"
"Yoakum, Texas","48501","95.8"
"St. Croix, Wisconsin","55109","95.8"
"Mingo, West Virginia","54059","95.8"
"Grayson, Kentucky","21085","95.8"
"Ness, Kansas","20135","95.8"
"Washington, Colorado","8121","95.8"
"Adams, Idaho","16003","95.8"
"Warren, New York","36113","95.8"
"Calhoun, Iowa","19025","95.7"
"Morgan, Missouri","29141","95.7"
"Price, Wisconsin","55099","95.7"
"Smyth, Virginia","51173","95.7"
"Logan, Kansas","20109","95.7"
"Webster, Missouri","29225","95.7"
"Montgomery, Indiana","18107","95.7"
"Brown, Minnesota","27015","95.7"
"Floyd, Virginia","51063","95.7"
"Iron, Missouri","29093","95.7"
"Wadena, Minnesota","27159","95.7"
"St. Clair, Missouri","29185","95.7"
"Arthur, Nebraska","31005","95.7"
"Randolph, Arkansas","5121","95.7"
"Bennington, Vermont","50003","95.7"
"Andrew, Missouri","29003","95.7"
"Emmet, Iowa","19063","95.7"
"Carroll, Illinois","17015","95.7"
"York, Maine","23031","95.7"
"Schoharie, New York","36095","95.7"
"Wabash, Indiana","18169","95.7"
"Caribou, Idaho","16029","95.6"
"San Miguel, Colorado","8113","95.6"
"Washburn, Wisconsin","55129","95.6"
"Daggett, Utah","49009","95.6"
"Dodge, Minnesota","27039","95.6"
"Harrison, Ohio","39067","95.6"
"Carroll, Missouri","29033","95.6"
"Madison, North Carolina","37115","95.6"
"Dent, Missouri","29065","95.6"
"Edmonson, Kentucky","21061","95.6"
"Vernon, Missouri","29217","95.6"
"Linn, Kansas","20107","95.6"
"Coffey, Kansas","20031","95.6"
"Haywood, North Carolina","37087","95.6"
"Jefferson, Kansas","20087","95.6"
"Chariton, Missouri","29041","95.6"
"Pendleton, West Virginia","54071","95.6"
"Ottawa, Ohio","39123","95.6"
"Crawford, Pennsylvania","42039","95.6"
"Oswego, New York","36075","95.6"
"Otsego, Michigan","26137","95.6"
"Sagadahoc, Maine","23023","95.6"
"Lawrence, Missouri","29109","95.5"
"Harlan, Nebraska","31083","95.5"
"Miami, Kansas","20121","95.5"
"Page, Virginia","51139","95.5"
"Fremont, Iowa","19071","95.5"
"Pulaski, Indiana","18131","95.5"
"Jefferson, Tennessee","47089","95.5"
"Jim Wells, Texas","48249","95.5"
"Oregon, Missouri","29149","95.5"
"Sherman, Oregon","41055","95.5"
"Langlade, Wisconsin","55067","95.5"
"Armstrong, Texas","48011","95.5"
"Gove, Kansas","20063","95.5"
"Bates, Missouri","29013","95.5"
"Shannon, Missouri","29203","95.5"
"Cheyenne, Nebraska","31033","95.5"
"Lawrence, Ohio","39087","95.5"
"Polk, Missouri","29167","95.5"
"Edwards, Kansas","20047","95.5"
"Richland, Wisconsin","55103","95.5"
"Blair, Pennsylvania","42013","95.5"
"Pike, Ohio","39131","95.5"
"Jasper, Iowa","19099","95.5"
"Marion, Iowa","19125","95.5"
"Boyd, Nebraska","31015","95.5"
"Barber, Kansas","20007","95.5"
"McCook, South Dakota","46087","95.5"
"Harrison, West Virginia","54033","95.5"
"Blount, Alabama","1009","95.5"
"Lawrence, Tennessee","47099","95.5"
"Jones, Iowa","19105","95.4"
"Clay, Iowa","19041","95.4"
"Sully, South Dakota","46119","95.4"
"Merrick, Nebraska","31121","95.4"
"Webb, Texas","48479","95.4"
"Hood, Texas","48221","95.4"
"Lewis, Tennessee","47101","95.4"
"Cloud, Kansas","20029","95.4"
"Taylor, Iowa","19173","95.4"
"Hardin, Iowa","19083","95.4"
"Greene, Arkansas","5055","95.4"
"Henry, Missouri","29083","95.4"
"Ford, Illinois","17053","95.4"
"Christian, Missouri","29043","95.4"
"Hardin, Illinois","17069","95.4"
"Parke, Indiana","18121","95.4"
"Fayette, Iowa","19065","95.4"
"Roberts, Texas","48393","95.4"
"Platte, Nebraska","31141","95.4"
"Harlan, Kentucky","21095","95.4"
"Harrison, Kentucky","21097","95.4"
"Towns, Georgia","13281","95.4"
"Allegany, New York","36003","95.4"
"Breckinridge, Kentucky","21027","95.4"
"Crawford, Wisconsin","55023","95.4"
"Crook, Wyoming","56011","95.4"
"Sargent, North Dakota","38081","95.3"
"Bonner, Idaho","16017","95.3"
"Bell, Kentucky","21013","95.3"
"Dade, Missouri","29057","95.3"
"Medina, Ohio","39103","95.3"
"Allen, Kentucky","21003","95.3"
"Griggs, North Dakota","38039","95.3"
"Jefferson, Indiana","18077","95.3"
"Carlisle, Kentucky","21039","95.3"
"Cheshire, New Hampshire","33005","95.3"
"Isanti, Minnesota","27059","95.3"
"Anderson, Kentucky","21005","95.3"
"Chisago, Minnesota","27025","95.3"
"Webster, Nebraska","31181","95.2"
"Barron, Wisconsin","55005","95.2"
"Cullman, Alabama","1043","95.2"
"Carter, Missouri","29035","95.2"
"Buchanan, Virginia","51027","95.2"
"Stafford, Kansas","20185","95.2"
"Fallon, Montana","30025","95.2"
"Lincoln, Nebraska","31111","95.2"
"Morrill, Nebraska","31123","95.2"
"Laclede, Missouri","29105","95.2"
"Gunnison, Colorado","8051","95.2"
"Otter Tail, Minnesota","27111","95.2"
"Washington, Missouri","29221","95.2"
"Guernsey, Ohio","39059","95.2"
"Burt, Nebraska","31021","95.2"
"Clinton, Missouri","29049","95.2"
"Somerset, Pennsylvania","42111","95.2"
"Daviess, Indiana","18027","95.2"
"Greenwood, Kansas","20073","95.2"
"Douglas, South Dakota","46043","95.2"
"McPherson, Kansas","20113","95.2"
"Winnebago, Iowa","19189","95.1"
"Wallowa, Oregon","41063","95.1"
"Charlevoix, Michigan","26029","95.1"
"Gibson, Indiana","18051","95.1"
"Fergus, Montana","30027","95.1"
"Sharp, Arkansas","5135","95.1"
"Ashe, North Carolina","37009","95.1"
"Wayne, Nebraska","31179","95.1"
"Cavalier, North Dakota","38019","95.1"
"Mahaska, Iowa","19123","95.1"
"Russell, Kansas","20167","95.1"
"Bosque, Texas","48035","95.1"
"Chase, Kansas","20017","95.1"
"Kimball, Nebraska","31105","95.1"
"Hancock, West Virginia","54029","95.1"
"Campbell, Wyoming","56005","95.1"
"Blaine, Idaho","16013","95.1"
"Clermont, Ohio","39025","95.1"
"Reynolds, Missouri","29179","95.1"
"Clay, Texas","48077","95.1"
"Starr, Texas","48427","95.1"
"Sheridan, Wyoming","56033","95.1"
"Williams, Ohio","39171","95.1"
"Montgomery, Iowa","19137","95.1"
"Smith, Tennessee","47159","95.0"
"Green, Kentucky","21087","95.0"
"Mason, Michigan","26105","95.0"
"Faulk, South Dakota","46049","95.0"
"Paulding, Ohio","39125","95.0"
"Franklin, Vermont","50011","95.0"
"Beaverhead, Montana","30001","95.0"
"Cheatham, Tennessee","47021","95.0"
"Montgomery, Missouri","29139","95.0"
"Aroostook, Maine","23003","95.0"
"York, Nebraska","31185","95.0"
"Clearfield, Pennsylvania","42033","95.0"
"Chippewa, Wisconsin","55017","95.0"
"Grant, Arkansas","5053","95.0"
"Columbia, Pennsylvania","42037","94.9"
"Cheyenne, Kansas","20023","94.9"
"Esmeralda, Nevada","32009","94.9"
"McLeod, Minnesota","27085","94.9"
"Routt, Colorado","8107","94.9"
"Wasatch, Utah","49051","94.9"
"Hancock, Indiana","18059","94.9"
"Steuben, New York","36101","94.9"
"Dade, Georgia","13083","94.9"
"Columbia, Wisconsin","55021","94.9"
"Washington, Wisconsin","55131","94.9"
"Cocke, Tennessee","47029","94.9"
"Lincoln, Montana","30053","94.9"
"Powder River, Montana","30075","94.9"
"Swift, Minnesota","27151","94.9"
"Columbiana, Ohio","39029","94.9"
"Hamilton, Texas","48193","94.9"
"Decatur, Iowa","19053","94.9"
"Young, Texas","48503","94.9"
"Mineral, West Virginia","54057","94.9"
"Prowers, Colorado","8099","94.8"
"Sevier, Tennessee","47155","94.8"
"Platte, Wyoming","56031","94.8"
"Archer, Texas","48009","94.8"
"Wythe, Virginia","51197","94.8"
"Lemhi, Idaho","16059","94.8"
"Cortland, New York","36023","94.8"
"Grant, Kentucky","21081","94.8"
"Henry, Indiana","18065","94.8"
"Red Lake, Minnesota","27125","94.8"
"Grand Traverse, Michigan","26055","94.8"
"Wheatland, Montana","30107","94.8"
"Westmoreland, Pennsylvania","42129","94.8"
"Baca, Colorado","8009","94.8"
"Wayne, Kentucky","21231","94.8"
"Greene, Tennessee","47059","94.8"
"Dawson, Montana","30021","94.8"
"Montague, Texas","48337","94.8"
"Rockingham, New Hampshire","33015","94.8"
"Plymouth, Iowa","19149","94.8"
"Delta, Colorado","8029","94.8"
"Montgomery, Kentucky","21173","94.8"
"Northumberland, Pennsylvania","42097","94.8"
"Dubois, Indiana","18037","94.8"
"Penobscot, Maine","23019","94.8"
"Grand, Colorado","8049","94.8"
"Cherokee, Iowa","19035","94.8"
"Burke, North Dakota","38013","94.8"
"Tishomingo, Mississippi","28141","94.8"
"Aitkin, Minnesota","27001","94.8"
"Indiana, Pennsylvania","42063","94.7"
"Otoe, Nebraska","31131","94.7"
"Bristol, Rhode Island","44001","94.7"
"Delaware, New York","36025","94.7"
"Teton, Montana","30099","94.7"
"Izard, Arkansas","5065","94.7"
"Bay, Michigan","26017","94.7"
"Grant, Oregon","41023","94.7"
"Neosho, Kansas","20133","94.7"
"Wallace, Kansas","20199","94.7"
"Jefferson, Montana","30043","94.7"
"Callahan, Texas","48059","94.7"
"Windham, Vermont","50025","94.7"
"Perry, Indiana","18123","94.7"
"Lincoln, Missouri","29113","94.7"
"Jeff Davis, Texas","48243","94.7"
"Monroe, Tennessee","47123","94.7"
"Monroe, Missouri","29137","94.7"
"Clay, Tennessee","47027","94.7"
"Newton, Arkansas","5101","94.7"
"Teller, Colorado","8119","94.7"
"Madison, New York","36053","94.7"
"Clear Creek, Colorado","8019","94.7"
"Carson, Texas","48065","94.7"
"Lincoln, South Dakota","46083","94.7"
"Codington, South Dakota","46029","94.7"
"Park, Colorado","8093","94.7"
"Grant, South Dakota","46051","94.7"
"Dickinson, Kansas","20041","94.7"
"Bear Lake, Idaho","16007","94.7"
"Logan, Ohio","39091","94.7"
"Pierce, North Dakota","38069","94.7"
"Tazewell, Virginia","51185","94.7"
"Presidio, Texas","48377","94.7"
"Putnam, Ohio","39137","94.6"
"Lincoln, Kentucky","21137","94.6"
"Wright, Minnesota","27171","94.6"
"Haakon, South Dakota","46055","94.6"
"Adair, Kentucky","21001","94.6"
"Wayne, Ohio","39169","94.6"
"Todd, Minnesota","27153","94.6"
"Calumet, Wisconsin","55015","94.6"
"Hinsdale, Colorado","8053","94.6"
"Oceana, Michigan","26127","94.6"
"Russell, Kentucky","21207","94.6"
"Osceola, Iowa","19143","94.6"
"Fulton, New York","36035","94.6"
"Huron, Ohio","39077","94.6"
"Lake, South Dakota","46079","94.6"
"Macon, Missouri","29121","94.5"
"Wilson, Kansas","20205","94.5"
"Sullivan, Tennessee","47163","94.5"
"Champaign, Ohio","39021","94.5"
"Loudon, Tennessee","47105","94.5"
"Concho, Texas","48095","94.5"
"McKean, Pennsylvania","42083","94.5"
"Cameron, Texas","48061","94.5"
"Flathead, Montana","30029","94.5"
"Jackson, Minnesota","27063","94.5"
"Montcalm, Michigan","26117","94.5"
"Fremont, Idaho","16043","94.5"
"Big Horn, Wyoming","56003","94.5"
"Meagher, Montana","30059","94.5"
"Barnes, North Dakota","38003","94.5"
"Deuel, Nebraska","31049","94.5"
"Boise, Idaho","16015","94.5"
"Grand Isle, Vermont","50013","94.5"
"Minidoka, Idaho","16067","94.5"
"Boyd, Kentucky","21019","94.5"
"Park, Wyoming","56029","94.4"
"Floyd, Iowa","19067","94.4"
"Comanche, Texas","48093","94.4"
"Rhea, Tennessee","47143","94.4"
"Monroe, Michigan","26115","94.4"
"Moffat, Colorado","8081","94.4"
"Sumner, Kansas","20191","94.4"
"Menominee, Michigan","26109","94.4"
"Scott, Kansas","20171","94.4"
"Gallia, Ohio","39053","94.4"
"Shelby, Indiana","18145","94.4"
"Sevier, Utah","49041","94.4"
"Pottawatomie, Kansas","20149","94.4"
"Benton, Tennessee","47005","94.4"
"Mercer, North Dakota","38057","94.4"
"Traill, North Dakota","38097","94.4"
"Sauk, Wisconsin","55111","94.4"
"Dixon, Nebraska","31051","94.3"
"Perry, Tennessee","47135","94.3"
"Alleghany, North Carolina","37005","94.3"
"Johnson, Tennessee","47091","94.3"
"Goodhue, Minnesota","27049","94.3"
"Montrose, Colorado","8085","94.3"
"Manitowoc, Wisconsin","55071","94.3"
"Butte, South Dakota","46019","94.3"
"Thomas, Kansas","20193","94.3"
"Lewis, Missouri","29111","94.3"
"Clinton, Ohio","39027","94.3"
"Henry, Ohio","39069","94.3"
"Poquoson, Virginia","51735","94.3"
"Madison, Montana","30057","94.3"
"Jasper, Indiana","18073","94.3"
"Gallatin, Montana","30031","94.3"
"Fulton, Illinois","17057","94.3"
"White, Georgia","13311","94.3"
"Eureka, Nevada","32011","94.3"
"Franklin, Arkansas","5047","94.2"
"Barton, Missouri","29011","94.2"
"Bath, Virginia","51017","94.2"
"Dodge, Nebraska","31053","94.2"
"Merrimack, New Hampshire","33013","94.2"
"Hardin, Tennessee","47071","94.2"
"Scioto, Ohio","39145","94.2"
"Cleburne, Alabama","1029","94.2"
"Ogle, Illinois","17141","94.2"
"Huerfano, Colorado","8055","94.2"
"Harper, Oklahoma","40059","94.2"
"Wood, Wisconsin","55141","94.2"
"Cerro Gordo, Iowa","19033","94.2"
"Kootenai, Idaho","16055","94.2"
"Addison, Vermont","50001","94.2"
"Greene, Pennsylvania","42059","94.2"
"Knox, Indiana","18083","94.2"
"Silver Bow, Montana","30093","94.2"
"Richardson, Nebraska","31147","94.1"
"Jerome, Idaho","16053","94.1"
"Stewart, Tennessee","47161","94.1"
"Cuming, Nebraska","31039","94.1"
"Union, Illinois","17181","94.1"
"DeKalb, Tennessee","47041","94.1"
"Union, South Dakota","46127","94.1"
"Boundary, Idaho","16021","94.1"
"Henry, Illinois","17073","94.1"
"Natrona, Wyoming","56025","94.1"
"Mesa, Colorado","8077","94.1"
"Shelby, Ohio","39149","94.1"
"Morgan, Tennessee","47129","94.0"
"Summit, Utah","49043","94.0"
"Lafayette, Missouri","29107","94.0"
"Wilkin, Minnesota","27167","94.0"
"O'Brien, Iowa","19141","94.0"
"Madison, Arkansas","5087","94.0"
"Dunn, Wisconsin","55033","94.0"
"Clark, Kansas","20025","94.0"
"Gilpin, Colorado","8047","94.0"
"Greenbrier, West Virginia","54025","94.0"
"Cheyenne, Colorado","8017","94.0"
"Blount, Tennessee","47009","94.0"
"Juneau, Wisconsin","55057","94.0"
"Roane, Tennessee","47145","94.0"
"Sullivan, Pennsylvania","42113","94.0"
"Custer, Montana","30017","93.9"
"Kosciusko, Indiana","18085","93.9"
"Kiowa, Kansas","20097","93.9"
"Shenandoah, Virginia","51171","93.9"
"Miami, Ohio","39109","93.9"
"Lincoln, Washington","53043","93.9"
"Clinton, Michigan","26037","93.9"
"Wayne, Pennsylvania","42127","93.9"
"Coos, New Hampshire","33007","93.9"
"Jefferson, Wisconsin","55055","93.9"
"Watauga, North Carolina","37189","93.9"
"Page, Iowa","19145","93.9"
"Branch, Michigan","26023","93.9"
"Potter, South Dakota","46107","93.8"
"Pembina, North Dakota","38067","93.8"
"Lewis and Clark, Montana","30049","93.8"
"Lumpkin, Georgia","13187","93.8"
"Campbell, Kentucky","21037","93.8"
"Clinton, Iowa","19045","93.8"
"Seneca, Ohio","39147","93.8"
"Poweshiek, Iowa","19157","93.8"
"Washington, New York","36115","93.8"
"Hubbard, Minnesota","27057","93.8"
"Wheeler, Oregon","41069","93.8"
"Juab, Utah","49023","93.8"
"Livingston, Missouri","29117","93.8"
"Delta, Michigan","26041","93.8"
"Macon, North Carolina","37113","93.8"
"Fayette, Ohio","39047","93.8"
"Fayette, Illinois","17051","93.7"
"Pratt, Kansas","20151","93.7"
"Grundy, Illinois","17063","93.7"
"Fulton, Indiana","18049","93.7"
"Woodson, Kansas","20207","93.7"
"Morgan, Kentucky","21175","93.7"
"Shoshone, Idaho","16079","93.7"
"Brantley, Georgia","13025","93.7"
"Lee, Iowa","19111","93.7"
"Allegan, Michigan","26005","93.7"
"Madison, Idaho","16065","93.7"
"Garfield, Utah","49017","93.7"
"Barton, Kansas","20009","93.7"
"Marion, West Virginia","54049","93.7"
"Ozaukee, Wisconsin","55089","93.7"
"Gaines, Texas","48165","93.7"
"Searcy, Arkansas","5129","93.7"
"Hamilton, Iowa","19079","93.7"
"Humphreys, Tennessee","47085","93.7"
"Warrick, Indiana","18173","93.7"
"Rockingham, Virginia","51165","93.7"
"Rockbridge, Virginia","51163","93.6"
"Lincoln, New Mexico","35027","93.6"
"Allen, Kansas","20001","93.6"
"Washington, Pennsylvania","42125","93.6"
"Putnam, Tennessee","47141","93.6"
"Clay, Kentucky","21051","93.6"
"Elk, Kansas","20049","93.6"
"Lincoln, Idaho","16063","93.6"
"Pennington, Minnesota","27113","93.6"
"Cambria, Pennsylvania","42021","93.6"
"Zavala, Texas","48507","93.6"
"Bureau, Illinois","17011","93.6"
"Slope, North Dakota","38087","93.6"
"Cherokee, North Carolina","37039","93.6"
"Nodaway, Missouri","29147","93.6"
"Grant, New Mexico","35017","93.6"
"Schuylkill, Pennsylvania","42107","93.6"
"Walsh, North Dakota","38099","93.6"
"Clinton, Illinois","17027","93.6"
"Winona, Minnesota","27169","93.6"
"Botetourt, Virginia","51023","93.6"
"Barry, Missouri","29009","93.6"
"Richland, Montana","30083","93.5"
"Warren, Missouri","29219","93.5"
"Deschutes, Oregon","41017","93.5"
"Koochiching, Minnesota","27071","93.5"
"Martin, Kentucky","21159","93.5"
"St. Clair, Michigan","26147","93.5"
"Sheridan, Montana","30091","93.5"
"Gallatin, Kentucky","21077","93.5"
"Clinton, Indiana","18023","93.5"
"Uinta, Wyoming","56041","93.4"
"Rio Blanco, Colorado","8103","93.4"
"Dodge, Wisconsin","55027","93.4"
"Idaho, Idaho","16049","93.4"
"Pickaway, Ohio","39129","93.4"
"Midland, Michigan","26111","93.4"
"Lee, Virginia","51105","93.4"
"Zapata, Texas","48505","93.4"
"Fayette, West Virginia","54019","93.4"
"Custer, Colorado","8027","93.4"
"Jackson, Colorado","8057","93.4"
"Llano, Texas","48299","93.4"
"Livingston, New York","36051","93.4"
"Whiteside, Illinois","17195","93.4"
"Otsego, New York","36077","93.4"
"Lyon, Kentucky","21143","93.3"
"Ballard, Kentucky","21007","93.3"
"Walworth, Wisconsin","55127","93.3"
"Cameron, Louisiana","22023","93.3"
"Hart, Kentucky","21099","93.3"
"Wise, Texas","48497","93.3"
"Elbert, Colorado","8039","93.3"
"Montgomery, Illinois","17135","93.3"
"Henry, Kentucky","21103","93.3"
"Cheboygan, Michigan","26031","93.3"
"Marion, Tennessee","47115","93.3"
"Adams, Nebraska","31001","93.3"
"Waseca, Minnesota","27161","93.3"
"Moore, Tennessee","47127","93.3"
"Marquette, Michigan","26103","93.3"
"Custer, South Dakota","46033","93.3"
"Rawlins, Kansas","20153","93.3"
"Cassia, Idaho","16031","93.2"
"Parker, Texas","48367","93.2"
"Summers, West Virginia","54089","93.2"
"Bottineau, North Dakota","38009","93.2"
"Essex, New York","36031","93.2"
"Fond du Lac, Wisconsin","55039","93.2"
"Golden Valley, Montana","30037","93.2"
"Sioux, Iowa","19167","93.2"
"Fulton, Ohio","39051","93.2"
"Butler, Kansas","20015","93.2"
"Davison, South Dakota","46035","93.2"
"Norman, Minnesota","27107","93.2"
"Belmont, Ohio","39013","93.2"
"Wayne, New York","36117","93.2"
"Sullivan, Indiana","18153","93.2"
"La Salle, Illinois","17099","93.2"
"Freeborn, Minnesota","27047","93.2"
"Kane, Utah","49025","93.2"
"Boone, Indiana","18011","93.2"
"Lawrence, Pennsylvania","42073","93.2"
"Ellis, Kansas","20051","93.2"
"Mineral, Montana","30061","93.2"
"Putnam, Indiana","18133","93.2"
"Mecosta, Michigan","26107","93.2"
"Richland, North Dakota","38077","93.2"
"Chaffee, Colorado","8015","93.2"
"Lake of the Woods, Minnesota","27077","93.1"
"Wright, Iowa","19197","93.1"
"Ohio, West Virginia","54069","93.1"
"Cumberland, Kentucky","21057","93.1"
"Stutsman, North Dakota","38093","93.1"
"Adams, North Dakota","38001","93.1"
"Goshen, Wyoming","56015","93.1"
"Franklin, Massachusetts","25011","93.1"
"Portage, Wisconsin","55097","93.1"
"Adams, Illinois","17001","93.1"
"Decatur, Tennessee","47039","93.1"
"Marion, Alabama","1093","93.1"
"Wilson, Texas","48493","93.1"
"Niobrara, Wyoming","56027","93.1"
"Box Elder, Utah","49003","93.1"
"Sweetwater, Wyoming","56037","93.1"
"Floyd, Texas","48153","93.0"
"Banks, Georgia","13011","93.0"
"Waushara, Wisconsin","55137","93.0"
"Lawrence, South Dakota","46081","93.0"
"Texas, Missouri","29215","93.0"
"Gilliam, Oregon","41021","93.0"
"Washington, Rhode Island","44009","93.0"
"Marshall, Indiana","18099","93.0"
"Stanton, Kansas","20187","93.0"
"Houghton, Michigan","26061","93.0"
"Carbon, Wyoming","56007","93.0"
"Van Zandt, Texas","48467","93.0"
"Clearwater, Idaho","16035","93.0"
"Jack, Texas","48237","93.0"
"Harvey, Kansas","20079","93.0"
"Monroe, Wisconsin","55081","93.0"
"Mercer, Kentucky","21167","93.0"
"Franklin, Kansas","20059","93.0"
"Stokes, North Carolina","37169","93.0"
"St. Lawrence, New York","36089","92.9"
"Saratoga, New York","36091","92.9"
"Larue, Kentucky","21123","92.9"
"St. Francois, Missouri","29187","92.9"
"Pottawattamie, Iowa","19155","92.9"
"Yuma, Colorado","8125","92.9"
"Adams, Wisconsin","55001","92.9"
"Baylor, Texas","48023","92.9"
"Skamania, Washington","53059","92.9"
"Grand, Utah","49019","92.9"
"Deer Lodge, Montana","30023","92.9"
"Dubuque, Iowa","19061","92.9"
"Livingston, Illinois","17105","92.9"
"Franklin, Pennsylvania","42055","92.9"
"Baker, Oregon","41001","92.9"
"Litchfield, Connecticut","9005","92.9"
"Douglas, Wisconsin","55031","92.9"
"Sussex, New Jersey","34037","92.9"
"Atascosa, Texas","48013","92.8"
"Leelanau, Michigan","26089","92.8"
"Columbia, Oregon","41009","92.8"
"Cherokee, Alabama","1019","92.8"
"Perry, Arkansas","5105","92.8"
"Roseau, Minnesota","27135","92.8"
"Saline, Illinois","17165","92.8"
"Lenawee, Michigan","26091","92.8"
"Newaygo, Michigan","26123","92.8"
"Coles, Illinois","17029","92.8"
"Asotin, Washington","53003","92.8"
"Itasca, Minnesota","27061","92.8"
"Strafford, New Hampshire","33017","92.8"
"Iroquois, Illinois","17075","92.8"
"Crook, Oregon","41013","92.8"
"Pipestone, Minnesota","27117","92.7"
"Houston, Tennessee","47083","92.7"
"Live Oak, Texas","48297","92.7"
"Hemphill, Texas","48211","92.7"
"Clark, Kentucky","21049","92.7"
"Augusta, Virginia","51015","92.7"
"Ontario, New York","36069","92.7"
"Sherburne, Minnesota","27141","92.7"
"Ashtabula, Ohio","39007","92.7"
"Citrus, Florida","12017","92.7"
"Muhlenberg, Kentucky","21177","92.7"
"Maverick, Texas","48323","92.7"
"Marion, Illinois","17121","92.6"
"Carroll, Arkansas","5015","92.6"
"Barren, Kentucky","21009","92.6"
"Fayette, Pennsylvania","42051","92.6"
"Adams, Pennsylvania","42001","92.6"
"Bourbon, Kansas","20011","92.6"
"Dare, North Carolina","37055","92.6"
"Custer, Idaho","16037","92.6"
"Moniteau, Missouri","29135","92.6"
"Tillamook, Oregon","41057","92.5"
"Grafton, New Hampshire","33009","92.5"
"Grayson, Virginia","51077","92.5"
"Carver, Minnesota","27019","92.5"
"Val Verde, Texas","48465","92.5"
"Coleman, Texas","48083","92.5"
"Catoosa, Georgia","13047","92.5"
"Noble, Ohio","39121","92.5"
"Divide, North Dakota","38023","92.5"
"Weston, Wyoming","56045","92.5"
"Ellis, Oklahoma","40045","92.5"
"Logan, Colorado","8075","92.5"
"Gooding, Idaho","16047","92.5"
"Brookings, South Dakota","46011","92.5"
"Morgan, Ohio","39115","92.5"
"Preston, West Virginia","54077","92.5"
"Nicollet, Minnesota","27103","92.5"
"Douglas, Oregon","41019","92.5"
"Marshall, Alabama","1095","92.4"
"Montour, Pennsylvania","42093","92.4"
"Harding, New Mexico","35021","92.4"
"Chautauqua, New York","36013","92.4"
"Nevada, California","6057","92.4"
"Hancock, Ohio","39063","92.4"
"McHenry, Illinois","17111","92.4"
"Andrews, Texas","48003","92.4"
"Trempealeau, Wisconsin","55121","92.4"
"Dickson, Tennessee","47043","92.4"
"San Patricio, Texas","48409","92.4"
"Stevens, Minnesota","27149","92.4"
"Haralson, Georgia","13143","92.4"
"Norton, Kansas","20137","92.4"
"Patrick, Virginia","51141","92.3"
"Brewster, Texas","48043","92.3"
"Sanders, Montana","30089","92.3"
"Carbon, Utah","49007","92.3"
"Waukesha, Wisconsin","55133","92.3"
"Billings, North Dakota","38007","92.3"
"St. Louis, Minnesota","27137","92.3"
"Caldwell, Kentucky","21033","92.3"
"Buffalo, Nebraska","31019","92.2"
"Wise, Virginia","51195","92.2"
"Taney, Missouri","29213","92.2"
"McMinn, Tennessee","47107","92.2"
"Cooke, Texas","48097","92.2"
"Runnels, Texas","48399","92.2"
"Traverse, Minnesota","27155","92.2"
"Yellow Medicine, Minnesota","27173","92.2"
"Hettinger, North Dakota","38041","92.2"
"Johnson, Wyoming","56019","92.2"
"Benton, Minnesota","27009","92.2"
"Emmet, Michigan","26047","92.2"
"Eau Claire, Wisconsin","55035","92.2"
"Aurora, South Dakota","46003","92.1"
"Carroll, Kentucky","21041","92.1"
"Franklin, Iowa","19069","92.1"
"Jefferson, Idaho","16051","92.1"
"Kent, Rhode Island","44003","92.1"
"Josephine, Oregon","41033","92.1"
"Wahkiakum, Washington","53069","92.1"
"Pulaski, Virginia","51155","92.1"
"Hickman, Tennessee","47081","92.1"
"Union, Oregon","41061","92.1"
"Henry, Iowa","19087","92.1"
"Yankton, South Dakota","46135","92.1"
"Sedgwick, Colorado","8115","92.1"
"Walker, Georgia","13295","92.1"
"Winnebago, Wisconsin","55139","92.1"
"Doniphan, Kansas","20043","92.1"
"San Juan, Washington","53055","92.1"
"Polk, Minnesota","27119","92.0"
"Ionia, Michigan","26067","92.0"
"Twin Falls, Idaho","16083","92.0"
"Cattaraugus, New York","36009","92.0"
"Morton, North Dakota","38059","92.0"
"Wood, Ohio","39173","92.0"
"Burnet, Texas","48053","92.0"
"Palo Pinto, Texas","48363","92.0"
"Wayne, Tennessee","47181","92.0"
"Alleghany/Clifton Forge, Virginia","51005","92.0"
"Kiowa, Colorado","8061","92.0"
"Pope, Illinois","17151","92.0"
"Barnstable, Massachusetts","25001","91.9"
"Rabun, Georgia","13241","91.9"
"Polk, Arkansas","5113","91.9"
"Sioux, Nebraska","31165","91.9"
"Genesee, New York","36037","91.9"
"Cumberland, Maine","23005","91.9"
"Cayuga, New York","36011","91.9"
"Utah, Utah","49049","91.9"
"Independence, Arkansas","5063","91.9"
"Oliver, North Dakota","38065","91.9"
"Lycoming, Pennsylvania","42081","91.9"
"Saguache, Colorado","8109","91.9"
"Muskingum, Ohio","39119","91.9"
"Scotts Bluff, Nebraska","31157","91.9"
"Eastland, Texas","48133","91.8"
"Box Butte, Nebraska","31013","91.8"
"Warren, Tennessee","47177","91.8"
"Callaway, Missouri","29027","91.8"
"Licking, Ohio","39089","91.8"
"Carroll, Maryland","24013","91.8"
"Johnson, Indiana","18081","91.8"
"Klickitat, Washington","53039","91.7"
"Reno, Kansas","20155","91.7"
"Huntingdon, Pennsylvania","42061","91.7"
"Latah, Idaho","16057","91.7"
"Garfield, Washington","53023","91.7"
"White, Indiana","18181","91.7"
"Stark, North Dakota","38089","91.7"
"Missoula, Montana","30063","91.7"
"Meade, Kentucky","21163","91.7"
"Howard, Missouri","29089","91.7"
"Wyoming, New York","36121","91.6"
"Marion, Missouri","29127","91.6"
"Torrance, New Mexico","35057","91.6"
"Madison, Nebraska","31119","91.6"
"Morton, Kansas","20129","91.6"
"Lackawanna, Pennsylvania","42069","91.6"
"Hardin, Texas","48199","91.6"
"Yadkin, North Carolina","37197","91.6"
"McNairy, Tennessee","47109","91.6"
"Webster, Iowa","19187","91.6"
"Dallam, Texas","48111","91.6"
"Cass, Missouri","29037","91.5"
"Towner, North Dakota","38095","91.5"
"Logan, Arkansas","5083","91.5"
"Avery, North Carolina","37011","91.5"
"Burnett, Wisconsin","55013","91.5"
"Rice, Kansas","20159","91.5"
"Seneca, New York","36099","91.5"
"Yavapai, Arizona","4025","91.5"
"Luna, New Mexico","35029","91.5"
"Bent, Colorado","8011","91.5"
"Brown, Texas","48049","91.5"
"Calaveras, California","6009","91.5"
"Androscoggin, Maine","23001","91.5"
"Larimer, Colorado","8069","91.5"
"Jackson, Oregon","41029","91.4"
"Harding, South Dakota","46063","91.4"
"Jefferson, Ohio","39081","91.4"
"Muscatine, Iowa","19139","91.4"
"Pine, Minnesota","27115","91.4"
"Madison, Kentucky","21151","91.4"
"Hardy, West Virginia","54031","91.4"
"Sullivan, Missouri","29211","91.4"
"Gilchrist, Florida","12041","91.4"
"Johnson, Arkansas","5071","91.4"
"Cherry, Nebraska","31031","91.4"
"Surry, North Carolina","37171","91.4"
"Jackson, Indiana","18071","91.4"
"Kearny, Kansas","20093","91.4"
"Dickens, Texas","48125","91.3"
"Crawford, Kansas","20037","91.3"
"Washington, Tennessee","47179","91.3"
"Williamson, Illinois","17199","91.3"
"Wilkes, North Carolina","37193","91.3"
"Burleigh, North Dakota","38015","91.3"
"Lake, Ohio","39085","91.3"
"Jefferson, Washington","53031","91.3"
"Cape May, New Jersey","34009","91.3"
"Anderson, Tennessee","47001","91.3"
"Union, Ohio","39159","91.3"
"Manistee, Michigan","26101","91.3"
"Ocean, New Jersey","34029","91.2"
"Louisa, Iowa","19115","91.2"
"Mercer, Pennsylvania","42085","91.2"
"Transylvania, North Carolina","37175","91.2"
"Sarasota, Florida","12115","91.2"
"Mercer, West Virginia","54055","91.2"
"Jessamine, Kentucky","21113","91.2"
"Columbia, Washington","53013","91.2"
"Bandera, Texas","48019","91.2"
"Adair, Missouri","29001","91.2"
"Montgomery, Arkansas","5097","91.2"
"Nelson, Kentucky","21179","91.2"
"Oldham, Kentucky","21185","91.2"
"Pope, Arkansas","5115","91.2"
"Washington, Maine","23029","91.2"
"Clatsop, Oregon","41007","91.2"
"McDowell, North Carolina","37111","91.1"
"Blue Earth, Minnesota","27013","91.1"
"Calloway, Kentucky","21035","91.1"
"Porter, Indiana","18127","91.1"
"St. Joseph, Michigan","26149","91.1"
"Pettis, Missouri","29159","91.1"
"Pitkin, Colorado","8097","91.1"
"Dallas, Iowa","19049","91.1"
"La Crosse, Wisconsin","55063","91.1"
"Hansford, Texas","48195","91.1"
"Gillespie, Texas","48171","91.1"
"Graham, Kansas","20065","91.1"
"Rio Grande, Colorado","8105","91.1"
"Gratiot, Michigan","26057","91.0"
"Taylor, Kentucky","21217","91.0"
"Stephens, Texas","48429","91.0"
"Schuyler, Illinois","17169","91.0"
"Massac, Illinois","17127","91.0"
"Oldham, Texas","48359","91.0"
"Eddy, New Mexico","35015","91.0"
"Defiance, Ohio","39039","91.0"
"Iron, Utah","49021","91.0"
"Lake, Oregon","41037","91.0"
"Jackson, Alabama","1071","91.0"
"Frederick, Virginia","51069","91.0"
"Livingston, Louisiana","22063","91.0"
"Harney, Oregon","41025","90.9"
"White, Arkansas","5145","90.9"
"Webster, Kentucky","21233","90.9"
"Powell, Montana","30077","90.9"
"Somervell, Texas","48425","90.9"
"Sterling, Texas","48431","90.9"
"Greenlee, Arizona","4011","90.9"
"Johnson, Texas","48251","90.9"
"Chippewa, Minnesota","27023","90.9"
"Itawamba, Mississippi","28057","90.9"
"Meade, South Dakota","46093","90.9"
"Castro, Texas","48069","90.9"
"Bond, Illinois","17005","90.9"
"Washington, Utah","49053","90.9"
"Hunterdon, New Jersey","34019","90.9"
"Marathon, Wisconsin","55073","90.8"
"Payette, Idaho","16075","90.8"
"Steele, Minnesota","27147","90.8"
"Newton, Missouri","29145","90.8"
"Crawford, Illinois","17033","90.8"
"Clinton, New York","36019","90.8"
"Boone, Kentucky","21015","90.8"
"Walker, Alabama","1127","90.8"
"Coffee, Tennessee","47031","90.8"
"Berkshire, Massachusetts","25003","90.8"
"Clay, Minnesota","27027","90.8"
"Portage, Ohio","39133","90.8"
"Henderson, North Carolina","37089","90.8"
"Sherman, Kansas","20181","90.8"
"Miami, Indiana","18103","90.7"
"Woodford, Kentucky","21239","90.7"
"Nassau, Florida","12089","90.7"
"Butler, Missouri","29023","90.7"
"Logan, Kentucky","21141","90.7"
"Mason, Kentucky","21161","90.7"
"Jefferson, Colorado","8059","90.7"
"Yellowstone, Montana","30111","90.7"
"Costilla, Colorado","8023","90.7"
"Cabell, West Virginia","54011","90.7"
"Curry, Oregon","41015","90.7"
"Medina, Texas","48325","90.7"
"Ada, Idaho","16001","90.7"
"Gilmer, Georgia","13123","90.6"
"Weld, Colorado","8123","90.6"
"Phelps, Missouri","29161","90.6"
"Sandusky, Ohio","39143","90.6"
"Athens, Ohio","39009","90.6"
"Comal, Texas","48091","90.6"
"Daviess, Kentucky","21059","90.6"
"Lewis, Washington","53041","90.6"
"Mille Lacs, Minnesota","27095","90.5"
"Chittenden, Vermont","50007","90.5"
"Gogebic, Michigan","26053","90.5"
"Mohave, Arizona","4015","90.5"
"Toole, Montana","30101","90.5"
"Summit, Colorado","8117","90.5"
"McCreary, Kentucky","21147","90.5"
"Bledsoe, Tennessee","47007","90.5"
"Stonewall, Texas","48433","90.5"
"Bourbon, Kentucky","21017","90.4"
"Lee, Illinois","17103","90.4"
"Rains, Texas","48379","90.4"
"Jasper, Missouri","29097","90.4"
"Linn, Oregon","41043","90.4"
"Beaver, Pennsylvania","42007","90.4"
"Graves, Kentucky","21083","90.4"
"Polk, North Carolina","37149","90.4"
"Atchison, Kansas","20005","90.4"
"Trigg, Kentucky","21221","90.4"
"Cherokee, Kansas","20021","90.4"
"McLean, North Dakota","38055","90.4"
"Bradley, Tennessee","47011","90.4"
"Des Moines, Iowa","19057","90.3"
"Madison, Ohio","39097","90.3"
"McDonough, Illinois","17109","90.3"
"Cochran, Texas","48079","90.3"
"Teton, Wyoming","56039","90.3"
"Conejos, Colorado","8021","90.3"
"Morgan, Illinois","17137","90.3"
"Ross, Ohio","39141","90.3"
"Fayette, Texas","48149","90.2"
"Kendall, Texas","48259","90.2"
"Greene, Missouri","29077","90.2"
"Currituck, North Carolina","37053","90.2"
"Charlotte, Florida","12015","90.2"
"Norton, Virginia","51720","90.2"
"Kit Carson, Colorado","8063","90.2"
"Cache, Utah","49005","90.2"
"Quay, New Mexico","35037","90.2"
"Rappahannock, Virginia","51157","90.2"
"Blanco, Texas","48031","90.2"
"Randolph, Missouri","29175","90.1"
"Floyd, Indiana","18043","90.1"
"Wichita, Kansas","20203","90.1"
"Gem, Idaho","16045","90.1"
"Lander, Nevada","32015","90.1"
"Wayne, Indiana","18177","90.1"
"Kenton, Kentucky","21117","90.1"
"Pike, Arkansas","5109","90.1"
"Albany, Wyoming","56001","90.1"
"Modoc, California","6049","90.0"
"Brown, South Dakota","46013","90.0"
"Davis, Utah","49011","90.0"
"Brooks, Texas","48047","90.0"
"Franklin, Tennessee","47051","90.0"
"Hopkins, Kentucky","21107","90.0"
"Renville, Minnesota","27129","90.0"
"Sierra, New Mexico","35051","89.9"
"Nueces, Texas","48355","89.9"
"Washita, Oklahoma","40149","89.9"
"Carteret, North Carolina","37031","89.9"
"Pend Oreille, Washington","53051","89.9"
"St. Charles, Missouri","29183","89.9"
"Warren, Virginia","51187","89.9"
"Cass, Illinois","17017","89.9"
"Outagamie, Wisconsin","55087","89.8"
"Clarke, Virginia","51043","89.8"
"Fremont, Colorado","8043","89.8"
"Marion, Ohio","39101","89.8"
"Pickens, Georgia","13227","89.8"
"Cottonwood, Minnesota","27033","89.8"
"Bannock, Idaho","16005","89.8"
"Donley, Texas","48129","89.7"
"Grant, Oklahoma","40053","89.7"
"Hillsborough, New Hampshire","33011","89.7"
"Sabine, Texas","48403","89.7"
"Duchesne, Utah","49013","89.7"
"Greene, New York","36039","89.7"
"Nez Perce, Idaho","16069","89.7"
"Tooele, Utah","49045","89.7"
"Haskell, Kansas","20081","89.7"
"Major, Oklahoma","40093","89.7"
"Washakie, Wyoming","56043","89.7"
"Lincoln, Tennessee","47103","89.6"
"Bedford, Virginia","51917","89.6"
"Wood, Texas","48499","89.6"
"Erath, Texas","48143","89.6"
"Newport, Rhode Island","44005","89.6"
"Marshall, Tennessee","47117","89.6"
"Henry, Tennessee","47079","89.5"
"Marion, Kentucky","21155","89.5"
"Randall, Texas","48381","89.5"
"Henderson, Tennessee","47077","89.5"
"Monongalia, West Virginia","54061","89.5"
"Lyon, Kansas","20111","89.5"
"Ottawa, Michigan","26139","89.4"
"Ford, Kansas","20057","89.4"
"George, Mississippi","28039","89.4"
"Hockley, Texas","48219","89.4"
"Cowlitz, Washington","53015","89.4"
"Hernando, Florida","12053","89.4"
"Coke, Texas","48081","89.4"
"Kerr, Texas","48265","89.4"
"Queen Anne's, Maryland","24035","89.4"
"Deaf Smith, Texas","48117","89.4"
"Henderson, Texas","48213","89.3"
"Washington, Kentucky","21229","89.3"
"Storey, Nevada","32029","89.3"
"Uvalde, Texas","48463","89.3"
"Aransas, Texas","48007","89.3"
"Carlton, Minnesota","27017","89.3"
"Fisher, Texas","48151","89.3"
"Ellsworth, Kansas","20053","89.3"
"Crosby, Texas","48107","89.3"
"Hamilton, Kansas","20075","89.3"
"Pawnee, Kansas","20145","89.3"
"Douglas, Nevada","32005","89.3"
"Davie, North Carolina","37059","89.3"
"Otero, Colorado","8089","89.2"
"Caldwell, North Carolina","37027","89.2"
"Columbia, New York","36021","89.2"
"Lincoln, Nevada","32017","89.2"
"Dimmit, Texas","48127","89.2"
"Lincoln, North Carolina","37109","89.2"
"Gordon, Georgia","13129","89.2"
"Sheboygan, Wisconsin","55117","89.2"
"Douglas, Colorado","8035","89.2"
"Williamson, Tennessee","47187","89.2"
"Dawes, Nebraska","31045","89.2"
"Greeley, Kansas","20071","89.2"
"Weber, Utah","49057","89.1"
"Plumas, California","6063","89.1"
"Saline, Arkansas","5125","89.1"
"Pike, Pennsylvania","42103","89.1"
"Kimble, Texas","48267","89.1"
"Johnson, Missouri","29101","89.1"
"Pike, Missouri","29163","89.1"
"Shawano, Wisconsin","55115","89.1"
"Malheur, Oregon","41045","89.1"
"Dewey, Oklahoma","40043","89.1"
"Clay, South Dakota","46027","89.1"
"Audrain, Missouri","29007","89.1"
"Lonoke, Arkansas","5085","89.0"
"Cooper, Missouri","29053","89.0"
"Terry, Texas","48445","89.0"
"Woodward, Oklahoma","40153","89.0"
"Bonneville, Idaho","16019","88.9"
"Franklin, Virginia","51067","88.9"
"Laramie, Wyoming","56021","88.9"
"Holmes, Florida","12059","88.9"
"Windham, Connecticut","9015","88.9"
"Woods, Oklahoma","40151","88.9"
"McDowell, West Virginia","54047","88.9"
"Labette, Kansas","20099","88.9"
"Stevens, Washington","53065","88.8"
"Warren, New Jersey","34041","88.8"
"Buncombe, North Carolina","37021","88.8"
"Orleans, New York","36073","88.8"
"Eagle, Colorado","8037","88.8"
"Mariposa, California","6043","88.8"
"Stearns, Minnesota","27145","88.8"
"Leon, Texas","48289","88.8"
"Sumter, Florida","12119","88.8"
"York, Pennsylvania","42133","88.8"
"Buena Vista, Virginia","51530","88.7"
"Whitfield, Georgia","13313","88.7"
"Luzerne, Pennsylvania","42079","88.7"
"Middlesex, Connecticut","9007","88.7"
"Boulder, Colorado","8013","88.7"
"Cass, Michigan","26027","88.7"
"Bon Homme, South Dakota","46009","88.7"
"Monroe, Florida","12087","88.7"
"Oconee, Georgia","13219","88.6"
"Lea, New Mexico","35025","88.6"
"Poinsett, Arkansas","5111","88.6"
"Kittitas, Washington","53037","88.6"
"Warren, Ohio","39165","88.6"
"Haskell, Texas","48207","88.6"
"Kandiyohi, Minnesota","27067","88.6"
"Trumbull, Ohio","39155","88.6"
"Teton, Idaho","16081","88.6"
"Roger Mills, Oklahoma","40129","88.6"
"Morrow, Oregon","41049","88.6"
"St. Johns, Florida","12109","88.6"
"Pacific, Washington","53049","88.5"
"Dukes, Massachusetts","25007","88.5"
"Lancaster, Pennsylvania","42071","88.5"
"Dawson, Nebraska","31047","88.5"
"Kent, Texas","48263","88.5"
"Kanawha, West Virginia","54039","88.5"
"Weakley, Tennessee","47183","88.5"
"Mineral, Colorado","8079","88.5"
"Stevens, Kansas","20189","88.5"
"Logan, Illinois","17107","88.4"
"Delaware, Indiana","18035","88.4"
"Tolland, Connecticut","9013","88.4"
"Glascock, Georgia","13125","88.4"
"Crowley, Colorado","8025","88.4"
"Linn, Iowa","19113","88.4"
"Crawford, Arkansas","5033","88.4"
"Yamhill, Oregon","41071","88.3"
"Saline, Nebraska","31151","88.3"
"Morgan, Colorado","8087","88.3"
"Ochiltree, Texas","48357","88.3"
"Coos, Oregon","41011","88.3"
"Pickens, South Carolina","45077","88.3"
"Redwood, Minnesota","27127","88.3"
"Mower, Minnesota","27099","88.3"
"Lampasas, Texas","48281","88.3"
"Hutchinson, Texas","48233","88.3"
"Perry, Illinois","17145","88.2"
"Grant, Indiana","18053","88.2"
"Allegany, Maryland","24001","88.2"
"Tama, Iowa","19171","88.2"
"Cumberland, Pennsylvania","42041","88.2"
"Boyle, Kentucky","21021","88.2"
"Cecil, Maryland","24015","88.2"
"Roanoke, Virginia","51161","88.2"
"Lincoln, Oregon","41041","88.2"
"Winkler, Texas","48495","88.2"
"Collier, Florida","12021","88.1"
"Rock, Wisconsin","55105","88.1"
"Scott, Kentucky","21209","88.1"
"Cascade, Montana","30013","88.1"
"Gregory, South Dakota","46053","88.1"
"Millard, Utah","49027","88.1"
"Spokane, Washington","53063","88.1"
"Sanpete, Utah","49039","88.1"
"Eddy, North Dakota","38027","88.1"
"Warren, Illinois","17187","88.1"
"Raleigh, West Virginia","54081","88.1"
"Wilson, Tennessee","47189","88.0"
"Uintah, Utah","49047","88.0"
"Klamath, Oregon","41035","88.0"
"Chemung, New York","36015","88.0"
"Stark, Ohio","39151","88.0"
"Sherman, Texas","48421","88.0"
"Robertson, Tennessee","47147","88.0"
"Henderson, Kentucky","21101","88.0"
"Polk, Oregon","41053","88.0"
"Hidalgo, Texas","48215","88.0"
"Hays, Texas","48209","88.0"
"Chambers, Texas","48071","88.0"
"Hampshire, Massachusetts","25015","88.0"
"Sarpy, Nebraska","31153","88.0"
"El Dorado, California","6017","88.0"
"Clallam, Washington","53009","88.0"
"Clackamas, Oregon","41005","88.0"
"Grays Harbor, Washington","53027","88.0"
"Bucks, Pennsylvania","42017","88.0"
"Gloucester, Virginia","51073","87.9"
"Hamblen, Tennessee","47063","87.9"
"Dona Ana, New Mexico","35013","87.9"
"Wheeler, Texas","48483","87.9"
"Lamb, Texas","48279","87.9"
"Benton, Arkansas","5007","87.9"
"Bristol, Virginia","51520","87.9"
"Fairfield, Ohio","39045","87.9"
"Scott, Arkansas","5127","87.9"
"Alexander, North Carolina","37003","87.9"
"Pike, Georgia","13231","87.9"
"Graham, North Carolina","37075","87.8"
"Martin, Florida","12085","87.8"
"La Plata, Colorado","8067","87.8"
"Delaware, Ohio","39041","87.8"
"Madison, Indiana","18095","87.8"
"Isabella, Michigan","26073","87.8"
"Montgomery, New York","36057","87.8"
"Todd, Kentucky","21219","87.8"
"Oconee, South Carolina","45073","87.8"
"Colusa, California","6011","87.8"
"Delta, Texas","48119","87.7"
"Hall, Nebraska","31079","87.7"
"Fannin, Texas","48147","87.7"
"Sumner, Tennessee","47165","87.7"
"Clark, Indiana","18019","87.7"
"Becker, Minnesota","27005","87.7"
"Cowley, Kansas","20035","87.7"
"Kleberg, Texas","48273","87.7"
"Cape Girardeau, Missouri","29031","87.7"
"Hendricks, Indiana","18063","87.7"
"Putnam, New York","36079","87.7"
"Galax, Virginia","51640","87.7"
"Shelby, Kentucky","21211","87.6"
"Nantucket, Massachusetts","25019","87.6"
"Jefferson, Illinois","17081","87.6"
"Nolan, Texas","48353","87.6"
"Victoria, Texas","48469","87.6"
"Pasco, Florida","12101","87.6"
"Humboldt, Nevada","32013","87.6"
"Levy, Florida","12075","87.6"
"Orange, Texas","48361","87.5"
"Tuolumne, California","6109","87.5"
"Centre, Pennsylvania","42027","87.5"
"Lamar, Alabama","1075","87.5"
"Madison, Illinois","17119","87.5"
"Niagara, New York","36063","87.5"
"Jackson, Wisconsin","55053","87.5"
"McDonald, Missouri","29119","87.5"
"Buchanan, Missouri","29021","87.5"
"Cass, North Dakota","38017","87.5"
"Boone, Illinois","17007","87.4"
"Jackson, Georgia","13157","87.4"
"Jackson, Michigan","26075","87.4"
"Johnson, Illinois","17087","87.4"
"Elkhart, Indiana","18039","87.4"
"Howard, Indiana","18067","87.4"
"Saline, Kansas","20169","87.4"
"Wapello, Iowa","19179","87.4"
"Mason, Texas","48319","87.3"
"Salem, Virginia","51775","87.3"
"Hancock, Mississippi","28045","87.3"
"Scurry, Texas","48415","87.3"
"Bee, Texas","48025","87.3"
"St. Clair, Alabama","1115","87.3"
"Ward, North Dakota","38101","87.3"
"Garfield, Colorado","8045","87.3"
"Lewis, Idaho","16061","87.2"
"Wasco, Oregon","41065","87.2"
"Vigo, Indiana","18167","87.2"
"Hickman, Kentucky","21105","87.2"
"Amador, California","6005","87.2"
"Day, South Dakota","46037","87.1"
"Chautauqua, Kansas","20019","87.1"
"Hamilton, Indiana","18057","87.1"
"Lebanon, Pennsylvania","42075","87.1"
"Rice, Minnesota","27131","87.0"
"Shasta, California","6089","87.0"
"Lane, Oregon","41039","87.0"
"Randolph, Illinois","17157","87.0"
"Duval, Texas","48131","87.0"
"Greene, Virginia","51079","87.0"
"Lyon, Minnesota","27083","87.0"
"Jefferson, West Virginia","54037","87.0"
"Lauderdale, Alabama","1077","87.0"
"Lawrence, Illinois","17101","87.0"
"Berkeley, West Virginia","54003","87.0"
"Benewah, Idaho","16009","86.9"
"Heard, Georgia","13149","86.9"
"Lake, Michigan","26085","86.9"
"Cook, Minnesota","27031","86.9"
"Union, Pennsylvania","42119","86.9"
"Alamosa, Colorado","8003","86.9"
"Fauquier, Virginia","51061","86.9"
"Colfax, Nebraska","31037","86.9"
"Clark, Ohio","39023","86.8"
"Knox, Nebraska","31107","86.8"
"Johnson, Nebraska","31097","86.8"
"Richland, Ohio","39139","86.8"
"Erie, Pennsylvania","42049","86.8"
"Vilas, Wisconsin","55125","86.8"
"Fall River, South Dakota","46047","86.8"
"Schoolcraft, Michigan","26153","86.7"
"Lincoln, Colorado","8073","86.7"
"Walton, Florida","12131","86.7"
"Elmore, Idaho","16039","86.7"
"Washington, Idaho","16087","86.7"
"Broomfield, Colorado","8014","86.7"
"Grayson, Texas","48181","86.7"
"Calhoun, Texas","48057","86.7"
"Lexington, Virginia","51678","86.7"
"Hood River, Oregon","41027","86.6"
"Okeechobee, Florida","12093","86.6"
"Brule, South Dakota","46015","86.6"
"Hill, Texas","48217","86.6"
"Grand Forks, North Dakota","38035","86.6"
"Habersham, Georgia","13137","86.6"
"Story, Iowa","19169","86.6"
"Hanover, Virginia","51085","86.6"
"Carroll, Tennessee","47017","86.6"
"Dixie, Florida","12029","86.6"
"Trinity, California","6105","86.6"
"Valley, Montana","30105","86.5"
"Motley, Texas","48345","86.5"
"Powhatan, Virginia","51145","86.5"
"Trinity, Texas","48455","86.5"
"Jackson, Kansas","20085","86.5"
"Montgomery, Texas","48339","86.5"
"Lancaster, Nebraska","31109","86.4"
"Eaton, Michigan","26045","86.4"
"Cleveland, Arkansas","5025","86.4"
"Colfax, New Mexico","35007","86.4"
"Elko, Nevada","32007","86.4"
"Cherokee, Georgia","13057","86.4"
"Rensselaer, New York","36083","86.3"
"Mathews, Virginia","51115","86.3"
"Rutherford, North Carolina","37161","86.3"
"Geneva, Alabama","1061","86.3"
"Hardeman, Texas","48197","86.3"
"Johnson, Kansas","20091","86.3"
"Stanley, South Dakota","46117","86.3"
"Baldwin, Alabama","1003","86.3"
"Chattooga, Georgia","13055","86.3"
"Woodbury, Iowa","19193","86.2"
"Garland, Arkansas","5051","86.2"
"Jackson, Texas","48239","86.2"
"Monroe, Indiana","18105","86.2"
"Indian River, Florida","12061","86.2"
"San Jacinto, Texas","48407","86.2"
"Giles, Tennessee","47055","86.1"
"Bayfield, Wisconsin","55007","86.1"
"Northampton, Pennsylvania","42095","86.1"
"Jefferson, New York","36045","86.1"
"Foard, Texas","48155","86.1"
"Lake, Colorado","8065","86.1"
"Stephenson, Illinois","17177","86.0"
"Tom Green, Texas","48451","86.0"
"Clearwater, Minnesota","27029","86.0"
"Washington, Minnesota","27163","86.0"
"Upshur, Texas","48459","86.0"
"Franklin, Texas","48159","86.0"
"San Luis Obispo, California","6079","86.0"
"Greene, Ohio","39057","85.9"
"Meade, Kansas","20119","85.9"
"Montgomery, Virginia","51121","85.9"
"DeKalb, Missouri","29063","85.9"
"Broome, New York","36007","85.9"
"Knox, Illinois","17095","85.9"
"Franklin, Georgia","13119","85.9"
"Van Buren, Michigan","26159","85.9"
"Minnehaha, South Dakota","46099","85.9"
"Chester, Tennessee","47023","85.9"
"Marshall, South Dakota","46091","85.8"
"Brown, Kansas","20013","85.8"
"Madison, Virginia","51113","85.8"
"Scott, Iowa","19163","85.8"
"Crawford, Iowa","19047","85.8"
"Clay, Missouri","29047","85.7"
"Davidson, North Carolina","37057","85.7"
"Oneida, New York","36065","85.7"
"Platte, Missouri","29165","85.7"
"Hale, Texas","48189","85.7"
"Benton, Oregon","41003","85.6"
"DeKalb, Alabama","1049","85.6"
"Grady, Oklahoma","40051","85.6"
"Kenosha, Wisconsin","55059","85.6"
"Simpson, Kentucky","21213","85.6"
"Saline, Missouri","29195","85.6"
"White Pine, Nevada","32033","85.6"
"Pierce, Georgia","13229","85.6"
"Erie, Ohio","39043","85.6"
"San Saba, Texas","48411","85.6"
"Santa Rosa, Florida","12113","85.6"
"Umatilla, Oregon","41059","85.5"
"Las Animas, Colorado","8071","85.5"
"Manatee, Florida","12081","85.5"
"Rockwall, Texas","48397","85.5"
"Watonwan, Minnesota","27165","85.5"
"Knox, Tennessee","47093","85.5"
"Los Alamos, New Mexico","35028","85.5"
"Ward, Texas","48475","85.5"
"Vanderburgh, Indiana","18163","85.4"
"Prairie, Arkansas","5117","85.4"
"Tehama, California","6103","85.4"
"Briscoe, Texas","48045","85.3"
"Phillips, Montana","30071","85.3"
"Bartholomew, Indiana","18005","85.3"
"Chester, Pennsylvania","42029","85.3"
"Chelan, Washington","53007","85.3"
"Lyon, Nevada","32019","85.2"
"Lincoln, Oklahoma","40081","85.2"
"McCracken, Kentucky","21145","85.2"
"Conway, Arkansas","5029","85.2"
"Scott, Missouri","29201","85.2"
"Taos, New Mexico","35055","85.2"
"Trousdale, Tennessee","47169","85.2"
"Gray, Texas","48179","85.2"
"Knox, Texas","48275","85.1"
"Santa Cruz, Arizona","4023","85.1"
"Obion, Tennessee","47131","85.1"
"Lynn, Texas","48305","85.1"
"Lipscomb, Texas","48295","85.1"
"Lorain, Ohio","39093","85.1"
"Canyon, Idaho","16027","85.0"
"Chaves, New Mexico","35005","85.0"
"Brown, Wisconsin","55009","85.0"
"Ramsey, North Dakota","38071","85.0"
"Marshall, Iowa","19127","85.0"
"Montgomery, Kansas","20125","85.0"
"Hyde, South Dakota","46069","85.0"
"Alcorn, Mississippi","28003","85.0"
"Fayette, Alabama","1057","85.0"
"Alger, Michigan","26003","84.9"
"Hall, Georgia","13139","84.9"
"Cochise, Arizona","4003","84.9"
"Ulster, New York","36111","84.9"
"Union, New Mexico","35059","84.9"
"Siskiyou, California","6093","84.9"
"Lee, Florida","12071","84.8"
"Grundy, Tennessee","47061","84.8"
"Mono, California","6051","84.8"
"Madison, Georgia","13195","84.7"
"Clark, Idaho","16033","84.7"
"Burke, North Carolina","37023","84.7"
"Jefferson, Oklahoma","40067","84.7"
"Island, Washington","53029","84.7"
"Covington, Alabama","1039","84.7"
"Butler, Ohio","39017","84.7"
"Hot Spring, Arkansas","5059","84.6"
"Bristol, Massachusetts","25005","84.6"
"Milam, Texas","48331","84.5"
"Berrien, Georgia","13019","84.5"
"La Salle, Louisiana","22059","84.5"
"McClain, Oklahoma","40087","84.5"
"Radford, Virginia","51750","84.5"
"Cass, Minnesota","27021","84.5"
"Clark, Washington","53011","84.5"
"Randolph, North Carolina","37151","84.4"
"Walla Walla, Washington","53071","84.4"
"Dunn, North Dakota","38025","84.4"
"Polk, Iowa","19153","84.3"
"Maury, Tennessee","47119","84.3"