Demographics, US by County, Population, Black (Both Sexes - 2014 to 2018), 2014 - 2018
Area,County FIPS,Percent
"Claiborne, Mississippi","28021","87.4"
"Jefferson, Mississippi","28063","85.9"
"Holmes, Mississippi","28051","83.8"
"Macon, Alabama","1087","82.6"
"Greene, Alabama","1063","79.7"
"Tunica, Mississippi","28143","78.5"
"Coahoma, Mississippi","28027","77.5"
"Petersburg, Virginia","51730","77.2"
"Bullock, Alabama","1011","76.2"
"Humphreys, Mississippi","28053","76.0"
"Allendale, South Carolina","45005","75.7"
"Lowndes, Alabama","1085","74.3"
"Sharkey, Mississippi","28125","74.0"
"Sunflower, Mississippi","28133","74.0"
"Leflore, Mississippi","28083","73.3"
"Hancock, Georgia","13141","72.4"
"Hinds, Mississippi","28049","72.3"
"Washington, Mississippi","28151","72.2"
"Noxubee, Mississippi","28103","72.2"
"Sumter, Alabama","1119","72.0"
"Quitman, Mississippi","28119","71.6"
"Wilkinson, Mississippi","28157","71.2"
"Dallas, Alabama","1047","70.5"
"East Carroll, Louisiana","22035","69.9"
"Emporia, Virginia","51595","69.7"
"Wilcox, Alabama","1131","69.5"
"Perry, Alabama","1105","69.4"
"Clayton, Georgia","13063","69.2"
"Dougherty, Georgia","13095","69.0"
"Clay, Georgia","13061","67.8"
"Lee, South Carolina","45061","65.6"
"Taliaferro, Georgia","13265","65.2"
"Williamsburg, South Carolina","45089","64.7"
"Bolivar, Mississippi","28011","64.3"
"Madison, Louisiana","22065","63.6"
"Prince George's, Maryland","24033","63.0"
"Phillips, Arkansas","5107","62.6"
"Baltimore, Maryland","24510","62.5"
"Randolph, Georgia","13243","62.2"
"Orangeburg, South Carolina","45075","61.6"
"Jefferson Davis, Mississippi","28065","61.2"
"Bamberg, South Carolina","45009","61.1"
"Bertie, North Carolina","37015","61.1"
"Warren, Georgia","13301","61.1"
"Calhoun, Georgia","13037","61.0"
"Kemper, Mississippi","28069","60.9"
"Macon, Georgia","13193","60.6"
"Issaquena, Mississippi","28055","60.2"
"Greensville, Virginia","51081","59.7"
"Orleans, Louisiana","22071","59.7"
"Clay, Mississippi","28025","59.6"
"Terrell, Georgia","13273","59.5"
"Hertford, North Carolina","37091","59.5"
"Franklin, Virginia","51620","58.9"
"Hale, Alabama","1065","58.8"
"Talbot, Georgia","13263","57.8"
"Montgomery, Alabama","1101","57.7"
"Edgecombe, North Carolina","37065","57.3"
"Yazoo, Mississippi","28163","56.9"
"Marion, South Carolina","45067","56.8"
"Jefferson, Arkansas","5069","56.6"
"Adams, Mississippi","28001","56.6"
"Richmond, Georgia","13245","56.5"
"Sussex, Virginia","51183","56.5"
"Northampton, North Carolina","37131","56.5"
"Lee, Arkansas","5077","56.5"
"Fairfield, South Carolina","45039","56.3"
"Gadsden, Florida","12039","55.8"
"St. John the Baptist, Louisiana","22095","55.7"
"St. Francis, Arkansas","5123","55.6"
"Brunswick, Virginia","51025","54.7"
"Tensas, Louisiana","22107","54.5"
"Jasper, Mississippi","28061","54.4"
"Chicot, Arkansas","5017","54.1"
"Stewart, Georgia","13259","54.1"
"Bibb, Georgia","13021","54.1"
"Jefferson, Georgia","13163","54.0"
"DeKalb, Georgia","13089","54.0"
"St. Helena, Louisiana","22091","54.0"
"Marengo, Alabama","1091","53.8"
"Pike, Mississippi","28113","53.5"
"Shelby, Tennessee","47157","53.5"
"Hampton, South Carolina","45049","53.4"
"Rockdale, Georgia","13247","53.3"
"Washington, Georgia","13303","53.0"
"Halifax, North Carolina","37083","52.9"
"Portsmouth, Virginia","51740","52.7"
"Sumter, Georgia","13261","52.6"
"Quitman, Georgia","13239","52.4"
"Claiborne, Louisiana","22027","52.0"
"Copiah, Mississippi","28029","51.9"
"Early, Georgia","13099","51.4"
"Warren, North Carolina","37185","50.7"
"Marlboro, South Carolina","45069","50.6"
"Haywood, Tennessee","47075","50.6"
"Hampton, Virginia","51650","50.2"
"Vance, North Carolina","37181","50.1"
"Panola, Mississippi","28107","49.9"
"St. James, Louisiana","22093","49.7"
"Tallahatchie, Mississippi","28135","49.4"
"Danville, Virginia","51590","49.2"
"Morehouse, Louisiana","22067","49.2"
"Warren, Mississippi","28149","49.2"
"Dooly, Georgia","13093","49.1"
"Caddo, Louisiana","22017","48.9"
"Clarendon, South Carolina","45027","48.8"
"Anson, North Carolina","37007","48.7"
"Burke, Georgia","13033","48.6"
"Crittenden, Arkansas","5035","48.5"
"Iberville, Louisiana","22047","48.4"
"Dillon, South Carolina","45033","48.1"
"Marshall, Mississippi","28093","47.9"
"Winston, Mississippi","28159","47.8"
"Richmond, Virginia","51760","47.8"
"Conecuh, Alabama","1035","47.7"
"Barbour, Alabama","1005","47.6"
"Martinsville, Virginia","51690","47.3"
"Washington, North Carolina","37187","47.3"
"Desha, Arkansas","5041","47.1"
"Sumter, South Carolina","45085","47.0"
"District of Columbia, District of Columbia","11001","46.9"
"St. Louis, Missouri","29510","46.9"
"Charles City, Virginia","51036","46.9"
"McCormick, South Carolina","45065","46.7"
"Richland, South Carolina","45079","46.6"
"Mitchell, Georgia","13205","46.6"
"Douglas, Georgia","13097","46.2"
"Walthall, Mississippi","28147","46.0"
"East Baton Rouge, Louisiana","22033","45.9"
"Muscogee, Georgia","13215","45.8"
"Clarke, Alabama","1025","45.8"
"Barnwell, South Carolina","45011","45.7"
"Butler, Alabama","1013","45.2"
"Surry, Virginia","51181","45.2"
"Peach, Georgia","13225","44.7"
"Charles, Maryland","24017","44.4"
"West Feliciana, Louisiana","22125","44.3"
"Fulton, Georgia","13121","44.1"
"Newton, Georgia","13217","44.0"
"East Feliciana, Louisiana","22037","44.0"
"Crisp, Georgia","13081","43.7"
"Lowndes, Mississippi","28087","43.7"
"Lauderdale, Mississippi","28075","43.5"
"Chickasaw, Mississippi","28017","43.4"
"Grenada, Mississippi","28043","43.4"
"Montgomery, Mississippi","28097","43.4"
"Jasper, South Carolina","45053","43.1"
"Bienville, Louisiana","22013","43.0"
"Turner, Georgia","13287","43.0"
"Russell, Alabama","1113","42.9"
"Choctaw, Alabama","1023","42.8"
"Jefferson, Alabama","1073","42.7"
"Attala, Mississippi","28007","42.6"
"Wheeler, Georgia","13309","42.6"
"Florence, South Carolina","45041","42.5"
"Wilkes, Georgia","13317","42.5"
"Twiggs, Georgia","13289","42.4"
"Henry, Georgia","13151","42.4"
"Philadelphia, Pennsylvania","42101","42.3"
"Hopewell, Virginia","51670","42.3"
"Somerset, Maryland","24039","42.2"
"Baldwin, Georgia","13009","42.1"
"Martin, North Carolina","37117","42.0"
"Leake, Mississippi","28079","42.0"
"Amite, Mississippi","28005","42.0"
"Screven, Georgia","13251","41.9"
"Telfair, Georgia","13271","41.7"
"Decatur, Georgia","13087","41.6"
"Dallas, Arkansas","5039","41.6"
"Suffolk, Virginia","51800","41.6"
"Hardeman, Tennessee","47069","41.6"
"Norfolk, Virginia","51710","41.6"
"Monroe, Alabama","1099","41.5"
"Calhoun, South Carolina","45017","41.4"
"Pickens, Alabama","1107","41.2"
"St. Landry, Louisiana","22097","41.1"
"Ouachita, Arkansas","5103","41.1"
"Wayne, Mississippi","28153","41.1"
"Liberty, Georgia","13179","41.1"
"Concordia, Louisiana","22029","41.1"
"Newport News, Virginia","51700","40.9"
"Lincoln, Louisiana","22061","40.8"
"Darlington, South Carolina","45031","40.7"
"Nottoway, Virginia","51135","40.7"
"Yalobusha, Mississippi","28161","40.7"
"Natchitoches, Louisiana","22069","40.5"
"McDuffie, Georgia","13189","40.4"
"Monroe, Arkansas","5095","40.0"
"Webster, Georgia","13307","40.0"
"West Baton Rouge, Louisiana","22121","39.9"
"Chatham, Georgia","13051","39.8"
"Essex, New Jersey","34013","39.8"
"Wilson, North Carolina","37195","39.5"
"Chambers, Alabama","1017","39.4"
"Lenoir, North Carolina","37107","39.4"
"Wilkinson, Georgia","13319","39.3"
"Nash, North Carolina","37127","39.2"
"Red River, Louisiana","22081","39.0"
"Scotland, North Carolina","37165","39.0"
"Wayne, Michigan","26163","38.9"
"Essex, Virginia","51057","38.8"
"Baker, Georgia","13007","38.8"
"Madison, Florida","12079","38.7"
"Meriwether, Georgia","13199","38.7"
"Colleton, South Carolina","45029","38.4"
"Taylor, Georgia","13269","38.4"
"Scott, Mississippi","28123","38.3"
"Madison, Mississippi","28089","38.1"
"Pike, Alabama","1109","38.0"
"Covington, Mississippi","28031","37.8"
"Tyrrell, North Carolina","37177","37.6"
"Ouachita, Louisiana","22073","37.5"
"Madison, Tennessee","47113","37.4"
"Laurens, Georgia","13175","37.2"
"Oktibbeha, Mississippi","28105","37.1"
"Durham, North Carolina","37063","37.0"
"Chester, South Carolina","45023","36.9"
"Forrest, Mississippi","28035","36.9"
"Cumberland, North Carolina","37051","36.9"
"Lafayette, Arkansas","5073","36.6"
"Ben Hill, Georgia","13017","36.6"
"Pasquotank, North Carolina","37139","36.5"
"Simpson, Mississippi","28127","36.5"
"Pulaski, Arkansas","5119","36.5"
"Edgefield, South Carolina","45037","36.5"
"Thomas, Georgia","13275","36.4"
"Lowndes, Georgia","13185","36.4"
"Franklin, Mississippi","28037","36.0"
"Clarke, Mississippi","28023","35.8"
"Benton, Mississippi","28009","35.8"
"Troup, Georgia","13285","35.7"
"De Soto, Louisiana","22031","35.7"
"Greene, North Carolina","37079","35.7"
"Richland, Louisiana","22083","35.6"
"Mecklenburg, Virginia","51117","35.6"
"Mobile, Alabama","1097","35.6"
"Greene, Georgia","13133","35.5"
"Pointe Coupee, Louisiana","22077","35.5"
"Wilcox, Georgia","13315","35.3"
"Mississippi, Arkansas","5093","35.2"
"Columbia, Arkansas","5027","35.0"
"Bladen, North Carolina","37017","35.0"
"Halifax, Virginia","51083","34.9"
"Pitt, North Carolina","37147","34.8"
"Pulaski, Georgia","13235","34.8"
"Nevada, Arkansas","5099","34.7"
"Carroll, Mississippi","28015","34.6"
"Hamilton, Florida","12047","34.5"
"Jefferson, Florida","12065","34.5"
"McIntosh, Georgia","13191","34.3"
"Brooks, Georgia","13027","34.3"
"Coosa, Alabama","1037","34.2"
"Emanuel, Georgia","13107","34.2"
"Buckingham, Virginia","51029","34.2"
"Webster, Louisiana","22119","34.2"
"Chowan, North Carolina","37041","34.1"
"Bronx, New York","36005","34.1"
"Guilford, North Carolina","37081","33.8"
"Jefferson, Texas","48245","33.8"
"Gates, North Carolina","37073","33.7"
"Northampton, Virginia","51131","33.6"
"Lauderdale, Tennessee","47097","33.5"
"Jenkins, Georgia","13165","33.5"
"Spalding, Georgia","13255","33.5"
"Johnson, Georgia","13167","33.5"
"Hoke, North Carolina","37093","33.3"
"Alexander, Illinois","17003","33.2"
"Lawrence, Mississippi","28077","33.2"
"Seminole, Georgia","13253","33.1"
"Southampton, Virginia","51175","33.1"
"Caswell, North Carolina","37033","33.0"
"Franklin, Louisiana","22041","33.0"
"Union, Arkansas","5139","32.6"
"Kings, New York","36047","32.6"
"Catahoula, Louisiana","22025","32.4"
"Chesterfield, South Carolina","45025","32.3"
"Talladega, Alabama","1121","32.3"
"Prince George, Virginia","51149","32.2"
"Marion, Mississippi","28091","32.2"
"Cumberland, Virginia","51049","32.2"
"Prince Edward, Virginia","51147","32.0"
"Dinwiddie, Virginia","51053","32.0"
"Greenwood, South Carolina","45047","32.0"
"Escambia, Alabama","1053","31.9"
"Richmond, North Carolina","37153","31.8"
"Rapides, Louisiana","22079","31.8"
"Iberia, Louisiana","22045","31.7"
"Winn, Louisiana","22127","31.6"
"Newberry, South Carolina","45071","31.6"
"Lincoln, Georgia","13181","31.6"
"Tuscaloosa, Alabama","1125","31.6"
"Union, South Carolina","45087","31.4"
"Georgetown, South Carolina","45043","31.3"
"Mecklenburg, North Carolina","37119","31.3"
"Lincoln, Arkansas","5079","31.3"
"St. Mary, Louisiana","22101","31.2"
"Jones, North Carolina","37103","31.2"
"Choctaw, Mississippi","28019","31.2"
"Lincoln, Mississippi","28085","31.1"
"Leon, Florida","12073","31.0"
"Monroe, Mississippi","28095","30.9"
"Columbus, North Carolina","37047","30.9"
"Lunenburg, Virginia","51111","30.8"
"Lancaster, Virginia","51103","30.7"
"Elbert, Georgia","13105","30.7"
"Houston, Georgia","13153","30.5"
"Miller, Georgia","13201","30.5"
"Wayne, North Carolina","37191","30.5"
"Hempstead, Arkansas","5057","30.5"
"Evans, Georgia","13109","30.4"
"Granville, North Carolina","37077","30.4"
"Marion, Georgia","13197","30.4"
"Newton, Mississippi","28101","30.3"
"Hyde, North Carolina","37095","30.3"
"St. Clair, Illinois","17163","30.1"
"Washington, Louisiana","22117","30.1"
"Tift, Georgia","13277","30.1"
"Jackson, Louisiana","22049","30.0"
"Pulaski, Illinois","17153","30.0"
"Assumption, Louisiana","22007","30.0"
"Forest, Pennsylvania","42053","30.0"
"Chesapeake, Virginia","51550","29.9"
"Schley, Georgia","13249","29.9"
"Ware, Georgia","13299","29.8"
"Irwin, Georgia","13155","29.8"
"Tangipahoa, Louisiana","22105","29.6"
"Cuyahoga, Ohio","39035","29.6"
"Duval, Florida","12031","29.6"
"Henrico, Virginia","51087","29.5"
"St. Martin, Louisiana","22099","29.3"
"Tate, Mississippi","28137","29.3"
"Accomack, Virginia","51001","29.2"
"Tattnall, Georgia","13267","29.2"
"Jones, Mississippi","28067","29.2"
"Lamar, Georgia","13171","29.1"
"Lake, Tennessee","47095","29.1"
"Bradley, Arkansas","5011","29.0"
"Charlotte, Virginia","51037","29.0"
"Lee, Mississippi","28081","29.0"
"Butts, Georgia","13035","28.9"
"Avoyelles, Louisiana","22009","28.8"
"Drew, Arkansas","5043","28.8"
"Grady, Georgia","13131","28.7"
"Roanoke, Virginia","51770","28.7"
"Lynchburg, Virginia","51680","28.5"
"Broward, Florida","12011","28.5"
"Baltimore, Maryland","24005","28.4"
"Worth, Georgia","13321","28.2"
"Bulloch, Georgia","13031","28.2"
"Coffee, Georgia","13069","28.1"
"Dodge, Georgia","13091","28.1"
"Bleckley, Georgia","13023","28.1"
"Upson, Georgia","13293","28.1"
"Caroline, Virginia","51033","27.9"
"Henry, Alabama","1067","27.7"
"Woodruff, Arkansas","5147","27.7"
"Marion, Indiana","18097","27.7"
"Richmond, Virginia","51159","27.6"
"Clarke, Georgia","13059","27.6"
"Clinch, Georgia","13065","27.6"
"Cook, Georgia","13075","27.5"
"Evangeline, Louisiana","22039","27.5"
"Northumberland, Virginia","51133","27.5"
"Cobb, Georgia","13067","27.4"
"Tallapoosa, Alabama","1123","27.4"
"Davidson, Tennessee","47037","27.4"
"Abbeville, South Carolina","45001","27.4"
"Dorchester, Maryland","24019","27.4"
"Fayette, Tennessee","47047","27.4"
"Charleston, South Carolina","45019","27.3"
"Gwinnett, Georgia","13135","27.2"
"Treutlen, Georgia","13283","27.2"
"Pemiscot, Missouri","29155","27.2"
"Calhoun, Mississippi","28013","27.2"
"Jackson, Florida","12063","27.1"
"Houston, Alabama","1069","26.9"
"Jefferson, Louisiana","22051","26.8"
"Person, North Carolina","37145","26.7"
"St. Charles, Louisiana","22089","26.5"
"Milwaukee, Wisconsin","55079","26.4"
"Montgomery, Georgia","13209","26.3"
"Putnam, Georgia","13237","26.2"
"Westmoreland, Virginia","51193","26.2"
"Glynn, Georgia","13127","26.1"
"DeSoto, Mississippi","28033","26.1"
"Forsyth, North Carolina","37067","26.1"
"Lafayette, Louisiana","22055","25.9"
"Charlton, Georgia","13049","25.9"
"Wicomico, Maryland","24045","25.9"
"Arkansas, Arkansas","5001","25.8"
"Toombs, Georgia","13279","25.8"
"Ashley, Arkansas","5003","25.7"
"Hamilton, Ohio","39061","25.7"
"Beaufort, North Carolina","37013","25.5"
"Greene, Mississippi","28041","25.5"
"King and Queen, Virginia","51097","25.5"
"Dorchester, South Carolina","45035","25.4"
"Kent, Delaware","10001","25.3"
"Franklin, North Carolina","37069","25.3"
"Sampson, North Carolina","37163","25.2"
"Saluda, South Carolina","45081","25.2"
"New Castle, Delaware","10003","25.0"
"Fulton, Kentucky","21075","25.0"
"Houston, Texas","48225","24.9"
"Calcasieu, Louisiana","22019","24.9"
"Union, Louisiana","22111","24.9"
"Miller, Arkansas","5091","24.8"
"Jones, Georgia","13169","24.8"
"Laurens, South Carolina","45059","24.7"
"Aiken, South Carolina","45003","24.7"
"Waller, Texas","48473","24.6"
"Washington, Alabama","1129","24.6"
"Harrison, Mississippi","28047","24.6"
"Bowie, Texas","48037","24.6"
"Duplin, North Carolina","37061","24.5"
"Perquimans, North Carolina","37143","24.5"
"Falls, Texas","48145","24.3"
"Mississippi, Missouri","29133","24.2"
"Lanier, Georgia","13173","24.2"
"Crawford, Georgia","13079","24.1"
"St. Louis, Missouri","29189","24.1"
"Madison, Alabama","1089","24.1"
"Lake, Indiana","18089","24.0"
"Clark, Arkansas","5019","24.0"
"Robeson, North Carolina","37155","24.0"
"Kershaw, South Carolina","45055","23.9"
"Candler, Georgia","13043","23.8"
"Berkeley, South Carolina","45015","23.8"
"Lafayette, Mississippi","28071","23.8"
"Long, Georgia","13183","23.7"
"Morris, Texas","48343","23.7"
"Cook, Illinois","17031","23.6"
"Jackson, Missouri","29095","23.6"
"Bell, Texas","48027","23.5"
"Morgan, Georgia","13211","23.4"
"Marion, Texas","48315","23.4"
"Monroe, Georgia","13207","23.3"
"Smith, Mississippi","28129","23.1"
"Crenshaw, Alabama","1041","23.1"
"Colquitt, Georgia","13071","23.0"
"Lee, Alabama","1081","23.0"
"Walker, Texas","48471","23.0"
"St. Bernard, Louisiana","22087","22.9"
"Chesterfield, Virginia","51041","22.8"
"Dallas, Texas","48113","22.5"
"Wyandotte, Kansas","20209","22.5"
"Suffolk, Massachusetts","25025","22.4"
"Henry, Virginia","51089","22.3"
"Bibb, Alabama","1007","22.3"
"Bossier, Louisiana","22015","22.3"
"Little River, Arkansas","5081","22.2"
"Fredericksburg, Virginia","51630","22.2"
"Franklin, Ohio","39049","22.2"
"Taylor, Florida","12123","22.1"
"Escambia, Florida","12033","21.9"
"Alexandria, Virginia","51510","21.9"
"Isle of Wight, Virginia","51093","21.9"
"Union, Florida","12125","21.9"
"Ascension, Louisiana","22005","21.8"
"Fayette, Georgia","13113","21.8"
"Craven, North Carolina","37049","21.7"
"Calhoun, Arkansas","5013","21.6"
"Jackson, Mississippi","28059","21.6"
"Jefferson, Kentucky","21111","21.5"
"Elmore, Alabama","1051","21.4"
"Lancaster, South Carolina","45057","21.4"
"Delaware, Pennsylvania","42045","21.4"
"Amelia, Virginia","51007","21.3"
"Christian, Kentucky","21047","21.2"
"Union, New Jersey","34039","21.2"
"Harrison, Texas","48203","21.1"
"San Augustine, Texas","48405","21.1"
"Neshoba, Mississippi","28099","21.1"
"Chattahoochee, Georgia","13053","21.0"
"Orange, Florida","12095","21.0"
"Anderson, Texas","48001","21.0"
"Jasper, Georgia","13159","20.9"
"Harnett, North Carolina","37085","20.8"
"Cleveland, North Carolina","37045","20.8"
"Prince William, Virginia","51153","20.7"
"Mercer, New Jersey","34021","20.7"
"Howard, Arkansas","5061","20.6"
"Montgomery, Ohio","39113","20.6"
"Fort Bend, Texas","48157","20.6"
"Calhoun, Alabama","1015","20.6"
"Rankin, Mississippi","28121","20.5"
"Plaquemines, Louisiana","22075","20.5"
"Spartanburg, South Carolina","45083","20.4"
"Brown, Illinois","17009","20.4"
"Lee, Georgia","13177","20.3"
"Wake, North Carolina","37183","20.3"
"Gregg, Texas","48183","20.3"
"Randolph, Alabama","1111","20.1"
"St. Lucie, Florida","12111","20.1"
"Pittsylvania, Virginia","51143","20.1"
"Alachua, Florida","12001","20.0"
"Cherokee, South Carolina","45021","20.0"
"Montgomery, Tennessee","47125","20.0"
"Lamar, Mississippi","28073","20.0"
"Wayne, Georgia","13305","19.9"
"Dale, Alabama","1045","19.8"
"Appomattox, Virginia","51011","19.8"
"Bradford, Florida","12007","19.8"
"Lee, North Carolina","37105","19.8"
"Genesee, Michigan","26049","19.8"
"Perry, Mississippi","28111","19.7"
"Newton, Texas","48351","19.7"
"Cross, Arkansas","5037","19.5"
"Hamilton, Tennessee","47065","19.4"
"Robertson, Texas","48395","19.4"
"Camden, New Jersey","34007","19.3"
"Webster, Mississippi","28155","19.3"
"Cumberland, New Jersey","34011","19.3"
"Stone, Mississippi","28131","19.3"
"Dauphin, Pennsylvania","42043","19.2"
"Terrebonne, Louisiana","22109","19.2"
"York, South Carolina","45091","19.1"
"Alamance, North Carolina","37001","19.1"
"Autauga, Alabama","1001","19.1"
"Carroll, Georgia","13045","19.0"
"Virginia Beach, Virginia","51810","19.0"
"Allen, Louisiana","22003","19.0"
"Harris, Texas","48201","19.0"
"Paulding, Georgia","13223","18.9"
"Lucas, Ohio","39095","18.9"
"Gulf, Florida","12045","18.8"
"Howard, Maryland","24027","18.7"
"Charlottesville, Virginia","51540","18.7"
"Camden, Georgia","13039","18.7"
"Saginaw, Michigan","26145","18.7"
"Palm Beach, Florida","12099","18.6"
"Hart, Georgia","13147","18.5"
"Rockingham, North Carolina","37157","18.5"
"Queens, New York","36081","18.3"
"Shelby, Texas","48419","18.3"
"Appling, Georgia","13001","18.2"
"Pamlico, North Carolina","37137","18.2"
"Montgomery, Maryland","24031","18.2"
"Geary, Kansas","20061","18.2"
"Greenville, South Carolina","45045","18.1"
"Beaufort, South Carolina","45013","18.1"
"Tipton, Tennessee","47167","18.1"
"Atkinson, Georgia","13003","18.0"
"Montgomery, North Carolina","37123","18.0"
"Amherst, Virginia","51009","17.8"
"Nacogdoches, Texas","48347","17.8"
"Acadia, Louisiana","22001","17.8"
"Oglethorpe, Georgia","13221","17.7"
"Columbia, Florida","12023","17.7"
"Gibson, Tennessee","47053","17.7"
"Miami-Dade, Florida","12086","17.7"
"Limestone, Texas","48293","17.7"
"Cabarrus, North Carolina","37025","17.7"
"Coweta, Georgia","13077","17.6"
"Peoria, Illinois","17143","17.6"
"Smith, Texas","48423","17.5"
"Cass, Texas","48067","17.4"
"Stafford, Virginia","51179","17.3"
"Panola, Texas","48365","17.2"
"Coffee, Alabama","1031","17.2"
"Rusk, Texas","48401","17.2"
"Tippah, Mississippi","28139","17.1"
"Walton, Georgia","13297","17.0"
"Comanche, Oklahoma","40031","16.9"
"Red River, Texas","48387","16.9"
"Grant, Louisiana","22043","16.7"
"Washington, Texas","48477","16.7"
"King William, Virginia","51101","16.7"
"Caldwell, Louisiana","22021","16.7"
"Columbia, Georgia","13073","16.7"
"Burlington, New Jersey","34005","16.7"
"Hillsborough, Florida","12057","16.6"
"Jefferson Davis, Louisiana","22053","16.6"
"Camp, Texas","48063","16.6"
"Jasper, Texas","48241","16.5"
"Anne Arundel, Maryland","24003","16.5"
"Jeff Davis, Georgia","13161","16.4"
"Sabine, Louisiana","22085","16.3"
"King George, Virginia","51099","16.3"
"Tarrant, Texas","48439","16.2"
"Lafayette, Florida","12067","16.1"
"West Carroll, Louisiana","22123","16.1"
"Putnam, Florida","12107","16.1"
"Spotsylvania, Virginia","51177","16.1"
"Harris, Georgia","13145","16.1"
"Gaston, North Carolina","37071","16.0"
"Pontotoc, Mississippi","28115","16.0"
"Rowan, North Carolina","37159","16.0"
"Goochland, Virginia","51075","16.0"
"Freestone, Texas","48161","15.9"
"Colbert, Alabama","1033","15.8"
"Anderson, South Carolina","45007","15.8"
"Etowah, Alabama","1055","15.7"
"New Madrid, Missouri","29143","15.7"
"Johnston, North Carolina","37101","15.6"
"Washington, Florida","12133","15.5"
"Grimes, Texas","48185","15.4"
"Middlesex, Virginia","51119","15.4"
"Monroe, New York","36055","15.3"
"Bacon, Georgia","13005","15.3"
"Polk, Florida","12105","15.2"
"Manassas Park, Virginia","51685","15.2"
"Oklahoma, Oklahoma","40109","15.1"
"Mahoning, Ohio","39099","15.1"
"Kankakee, Illinois","17091","15.1"
"Madison, Texas","48313","15.0"
"Cottle, Texas","48101","15.0"
"Liberty, Florida","12077","15.0"
"Atlantic, New Jersey","34001","15.0"
"Jackson, Illinois","17077","14.9"
"Pender, North Carolina","37141","14.9"
"Wakulla, Florida","12129","14.9"
"Louisa, Virginia","51109","14.8"
"Vermilion, Louisiana","22113","14.8"
"New York, New York","36061","14.8"
"Angelina, Texas","48005","14.8"
"Bryan, Georgia","13029","14.8"
"Clay, Alabama","1027","14.8"
"Jones, Texas","48253","14.8"
"Union, Mississippi","28145","14.7"
"McLennan, Texas","48309","14.7"
"Westchester, New York","36119","14.7"
"Colonial Heights, Virginia","51570","14.7"
"Berrien, Michigan","26021","14.7"
"Lexington, South Carolina","45063","14.6"
"Vernon, Louisiana","22115","14.6"
"Macon, Illinois","17115","14.4"
"Monroe, Pennsylvania","42089","14.4"
"Fayette, Kentucky","21067","14.4"
"Kent, Maryland","24029","14.4"
"Summit, Ohio","39153","14.4"
"St. Mary's, Maryland","24037","14.4"
"Wharton, Texas","48481","14.4"
"Rutherford, Tennessee","47149","14.3"
"Campbell, Virginia","51031","14.3"
"Floyd, Georgia","13115","14.3"
"Onslow, North Carolina","37133","14.2"
"Solano, California","6095","14.1"
"Coryell, Texas","48099","14.1"
"Waynesboro, Virginia","51820","14.1"
"Vermilion, Illinois","17183","14.0"
"Williamsburg, Virginia","51830","14.0"
"Caroline, Maryland","24011","14.0"
"New Hanover, North Carolina","37129","14.0"
"Camden, North Carolina","37029","14.0"
"Manassas, Virginia","51683","13.9"
"Glades, Florida","12043","13.9"
"Franklin, Florida","12037","13.8"
"Craighead, Arkansas","5031","13.8"
"Culpeper, Virginia","51047","13.8"
"Horry, South Carolina","45051","13.7"
"Baker, Florida","12003","13.7"
"Brazoria, Texas","48039","13.7"
"Muskegon, Michigan","26121","13.7"
"Oakland, Michigan","26125","13.7"
"Effingham, Georgia","13103","13.6"
"Hartford, Connecticut","9003","13.6"
"Cherokee, Texas","48073","13.6"
"Harford, Maryland","24025","13.6"
"Fluvanna, Virginia","51065","13.5"
"Limestone, Alabama","1083","13.4"
"Erie, New York","36029","13.4"
"Lafourche, Louisiana","22057","13.3"
"Champaign, Illinois","17019","13.3"
"Suwannee, Florida","12121","13.2"
"New Haven, Connecticut","9009","13.2"
"James City, Virginia","51095","13.2"
"Covington, Virginia","51580","13.2"
"Crockett, Tennessee","47033","13.2"
"Salem, New Jersey","34033","13.2"
"Hennepin, Minnesota","27053","13.1"
"Worcester, Maryland","24047","13.1"
"Prairie, Arkansas","5117","13.0"
"Dyer, Tennessee","47045","13.0"
"St. Joseph, Indiana","18141","13.0"
"York, Virginia","51199","13.0"
"Navarro, Texas","48349","13.0"
"Winnebago, Illinois","17201","12.9"
"Nelson, Virginia","51125","12.9"
"Union, Kentucky","21225","12.9"
"Covington, Alabama","1039","12.9"
"Allegheny, Pennsylvania","42003","12.9"
"Morgan, Alabama","1103","12.8"
"Sangamon, Illinois","17167","12.8"
"Pearl River, Mississippi","28109","12.8"
"Colorado, Texas","48089","12.7"
"Moore, North Carolina","37125","12.7"
"Galveston, Texas","48167","12.6"
"Marion, Florida","12083","12.6"
"Burleson, Texas","48051","12.6"
"Orange, Virginia","51137","12.5"
"Beauregard, Louisiana","22011","12.5"
"Albany, New York","36001","12.5"
"Calhoun, Florida","12013","12.5"
"La Salle, Louisiana","22059","12.4"
"Hudson, New Jersey","34017","12.4"
"Jackson, Arkansas","5067","12.4"
"Lamar, Texas","48277","12.4"
"Prentiss, Mississippi","28117","12.3"
"Rockland, New York","36087","12.3"
"Sussex, Delaware","10005","12.3"
"Pulaski, Missouri","29169","12.3"
"Iredell, North Carolina","37097","12.3"
"Polk, Georgia","13233","12.2"
"DeSoto, Florida","12027","12.1"
"Shelby, Alabama","1117","12.0"
"Hot Spring, Arkansas","5059","12.0"
"Berrien, Georgia","13019","11.9"
"Fayette, Alabama","1057","11.9"
"Allen, Ohio","39003","11.8"
"Calvert, Maryland","24009","11.8"
"Ramsey, Minnesota","27123","11.8"
"St. Tammany, Louisiana","22103","11.8"
"Washtenaw, Michigan","26161","11.8"
"Johnson, Illinois","17087","11.8"
"Seminole, Florida","12117","11.7"
"Alcorn, Mississippi","28003","11.7"
"Nassau, New York","36059","11.7"
"Staunton, Virginia","51790","11.7"
"Cole, Missouri","29051","11.7"
"Orange, North Carolina","37135","11.6"
"Maury, Tennessee","47119","11.6"
"Chatham, North Carolina","37037","11.6"
"Clark, Nevada","32003","11.5"
"Barrow, Georgia","13013","11.5"
"Hardin, Kentucky","21093","11.5"
"Osceola, Florida","12097","11.5"
"Scott, Missouri","29201","11.5"
"Hendry, Florida","12051","11.5"
"New Kent, Virginia","51127","11.4"
"Passaic, New Jersey","34031","11.4"
"Union, North Carolina","37179","11.4"
"Choctaw, Oklahoma","40023","11.4"
"Onondaga, New York","36067","11.4"
"Tyler, Texas","48457","11.4"
"Faulkner, Arkansas","5045","11.4"
"Fairfield, Connecticut","9001","11.4"
"Allen, Indiana","18003","11.4"
"Ingham, Michigan","26065","11.4"
"Macomb, Michigan","26099","11.4"
"Osage, Oklahoma","40113","11.3"
"Racine, Wisconsin","55101","11.2"
"Cleveland, Arkansas","5025","11.2"
"Stanly, North Carolina","37167","11.2"
"Stephens, Georgia","13257","11.2"
"Lee, Texas","48287","11.2"
"Will, Illinois","17197","11.2"
"Lamar, Alabama","1075","11.2"
"Douglas, Nebraska","31055","11.1"
"LaPorte, Indiana","18091","11.1"
"Talbot, Maryland","24041","11.0"
"Mitchell, Texas","48335","11.0"
"Gilmer, West Virginia","54021","11.0"
"Bay, Florida","12005","11.0"
"Powhatan, Virginia","51145","10.9"
"McCracken, Kentucky","21145","10.9"
"Kalamazoo, Michigan","26077","10.9"
"Conway, Arkansas","5029","10.9"
"Lawrence, Alabama","1079","10.9"
"Kaufman, Texas","48257","10.9"
"Muskogee, Oklahoma","40101","10.8"
"Alameda, California","6001","10.8"
"Orange, New York","36071","10.8"
"Volusia, Florida","12127","10.8"
"Arapahoe, Colorado","8005","10.7"
"Bartow, Georgia","13015","10.7"
"Flagler, Florida","12035","10.6"
"Calhoun, Michigan","26025","10.6"
"Lake, Florida","12069","10.5"
"Brazos, Texas","48041","10.5"
"Washington, Maryland","24043","10.5"
"San Jacinto, Texas","48407","10.5"
"Dutchess, New York","36027","10.5"
"Chester, Tennessee","47023","10.4"
"Clay, Florida","12019","10.3"
"Gloucester, New Jersey","34015","10.3"
"Pinellas, Florida","12103","10.3"
"Carroll, Tennessee","47017","10.3"
"Mathews, Virginia","51115","10.3"
"Brunswick, North Carolina","37019","10.3"
"Wichita, Texas","48485","10.3"
"Schenectady, New York","36093","10.3"
"Polk, Texas","48373","10.3"
"Randolph, Illinois","17157","10.2"
"Richmond, New York","36085","10.2"
"Middlesex, New Jersey","34023","10.2"
"Tulsa, Oklahoma","40143","10.1"
"Lauderdale, Alabama","1077","10.1"
"Chattooga, Georgia","13055","10.1"
"Rock Island, Illinois","17161","10.1"
"Brevard, Florida","12009","10.1"
"Baraga, Michigan","26013","10.1"
"Obion, Tennessee","47131","10.1"
"Giles, Tennessee","47055","10.0"
"Pike, Georgia","13231","10.0"
"Winchester, Virginia","51840","10.0"
"Sacramento, California","6067","9.9"
"Simpson, Kentucky","21213","9.9"
"Liberty, Texas","48291","9.9"
"Milam, Texas","48331","9.8"
"Okaloosa, Florida","12091","9.8"
"Albemarle, Virginia","51003","9.8"
"DeKalb, Missouri","29063","9.8"
"Potter, Texas","48375","9.8"
"Stephenson, Illinois","17177","9.8"
"Radford, Virginia","51750","9.8"
"Matagorda, Texas","48321","9.8"
"Kent, Michigan","26081","9.7"
"Fairfax, Virginia","51059","9.7"
"Wilbarger, Texas","48487","9.7"
"Dunklin, Missouri","29069","9.7"
"Ellis, Texas","48139","9.7"
"Rutherford, North Carolina","37161","9.7"
"Providence, Rhode Island","44007","9.6"
"Somerset, New Jersey","34035","9.6"
"Pierce, Georgia","13229","9.6"
"Lincoln, Colorado","8073","9.6"
"Geneva, Alabama","1061","9.5"
"Collin, Texas","48085","9.5"
"St. Clair, Alabama","1115","9.5"
"Denton, Texas","48121","9.5"
"Baldwin, Alabama","1003","9.5"
"Franklin, Georgia","13119","9.5"
"Trousdale, Tennessee","47169","9.5"
"Franklin, Kentucky","21073","9.5"
"Vanderburgh, Indiana","18163","9.4"
"Denver, Colorado","8031","9.4"
"Chilton, Alabama","1021","9.4"
"Hickman, Kentucky","21105","9.4"
"Frederick, Maryland","24021","9.4"
"Plymouth, Massachusetts","25023","9.4"
"Heard, Georgia","13149","9.3"
"DeWitt, Texas","48123","9.3"
"Galax, Virginia","51640","9.2"
"Titus, Texas","48449","9.2"
"Highlands, Florida","12055","9.2"
"Black Hawk, Iowa","19013","9.1"
"Glascock, Georgia","13125","9.1"
"Davidson, North Carolina","37057","9.1"
"Hanover, Virginia","51085","9.1"
"Montgomery, Pennsylvania","42091","9.1"
"Erie, Ohio","39043","9.0"
"Knox, Illinois","17095","9.0"
"Sedgwick, Kansas","20173","9.0"
"Arlington, Virginia","51013","9.0"
"Perry, Illinois","17145","9.0"
"Trinity, Texas","48455","9.0"
"Indian River, Florida","12061","9.0"
"Warren, Kentucky","21227","9.0"
"Lawrence, Illinois","17101","8.9"
"Austin, Texas","48015","8.9"
"Leavenworth, Kansas","20103","8.8"
"Lassen, California","6035","8.8"
"Knox, Tennessee","47093","8.8"
"Hampden, Massachusetts","25013","8.8"
"Madison, Georgia","13195","8.8"
"Boone, Missouri","29019","8.8"
"Harmon, Oklahoma","40057","8.7"
"Trigg, Kentucky","21221","8.7"
"Okeechobee, Florida","12093","8.7"
"Manatee, Florida","12081","8.7"
"Levy, Florida","12075","8.7"
"Logan, Oklahoma","40083","8.6"
"Weakley, Tennessee","47183","8.6"
"Contra Costa, California","6013","8.6"
"Hartley, Texas","48205","8.6"
"Lee, Florida","12071","8.6"
"Okmulgee, Oklahoma","40111","8.5"
"Orange, Texas","48361","8.5"
"Lorain, Ohio","39093","8.5"
"Madison, Illinois","17119","8.5"
"Henry, Tennessee","47079","8.5"
"McDowell, West Virginia","54047","8.4"
"Sullivan, New York","36105","8.4"
"San Bernardino, California","6071","8.4"
"McLean, Illinois","17113","8.4"
"Allegany, Maryland","24001","8.4"
"Upshur, Texas","48459","8.4"
"Jefferson, Illinois","17081","8.4"
"Greer, Oklahoma","40055","8.3"
"Dixie, Florida","12029","8.3"
"Travis, Texas","48453","8.3"
"Shawnee, Kansas","20177","8.3"
"Gloucester, Virginia","51073","8.3"
"Trumbull, Ohio","39155","8.3"
"Los Angeles, California","6037","8.2"
"Garland, Arkansas","5051","8.2"
"Catawba, North Carolina","37035","8.1"
"Hancock, Mississippi","28045","8.1"
"Tillman, Oklahoma","40141","8.1"
"Hall, Texas","48191","8.1"
"Jackson, Michigan","26075","8.0"
"Todd, Kentucky","21219","8.0"
"Hunt, Texas","48231","8.0"
"McCurtain, Oklahoma","40089","8.0"
"Karnes, Texas","48255","8.0"
"Lake, Michigan","26085","8.0"
"Bee, Texas","48025","8.0"
"Butler, Ohio","39017","8.0"
"George, Mississippi","28039","8.0"
"Bastrop, Texas","48021","7.9"
"Clark, Ohio","39023","7.9"
"Madison, Indiana","18095","7.9"
"Richland, Ohio","39139","7.9"
"Guadalupe, Texas","48187","7.9"
"Suffolk, New York","36103","7.9"
"Taylor, Texas","48441","7.8"
"Franklin, Virginia","51067","7.8"
"Chambers, Texas","48071","7.8"
"Hardee, Florida","12049","7.8"
"Henderson, Tennessee","47077","7.8"
"Berkeley, West Virginia","54003","7.7"
"DeKalb, Illinois","17037","7.7"
"Okfuskee, Oklahoma","40107","7.6"
"Bexar, Texas","48029","7.6"
"Childress, Texas","48075","7.6"
"Pike, Missouri","29163","7.6"
"Raleigh, West Virginia","54081","7.6"
"Luce, Michigan","26095","7.6"
"Grant, Indiana","18053","7.6"
"Scott, Iowa","19163","7.5"
"Kenosha, Wisconsin","55059","7.5"
"Delta, Texas","48119","7.5"
"Loudoun, Virginia","51107","7.5"
"Cape Girardeau, Missouri","29031","7.5"
"Alger, Michigan","26003","7.5"
"Sumter, Florida","12119","7.5"
"Hall, Georgia","13139","7.4"
"Stark, Ohio","39151","7.4"
"Harrisonburg, Virginia","51660","7.4"
"Marion, Kentucky","21155","7.4"
"Collingsworth, Texas","48087","7.4"
"Marshall, Tennessee","47117","7.4"
"Fauquier, Virginia","51061","7.3"
"Erie, Pennsylvania","42049","7.3"
"Henderson, Kentucky","21101","7.3"
"Schuyler, Illinois","17169","7.3"
"Lubbock, Texas","48303","7.3"
"Bedford, Tennessee","47003","7.3"
"Delaware, Indiana","18035","7.3"
"Itawamba, Mississippi","28057","7.2"
"Howard, Indiana","18067","7.2"
"Leon, Texas","48289","7.2"
"Greene, Ohio","39057","7.2"
"Niagara, New York","36063","7.2"
"Kanawha, West Virginia","54039","7.2"
"Bristol, Virginia","51520","7.1"
"Boyle, Kentucky","21021","7.1"
"Sumner, Tennessee","47165","7.1"
"Fairfield, Ohio","39045","7.1"
"Hardeman, Texas","48197","7.1"
"San Joaquin, California","6077","7.1"
"Bourbon, Kentucky","21017","7.1"
"Monmouth, New Jersey","34025","7.1"
"Monroe, Florida","12087","7.1"
"Oconee, South Carolina","45073","7.1"
"Lehigh, Pennsylvania","42077","7.0"
"Sebastian, Arkansas","5131","7.0"
"Saline, Arkansas","5125","7.0"
"Hopkins, Texas","48223","7.0"
"Lincoln, Tennessee","47103","7.0"
"Robertson, Tennessee","47147","7.0"
"Collier, Florida","12021","7.0"
"Kendall, Illinois","17093","7.0"
"Salem, Virginia","51775","7.0"
"Nantucket, Massachusetts","25019","7.0"
"Wilson, Tennessee","47189","7.0"
"Madison, Virginia","51113","6.9"
"Jackson, Oklahoma","40065","6.9"
"Clark, Indiana","18019","6.9"
"Morgan, Illinois","17137","6.9"
"Wayne, Tennessee","47181","6.8"
"Cherokee, Georgia","13057","6.8"
"Holmes, Florida","12059","6.8"
"Bedford, Virginia","51917","6.8"
"Johnson, Iowa","19103","6.8"
"Queen Anne's, Maryland","24035","6.8"
"Norfolk, Massachusetts","25021","6.8"
"Upton, Texas","48461","6.8"
"Jackson, Georgia","13157","6.7"
"Gonzales, Texas","48177","6.7"
"Platte, Missouri","29165","6.7"
"Pierce, Washington","53053","6.7"
"Lake, Illinois","17097","6.7"
"Cecil, Maryland","24015","6.7"
"Hill, Texas","48217","6.7"
"Caldwell, Kentucky","21033","6.6"
"Eaton, Michigan","26045","6.6"
"Jackson, Texas","48239","6.6"
"Hendricks, Indiana","18063","6.6"
"Pickens, South Carolina","45077","6.6"
"Midland, Texas","48329","6.6"
"Chippewa, Michigan","26033","6.6"
"Polk, Iowa","19153","6.6"
"Vigo, Indiana","18167","6.5"
"Burke, North Carolina","37023","6.5"
"Henderson, Texas","48213","6.5"
"Knox, Texas","48275","6.5"
"Kings, California","6031","6.5"
"Johnson, Nebraska","31097","6.5"
"Lavaca, Texas","48285","6.5"
"Union, Pennsylvania","42119","6.4"
"Hopkins, Kentucky","21107","6.4"
"Carter, Oklahoma","40019","6.4"
"Cooper, Missouri","29053","6.4"
"Rensselaer, New York","36083","6.4"
"Lexington, Virginia","51678","6.4"
"Caldwell, Texas","48055","6.4"
"Fayette, Texas","48149","6.4"
"Jefferson, West Virginia","54037","6.4"
"Riverside, California","6065","6.4"
"Dawson, Texas","48115","6.3"
"Williamson, Texas","48491","6.3"
"Riley, Kansas","20161","6.3"
"El Paso, Colorado","8041","6.3"
"Logan, Illinois","17107","6.3"
"King, Washington","53033","6.3"
"Gilchrist, Florida","12041","6.3"
"Randolph, North Carolina","37151","6.3"
"Shelby, Kentucky","21211","6.3"
"Buncombe, North Carolina","37021","6.3"
"Walker, Alabama","1127","6.2"
"Massac, Illinois","17127","6.2"
"Fannin, Texas","48147","6.2"
"Mercer, West Virginia","54055","6.2"
"Sabine, Texas","48403","6.2"
"Howard, Texas","48227","6.2"
"Greene, New York","36039","6.2"
"Logan, Kentucky","21141","6.2"
"Orleans, New York","36073","6.2"
"Bond, Illinois","17005","6.2"
"Pike, Pennsylvania","42103","6.2"
"Oneida, New York","36065","6.2"
"Dawson, Nebraska","31047","6.2"
"Lonoke, Arkansas","5085","6.1"
"Santa Rosa, Florida","12113","6.1"
"Nassau, Florida","12089","6.1"
"Rockwall, Texas","48397","6.1"
"Audrain, Missouri","29007","6.1"
"Chemung, New York","36015","6.1"
"Bergen, New Jersey","34003","6.0"
"Buena Vista, Virginia","51530","6.0"
"Livingston, Louisiana","22063","6.0"
"Jefferson, New York","36045","6.0"
"Victoria, Texas","48469","6.0"
"Hughes, Oklahoma","40063","6.0"
"Clay, Missouri","29047","6.0"
"Randolph, Missouri","29175","5.9"
"Beaver, Pennsylvania","42007","5.9"
"New London, Connecticut","9011","5.9"
"Des Moines, Iowa","19057","5.9"
"Ulster, New York","36111","5.9"
"Olmsted, Minnesota","27109","5.9"
"Dakota, Minnesota","27037","5.9"
"Madison, Ohio","39097","5.9"
"Chester, Pennsylvania","42029","5.9"
"Refugio, Texas","48391","5.9"
"McNairy, Tennessee","47109","5.9"
"Anoka, Minnesota","27003","5.9"
"Marion, Ohio","39101","5.8"
"Stearns, Minnesota","27145","5.8"
"Greene, Virginia","51079","5.8"
"York, Pennsylvania","42133","5.8"
"Martin, Florida","12085","5.8"
"Franklin, New York","36033","5.8"
"Crawford, Illinois","17033","5.8"
"Broome, New York","36007","5.7"
"Hardin, Texas","48199","5.7"
"McCreary, Kentucky","21147","5.7"
"Butler, Missouri","29023","5.7"
"Alexander, North Carolina","37003","5.7"
"Mercer, Pennsylvania","42085","5.7"
"Currituck, North Carolina","37053","5.7"
"Roanoke, Virginia","51161","5.7"
"Patrick, Virginia","51141","5.7"
"Wise, Virginia","51195","5.7"
"Buchanan, Missouri","29021","5.6"
"Gratiot, Michigan","26057","5.6"
"Carteret, North Carolina","37031","5.6"
"Anchorage, Alaska","2020","5.6"
"Pasco, Florida","12101","5.6"
"Noble, Ohio","39121","5.6"
"Grayson, Texas","48181","5.5"
"Maricopa, Arizona","4013","5.5"
"Northampton, Pennsylvania","42095","5.5"
"Kane, Illinois","17089","5.5"
"Slope, North Dakota","38087","5.5"
"Davie, North Carolina","37059","5.5"
"Jefferson, Ohio","39081","5.5"
"Huntingdon, Pennsylvania","42061","5.5"
"Swisher, Texas","48437","5.5"
"Kern, California","6029","5.5"
"Doniphan, Kansas","20043","5.5"
"Charlotte, Florida","12015","5.5"
"Hardy, West Virginia","54031","5.5"
"Minnehaha, South Dakota","46099","5.4"
"Multnomah, Oregon","41051","5.4"
"Wood, Texas","48499","5.4"
"Oconee, Georgia","13219","5.4"
"St. Johns, Florida","12109","5.4"
"Alleghany/Clifton Forge, Virginia","51005","5.4"
"Curry, New Mexico","35009","5.4"
"Rice, Minnesota","27131","5.4"
"Mason, Kentucky","21161","5.4"
"Floyd, Indiana","18043","5.4"
"White Pine, Nevada","32033","5.3"
"Middlesex, Connecticut","9007","5.3"
"Martin, Kentucky","21159","5.3"
"Howard, Missouri","29089","5.3"
"Ross, Ohio","39141","5.3"
"Elkhart, Indiana","18039","5.3"
"Linn, Iowa","19113","5.3"
"Middlesex, Massachusetts","25017","5.3"
"Wayne, Indiana","18177","5.2"
"Franklin, Tennessee","47051","5.2"
"Polk, North Carolina","37149","5.2"
"Pawnee, Kansas","20145","5.2"
"San Francisco, California","6075","5.2"
"Washington, Kentucky","21229","5.2"
"Seward, Kansas","20175","5.2"
"Dane, Wisconsin","55025","5.2"
"Miami, Indiana","18103","5.2"
"Berks, Pennsylvania","42011","5.2"
"Pope, Illinois","17151","5.2"
"Sevier, Arkansas","5133","5.1"
"Donley, Texas","48129","5.1"
"Montgomery, Kansas","20125","5.1"
"Lee, Illinois","17103","5.1"
"Hernando, Florida","12053","5.1"
"Cass, North Dakota","38017","5.1"
"Tippecanoe, Indiana","18157","5.1"
"Goliad, Texas","48175","5.1"
"Terry, Texas","48445","5.1"
"Fayette, West Virginia","54019","5.1"
"Morgan, Tennessee","47129","5.1"
"Lamb, Texas","48279","5.0"
"Nolan, Texas","48353","5.0"
"Cass, Michigan","26027","5.0"
"San Diego, California","6073","5.0"
"Cabell, West Virginia","54011","5.0"
"Montgomery, Illinois","17135","5.0"
"Nelson, Kentucky","21179","5.0"
"Hickman, Tennessee","47081","5.0"
"Lincoln, North Carolina","37109","5.0"
"Worcester, Massachusetts","25027","5.0"
"Scurry, Texas","48415","4.9"
"Muhlenberg, Kentucky","21177","4.9"
"Bradley, Tennessee","47011","4.9"
"Cherokee, Alabama","1019","4.9"
"Oldham, Texas","48359","4.9"
"Ward, Texas","48475","4.9"
"Caldwell, North Carolina","37027","4.9"
"Seneca, New York","36099","4.9"
"Scott, Kentucky","21209","4.8"
"Jack, Texas","48237","4.8"
"Fresno, California","6019","4.8"
"Lycoming, Pennsylvania","42081","4.8"
"Walworth, South Dakota","46129","4.8"
"Fayette, Illinois","17051","4.8"
"Poinsett, Arkansas","5111","4.8"
"Hale, Texas","48189","4.8"
"Kandiyohi, Minnesota","27067","4.8"
"Falls Church, Virginia","51610","4.8"
"Clarke, Virginia","51043","4.8"
"Seminole, Oklahoma","40133","4.8"
"Rappahannock, Virginia","51157","4.8"
"DuPage, Illinois","17043","4.8"
"Walton, Florida","12131","4.7"
"Morgan, Ohio","39115","4.7"
"Cape May, New Jersey","34009","4.7"
"McDonough, Illinois","17109","4.7"
"Dakota, Nebraska","31043","4.7"
"Saline, Missouri","29195","4.7"
"Nobles, Minnesota","27105","4.7"
"Johnson, Kansas","20091","4.7"
"Montgomery, Texas","48339","4.7"
"Webster, Iowa","19187","4.7"
"Cass, Illinois","17017","4.7"
"Haralson, Georgia","13143","4.7"
"Preston, West Virginia","54077","4.7"
"Ellsworth, Kansas","20053","4.6"
"Winkler, Texas","48495","4.6"
"Grayson, Virginia","51077","4.6"
"Ionia, Michigan","26067","4.6"
"Montgomery, Virginia","51121","4.6"
"Clark, Kentucky","21049","4.6"
"Pulaski, Virginia","51155","4.6"
"Luzerne, Pennsylvania","42079","4.6"
"Ector, Texas","48135","4.6"
"Cleveland, Oklahoma","40027","4.6"
"Fairfax, Virginia","51600","4.6"
"Norton, Virginia","51720","4.6"
"Woodford, Kentucky","21239","4.5"
"Kenton, Kentucky","21117","4.5"
"Wyoming, New York","36121","4.5"
"Transylvania, North Carolina","37175","4.5"
"St. Francois, Missouri","29187","4.5"
"Sarasota, Florida","12115","4.5"
"Bledsoe, Tennessee","47007","4.5"
"Gogebic, Michigan","26053","4.5"
"Fairbanks North Star, Alaska","2090","4.5"
"Lyon, Kentucky","21143","4.5"
"Pinal, Arizona","4021","4.5"
"Avery, North Carolina","37011","4.5"
"Rock, Wisconsin","55105","4.4"
"St. Charles, Missouri","29183","4.4"
"Graves, Kentucky","21083","4.4"
"Franklin, Alabama","1059","4.4"
"Columbia, New York","36021","4.4"
"Gray, Texas","48179","4.4"
"Pershing, Nevada","32027","4.4"
"Washington, Minnesota","27163","4.4"
"Lampasas, Texas","48281","4.4"
"Warren, New Jersey","34041","4.4"
"Frio, Texas","48163","4.4"
"Lee, Virginia","51105","4.3"
"Hamblen, Tennessee","47063","4.3"
"Texas, Oklahoma","40139","4.3"
"Johnson, Missouri","29101","4.3"
"Summers, West Virginia","54089","4.3"
"Madison, Kentucky","21151","4.3"
"Daviess, Kentucky","21059","4.3"
"Stokes, North Carolina","37169","4.3"
"Garza, Texas","48169","4.3"
"Tom Green, Texas","48451","4.3"
"Aleutians West, Alaska","2016","4.3"
"Clinton, New York","36019","4.3"
"Cayuga, New York","36011","4.3"
"Lancaster, Pennsylvania","42071","4.3"
"Callaway, Missouri","29027","4.3"
"Williamson, Tennessee","47187","4.3"
"Ballard, Kentucky","21007","4.2"
"Washington, Tennessee","47179","4.2"
"Dickson, Tennessee","47043","4.2"
"Aleutians East, Alaska","2013","4.2"
"Hart, Kentucky","21099","4.2"
"Williamson, Illinois","17199","4.2"
"Crane, Texas","48103","4.2"
"Augusta, Virginia","51015","4.2"
"Hardin, Tennessee","47071","4.2"
"Labette, Kansas","20099","4.2"
"Douglas, Kansas","20045","4.2"
"Cameron, Louisiana","22023","4.2"
"Tompkins, New York","36109","4.1"
"Fremont, Colorado","8043","4.1"
"Blaine, Oklahoma","40011","4.1"
"White, Arkansas","5145","4.1"
"Walker, Georgia","13295","4.1"
"Bristol, Massachusetts","25005","4.1"
"Frederick, Virginia","51069","4.1"
"Crosby, Texas","48107","4.1"
"Garfield, Oklahoma","40047","4.1"
"Belmont, Ohio","39013","4.1"
"Marion, Missouri","29127","4.1"
"Adams, Illinois","17001","4.1"
"Scott, Minnesota","27139","4.1"
"Portage, Ohio","39133","4.1"
"Webster, Kentucky","21233","4.1"
"Wilkes, North Carolina","37193","4.1"
"Lake, Ohio","39085","4.1"
"Centre, Pennsylvania","42027","4.0"
"Hays, Texas","48209","4.0"
"Lancaster, Nebraska","31109","4.0"
"Payne, Oklahoma","40119","4.0"
"Bent, Colorado","8011","4.0"
"Moore, Texas","48341","4.0"
"Essex, Massachusetts","25009","4.0"
"Grand Forks, North Dakota","38035","4.0"
"Bucks, Pennsylvania","42017","4.0"
"Sullivan, Indiana","18153","4.0"
"Jessamine, Kentucky","21113","4.0"
"Ohio, West Virginia","54069","4.0"
"Livingston, Illinois","17105","4.0"
"Whitfield, Georgia","13313","4.0"
"Gordon, Georgia","13129","4.0"
"Dukes, Massachusetts","25007","3.9"
"Lea, New Mexico","35025","3.9"
"Atoka, Oklahoma","40005","3.9"
"Brown, Texas","48049","3.9"
"Mercer, Kentucky","21167","3.9"
"Cumberland, Kentucky","21057","3.9"
"Houston, Tennessee","47083","3.9"
"Sarpy, Nebraska","31153","3.9"
"Graham, Kansas","20065","3.9"
"Fayette, Pennsylvania","42051","3.9"
"Ward, North Dakota","38101","3.9"
"Taylor, Kentucky","21217","3.9"
"Golden Valley, Montana","30037","3.9"
"Franklin, Texas","48159","3.9"
"Floyd, Texas","48153","3.9"
"Moniteau, Missouri","29135","3.8"
"Licking, Ohio","39089","3.8"
"Surry, North Carolina","37171","3.8"
"Barren, Kentucky","21009","3.8"
"McMinn, Tennessee","47107","3.8"
"Beckham, Oklahoma","40009","3.8"
"Yadkin, North Carolina","37197","3.8"
"Ashtabula, Ohio","39007","3.8"
"Cumberland, Pennsylvania","42041","3.8"
"Franklin, Pennsylvania","42055","3.8"
"Nueces, Texas","48355","3.8"
"Warren, Virginia","51187","3.8"
"Decatur, Tennessee","47039","3.7"
"Hamilton, Indiana","18057","3.7"
"Fulton, Illinois","17057","3.7"
"Eastland, Texas","48133","3.7"
"Coles, Illinois","17029","3.7"
"Hamilton, Kansas","20075","3.7"
"Porter, Indiana","18127","3.7"
"Lawrence, Pennsylvania","42073","3.7"
"Oldham, Kentucky","21185","3.7"
"Cochise, Arizona","4003","3.7"
"Pecos, Texas","48371","3.7"
"Crowley, Colorado","8025","3.7"
"Newport, Rhode Island","44005","3.7"
"Lincoln, Nevada","32017","3.7"
"Marion, Alabama","1093","3.7"
"Otero, New Mexico","35035","3.6"
"Marion, West Virginia","54049","3.6"
"McDowell, North Carolina","37111","3.6"
"Williams, North Dakota","38105","3.6"
"Larue, Kentucky","21123","3.6"
"Echols, Georgia","13101","3.6"
"Mower, Minnesota","27099","3.6"
"Washington, Arkansas","5143","3.6"
"Monongalia, West Virginia","54061","3.6"
"Cass, Missouri","29037","3.6"
"Stonewall, Texas","48433","3.5"
"Brantley, Georgia","13025","3.5"
"Monroe, Missouri","29137","3.5"
"Clinton, Illinois","17027","3.5"
"Colfax, Nebraska","31037","3.5"
"Marion, Illinois","17121","3.5"
"Lyon, Minnesota","27083","3.5"
"Irion, Texas","48235","3.5"
"Jackson, Alabama","1071","3.5"
"Mineral, West Virginia","54057","3.5"
"Pima, Arizona","4019","3.5"
"Wagoner, Oklahoma","40145","3.5"
"Kiowa, Oklahoma","40075","3.5"
"Woodbury, Iowa","19193","3.5"
"Pickaway, Ohio","39129","3.5"
"Blue Earth, Minnesota","27013","3.5"
"Perry, Tennessee","47135","3.5"
"Morgan, Colorado","8087","3.4"
"Pendleton, West Virginia","54071","3.4"
"Carroll, Maryland","24013","3.4"
"Meade, Kentucky","21163","3.4"
"Adair, Missouri","29001","3.4"
"Hockley, Texas","48219","3.4"
"Clay, Tennessee","47027","3.4"
"Cochran, Texas","48079","3.4"
"Elliott, Kentucky","21063","3.4"
"Dubuque, Iowa","19061","3.4"
"El Paso, Texas","48141","3.4"
"Warren, Ohio","39165","3.4"
"Morris, New Jersey","34027","3.4"
"Clay, Kentucky","21051","3.4"
"Pottawatomie, Oklahoma","40125","3.4"
"Calloway, Kentucky","21035","3.4"
"Henderson, North Carolina","37089","3.3"
"Van Buren, Michigan","26159","3.3"
"Morgan, Kentucky","21175","3.3"
"Merced, California","6047","3.3"
"Lewis, Missouri","29111","3.3"
"Benton, Minnesota","27009","3.3"
"Reeves, Texas","48389","3.3"
"Rockbridge, Virginia","51163","3.3"
"Kleberg, Texas","48273","3.3"
"Adair, Kentucky","21001","3.3"
"Greene, Missouri","29077","3.3"
"Delaware, Ohio","39041","3.3"
"Greene, Pennsylvania","42059","3.3"
"Alfalfa, Oklahoma","40003","3.3"
"Anderson, Tennessee","47001","3.3"
"Haskell, Texas","48207","3.3"
"Baylor, Texas","48023","3.3"
"Cambria, Pennsylvania","42021","3.3"
"Washington, New York","36115","3.3"
"Forsyth, Georgia","13117","3.3"
"Johnson, Tennessee","47091","3.3"
"Pike, Arkansas","5109","3.3"
"Adams, Colorado","8001","3.3"
"Custer, Oklahoma","40039","3.2"
"Madera, California","6039","3.2"
"Island, Washington","53029","3.2"
"Campbell, Kentucky","21037","3.2"
"Yuba, California","6115","3.2"
"Tazewell, Virginia","51185","3.2"
"Wayne, Pennsylvania","42127","3.2"
"Wapello, Iowa","19179","3.2"
"Benton, Tennessee","47005","3.2"
"Bourbon, Kansas","20011","3.2"
"Craig, Oklahoma","40035","3.2"
"Wythe, Virginia","51197","3.2"
"Pettis, Missouri","29159","3.2"
"Cowley, Kansas","20035","3.2"
"Clay, Minnesota","27027","3.1"
"Washington, Pennsylvania","42125","3.1"
"Tolland, Connecticut","9013","3.1"
"Dickens, Texas","48125","3.1"
"Runnels, Texas","48399","3.1"
"Sullivan, Pennsylvania","42113","3.1"
"Habersham, Georgia","13137","3.1"
"Nicollet, Minnesota","27103","3.1"
"Thurston, Washington","53067","3.1"
"Boone, Kentucky","21015","3.1"
"Essex, New York","36031","3.1"
"Muskingum, Ohio","39119","3.1"
"Ocean, New Jersey","34029","3.1"
"Johnson, Texas","48251","3.1"
"Carroll, Kentucky","21041","3.0"
"Pope, Arkansas","5115","3.0"
"Coleman, Texas","48083","3.0"
"Grant, Arkansas","5053","3.0"
"Steele, Minnesota","27147","3.0"
"Botetourt, Virginia","51023","3.0"
"Schuylkill, Pennsylvania","42107","3.0"
"Perry, Indiana","18123","3.0"
"Sandusky, Ohio","39143","3.0"
"Monroe, Indiana","18105","3.0"
"Barnstable, Massachusetts","25001","3.0"
"Athens, Ohio","39009","2.9"
"Fisher, Texas","48151","2.9"
"Bell, Kentucky","21013","2.9"
"Sullivan, Missouri","29211","2.9"
"Buchanan, Virginia","51027","2.9"
"Del Norte, California","6015","2.9"
"Tishomingo, Mississippi","28141","2.9"
"Wheeler, Texas","48483","2.9"
"Wayne, New York","36117","2.9"
"Snohomish, Washington","53061","2.9"
"Montgomery, Kentucky","21173","2.9"
"Putnam, New York","36079","2.9"
"Mecosta, Michigan","26107","2.9"
"Berkshire, Massachusetts","25003","2.9"
"Pittsburg, Oklahoma","40121","2.9"
"Knox, Indiana","18083","2.9"
"Citrus, Florida","12017","2.9"
"Cumberland, Maine","23005","2.9"
"Live Oak, Texas","48297","2.9"
"Stanislaus, California","6099","2.9"
"Randall, Texas","48381","2.9"
"Coos, New Hampshire","33007","2.9"
"Henry, Kentucky","21103","2.9"
"Saline, Kansas","20169","2.8"
"Hardin, Illinois","17069","2.8"
"Rains, Texas","48379","2.8"
"Nodaway, Missouri","29147","2.8"
"Hillsborough, New Hampshire","33011","2.8"
"Hampshire, Massachusetts","25015","2.8"
"Adams, Wisconsin","55001","2.8"
"Seneca, Ohio","39147","2.8"
"Mackinac, Michigan","26097","2.8"
"Clearfield, Pennsylvania","42033","2.8"
"Manistee, Michigan","26101","2.8"
"Saline, Illinois","17165","2.8"
"Reno, Kansas","20155","2.8"
"Livingston, New York","36051","2.8"
"Scioto, Ohio","39145","2.8"
"Bernalillo, New Mexico","35001","2.8"
"Lackawanna, Pennsylvania","42069","2.8"
"Monroe, Kentucky","21171","2.8"
"Wood, Ohio","39173","2.7"
"Terrell, Texas","48443","2.7"
"Yolo, California","6113","2.7"
"Hunterdon, New Jersey","34019","2.7"
"Clinton, Iowa","19045","2.7"
"Canadian, Oklahoma","40017","2.7"
"Phelps, Missouri","29161","2.7"
"Lenawee, Michigan","26091","2.7"
"Buena Vista, Iowa","19021","2.7"
"Banks, Georgia","13011","2.7"
"McIntosh, Oklahoma","40091","2.7"
"Norton, Kansas","20137","2.7"
"Kalawao, Hawaii","15005","2.7"
"Livingston, Missouri","29117","2.7"
"Dodge, Wisconsin","55027","2.7"
"Northumberland, Pennsylvania","42097","2.7"
"Roosevelt, New Mexico","35041","2.7"
"Union, Ohio","39159","2.7"
"Putnam, Indiana","18133","2.7"
"Shelby, Ohio","39149","2.7"
"Calhoun, Texas","48057","2.6"
"Kit Carson, Colorado","8063","2.6"
"Coffee, Tennessee","47031","2.6"
"Van Zandt, Texas","48467","2.6"
"Elmore, Idaho","16039","2.6"
"Marshall, Alabama","1095","2.6"
"Cleburne, Alabama","1029","2.6"
"Isabella, Michigan","26073","2.6"
"Blount, Tennessee","47009","2.6"
"Chautauqua, New York","36013","2.6"
"Custer, Colorado","8027","2.6"
"Smith, Tennessee","47159","2.6"
"Mingo, West Virginia","54059","2.6"
"Medina, Texas","48325","2.6"
"Harlan, Kentucky","21095","2.6"
"Finney, Kansas","20055","2.6"
"Monterey, California","6053","2.6"
"Warren, Illinois","17187","2.6"
"Lee, Iowa","19111","2.6"
"Washington, Oklahoma","40147","2.6"
"Boyd, Kentucky","21019","2.6"
"Crawford, Iowa","19047","2.6"
"Somerset, Pennsylvania","42111","2.6"
"Laramie, Wyoming","56021","2.5"
"McKean, Pennsylvania","42083","2.5"
"Chittenden, Vermont","50007","2.5"
"Cooke, Texas","48097","2.5"
"Love, Oklahoma","40085","2.5"
"Anderson, Kentucky","21005","2.5"
"Hall, Nebraska","31079","2.5"
"Johnson, Indiana","18081","2.5"
"Jones, Iowa","19105","2.5"
"Imperial, California","6025","2.5"
"Santa Clara, California","6085","2.5"
"La Salle, Illinois","17099","2.5"
"Nowata, Oklahoma","40105","2.5"
"Mineral, Nevada","32021","2.5"
"Rockingham, Virginia","51165","2.5"
"Yell, Arkansas","5149","2.5"
"Henry, Indiana","18065","2.5"
"Fayette, Indiana","18041","2.5"
"Kitsap, Washington","53035","2.5"
"Ontario, New York","36069","2.5"
"Briscoe, Texas","48045","2.5"
"Skagway-Hoonah-Angoon, Alaska","2232","2.5"
"Yuma, Colorado","8125","2.4"
"Woods, Oklahoma","40151","2.4"
"Humphreys, Tennessee","47085","2.4"
"Gallia, Ohio","39053","2.4"
"Rabun, Georgia","13241","2.4"
"Sargent, North Dakota","38081","2.4"
"Lake, California","6033","2.4"
"San Saba, Texas","48411","2.4"
"Garvin, Oklahoma","40049","2.4"
"Honolulu, Hawaii","15003","2.4"
"Butler, Kansas","20015","2.4"
"Swift, Minnesota","27151","2.4"
"St. Lawrence, New York","36089","2.4"
"Franklin, Washington","53021","2.4"
"Monroe, Michigan","26115","2.4"
"Catoosa, Georgia","13047","2.4"
"Westmoreland, Pennsylvania","42129","2.4"
"Nye, Nevada","32023","2.4"
"Lebanon, Pennsylvania","42075","2.4"
"Churchill, Nevada","32001","2.4"
"Barnes, North Dakota","38003","2.4"
"Alleghany, North Carolina","37005","2.4"
"Greenbrier, West Virginia","54025","2.4"
"Smyth, Virginia","51173","2.4"
"Roane, Tennessee","47145","2.4"
"Stephens, Texas","48429","2.4"
"Chariton, Missouri","29041","2.4"
"Palo Alto, Iowa","19147","2.3"
"Branch, Michigan","26023","2.3"
"Windham, Connecticut","9015","2.3"
"Jackson, North Carolina","37099","2.3"
"Sussex, New Jersey","34037","2.3"
"Indiana, Pennsylvania","42063","2.3"
"Cherokee, Iowa","19035","2.3"
"Atchison, Kansas","20005","2.3"
"Brown, Wisconsin","55009","2.3"
"Wayne, Kentucky","21231","2.3"
"Juneau, Wisconsin","55057","2.3"
"Washoe, Nevada","32031","2.3"
"Texas, Missouri","29215","2.3"
"Hutchinson, Texas","48233","2.3"
"Pine, Minnesota","27115","2.3"
"Lyon, Kansas","20111","2.3"
"San Mateo, California","6081","2.3"
"Muscatine, Iowa","19139","2.3"
"Winnebago, Wisconsin","55139","2.3"
"Carroll, Missouri","29033","2.3"
"Henry, Iowa","19087","2.3"
"Pratt, Kansas","20151","2.3"
"Cotton, Oklahoma","40033","2.2"
"Sandoval, New Mexico","35043","2.2"
"Putnam, Tennessee","47141","2.2"
"Palo Pinto, Texas","48363","2.2"
"Montcalm, Michigan","26117","2.2"
"Dare, North Carolina","37055","2.2"
"Yuma, Arizona","4027","2.2"
"Giles, Virginia","51071","2.2"
"Columbiana, Ohio","39029","2.2"
"Brown, South Dakota","46013","2.2"
"Marin, California","6041","2.2"
"Kay, Oklahoma","40071","2.2"
"Gaines, Texas","48165","2.2"
"Genesee, New York","36037","2.2"
"Rhea, Tennessee","47143","2.2"
"Stark, North Dakota","38089","2.2"
"Concho, Texas","48095","2.2"
"Whitman, Washington","53075","2.2"
"Mineral, Colorado","8079","2.2"
"Jefferson, Indiana","18077","2.2"
"Grady, Oklahoma","40051","2.2"
"Harrison, Ohio","39067","2.2"
"Caddo, Oklahoma","40015","2.2"
"Greenlee, Arizona","4011","2.2"
"Sherburne, Minnesota","27141","2.2"
"St. Joseph, Michigan","26149","2.2"
"Crawford, Kansas","20037","2.2"
"Boone, Illinois","17007","2.2"
"Clay, North Carolina","37043","2.1"
"Cocke, Tennessee","47029","2.1"
"Marion, Tennessee","47115","2.1"
"Warren, Missouri","29219","2.1"
"Pontotoc, Oklahoma","40123","2.1"
"Fulton, Pennsylvania","42057","2.1"
"St. Clair, Michigan","26147","2.1"
"Adams, North Dakota","38001","2.1"
"Lawrence, Ohio","39087","2.1"
"Hancock, Indiana","18059","2.1"
"Creek, Oklahoma","40037","2.1"
"Le Flore, Oklahoma","40079","2.1"
"Jackson, Wisconsin","55053","2.1"
"Monroe, Tennessee","47123","2.1"
"Miami, Ohio","39109","2.1"
"Greene, Tennessee","47059","2.1"
"Sutter, California","6101","2.1"
"Amador, California","6005","2.1"
"Otsego, New York","36077","2.1"
"Burleigh, North Dakota","38015","2.1"
"Androscoggin, Maine","23001","2.1"
"Harding, South Dakota","46063","2.1"
"Pueblo, Colorado","8101","2.1"
"Montgomery, New York","36057","2.0"
"White, Tennessee","47185","2.0"
"Waseca, Minnesota","27161","2.0"
"Carbon, Pennsylvania","42025","2.0"
"Fulton, New York","36035","2.0"
"Lincoln, Kentucky","21137","2.0"
"Fayette, Ohio","39047","2.0"
"Washington, Missouri","29221","2.0"
"Meigs, Tennessee","47121","2.0"
"Posey, Indiana","18129","2.0"
"Randolph, West Virginia","54083","2.0"
"Crawford, Wisconsin","55023","2.0"
"Napa, California","6055","2.0"
"McDonald, Missouri","29119","2.0"
"Shenandoah, Virginia","51171","2.0"
"Gibson, Indiana","18051","2.0"
"Washington, Oregon","41067","2.0"
"Clinton, Ohio","39027","2.0"
"Andrews, Texas","48003","2.0"
"Polk, Minnesota","27119","2.0"
"Bartholomew, Indiana","18005","2.0"
"Ford, Kansas","20057","2.0"
"Sullivan, Tennessee","47163","2.0"
"Young, Texas","48503","2.0"
"Graham, Arizona","4009","2.0"
"Andrew, Missouri","29003","2.0"
"Jasper, Missouri","29097","2.0"
"Fayette, Iowa","19065","2.0"
"Union, New Mexico","35059","2.0"
"Dawes, Nebraska","31045","1.9"
"Floyd, Virginia","51063","1.9"
"Poweshiek, Iowa","19157","1.9"
"Harrison, Kentucky","21097","1.9"
"Defiance, Ohio","39039","1.9"
"Jasper, Iowa","19099","1.9"
"Chaffee, Colorado","8015","1.9"
"Meade, South Dakota","46093","1.9"
"Lumpkin, Georgia","13187","1.9"
"Shelby, Missouri","29205","1.9"
"Macon, Missouri","29121","1.9"
"San Luis Obispo, California","6079","1.9"
"Izard, Arkansas","5065","1.9"
"Comal, Texas","48091","1.9"
"Hancock, West Virginia","54029","1.9"
"Sequoyah, Oklahoma","40135","1.9"
"Archuleta, Colorado","8007","1.9"
"Story, Iowa","19169","1.9"
"Johnston, Oklahoma","40069","1.9"
"Litchfield, Connecticut","9005","1.9"
"Lafayette, Missouri","29107","1.9"
"Rice, Kansas","20159","1.9"
"Reynolds, Missouri","29179","1.9"
"Bryan, Oklahoma","40013","1.9"
"Santa Barbara, California","6083","1.9"
"Harvey, Kansas","20079","1.9"
"Clinton, Missouri","29049","1.9"
"Dona Ana, New Mexico","35013","1.9"
"Independence, Arkansas","5063","1.9"
"Perry, Arkansas","5105","1.9"
"Lincoln, Missouri","29113","1.9"
"Jefferson, Iowa","19101","1.8"
"Carson City, Nevada","32510","1.8"
"Kearny, Kansas","20093","1.8"
"Lincoln, Oklahoma","40081","1.8"
"Madison, New York","36053","1.8"
"Foard, Texas","48155","1.8"
"Ste. Genevieve, Missouri","29186","1.8"
"Delaware, New York","36025","1.8"
"Sheboygan, Wisconsin","55117","1.8"
"Torrance, New Mexico","35057","1.8"
"Bland, Virginia","51021","1.8"
"Burnet, Texas","48053","1.8"
"Emmet, Iowa","19063","1.8"
"Bath, Virginia","51017","1.8"
"Crawford, Pennsylvania","42039","1.8"
"Carlton, Minnesota","27017","1.8"
"Breckinridge, Kentucky","21027","1.8"
"Salt Lake, Utah","49035","1.8"
"McCulloch, Texas","48307","1.8"
"Rowan, Kentucky","21205","1.8"
"Columbia, Pennsylvania","42037","1.8"
"Wayne, Illinois","17191","1.8"
"Walla Walla, Washington","53071","1.8"
"Montour, Pennsylvania","42093","1.8"
"Jefferson, Tennessee","47089","1.8"
"Daviess, Indiana","18027","1.8"
"Gallatin, Kentucky","21077","1.8"
"Thomas, Kansas","20193","1.8"
"Highland, Ohio","39071","1.8"
"Upshur, West Virginia","54097","1.8"
"Champaign, Ohio","39021","1.8"
"Wayne, Nebraska","31179","1.8"
"Cloud, Kansas","20029","1.8"
"Waushara, Wisconsin","55137","1.8"
"Tuolumne, California","6109","1.7"
"Orange, California","6059","1.7"
"Watauga, North Carolina","37189","1.7"
"Ventura, California","6111","1.7"
"Page, Iowa","19145","1.7"
"Clark, Washington","53011","1.7"
"Barton, Kansas","20009","1.7"
"Mason, Washington","53045","1.7"
"Chase, Kansas","20017","1.7"
"Cerro Gordo, Iowa","19033","1.7"
"Colusa, California","6011","1.7"
"Schoharie, New York","36095","1.7"
"Harrison, West Virginia","54033","1.7"
"Duval, Texas","48131","1.7"
"Logan, West Virginia","54045","1.7"
"Modoc, California","6049","1.7"
"Cannon, Tennessee","47015","1.7"
"Floyd, Iowa","19067","1.7"
"Stephens, Oklahoma","40137","1.7"
"Logan, Ohio","39091","1.7"
"Lawrence, Tennessee","47099","1.7"
"Erath, Texas","48143","1.7"
"Madison, North Carolina","37115","1.7"
"Clinton, Michigan","26037","1.7"
"Warrick, Indiana","18173","1.7"
"San Patricio, Texas","48409","1.7"
"Kent, Rhode Island","44003","1.7"
"Monroe, Wisconsin","55081","1.7"
"Bay, Michigan","26017","1.7"
"Saratoga, New York","36091","1.7"
"Benton, Arkansas","5007","1.7"
"Ray, Missouri","29177","1.7"
"Pitkin, Colorado","8097","1.7"
"Brooke, West Virginia","54009","1.7"
"Whiteside, Illinois","17195","1.7"
"Henry, Illinois","17073","1.7"
"Chaves, New Mexico","35005","1.7"
"Carver, Minnesota","27019","1.7"
"Marquette, Michigan","26103","1.7"
"Mahaska, Iowa","19123","1.6"
"Decatur, Iowa","19053","1.6"
"Cattaraugus, New York","36009","1.6"
"Owen, Kentucky","21187","1.6"
"Placer, California","6061","1.6"
"Dallas, Iowa","19049","1.6"
"Eddy, New Mexico","35015","1.6"
"Johnson, Arkansas","5071","1.6"
"Steuben, New York","36101","1.6"
"Dunn, North Dakota","38025","1.6"
"Motley, Texas","48345","1.6"
"Fleming, Kentucky","21069","1.6"
"Scotland, Missouri","29199","1.6"
"Waukesha, Wisconsin","55133","1.6"
"Benton, Washington","53005","1.6"
"Brookings, South Dakota","46011","1.6"
"Tulare, California","6107","1.6"
"Lewis, Tennessee","47101","1.6"
"Blair, Pennsylvania","42013","1.6"
"Crawford, Arkansas","5033","1.6"
"Greene, Arkansas","5055","1.6"
"Spokane, Washington","53063","1.6"
"Bosque, Texas","48035","1.6"
"Murray, Oklahoma","40099","1.6"
"Hudspeth, Texas","48229","1.6"
"Clinton, Pennsylvania","42035","1.6"
"Yankton, South Dakota","46135","1.6"
"Boone, Indiana","18011","1.6"
"Grant, West Virginia","54023","1.6"
"De Baca, New Mexico","35011","1.6"
"Sonoma, California","6097","1.6"
"Val Verde, Texas","48465","1.6"
"Rush, Indiana","18139","1.6"
"Keweenaw, Michigan","26083","1.5"
"Pottawattamie, Iowa","19155","1.5"
"Madison, Nebraska","31119","1.5"
"Butte, California","6007","1.5"
"St. Louis, Minnesota","27137","1.5"
"Aransas, Texas","48007","1.5"
"Lynn, Texas","48305","1.5"
"Marshall, Oklahoma","40095","1.5"
"Franklin, Massachusetts","25011","1.5"
"Kerr, Texas","48265","1.5"
"Cherokee, Oklahoma","40021","1.5"
"Warren, Tennessee","47177","1.5"
"La Crosse, Wisconsin","55063","1.5"
"Blount, Alabama","1009","1.5"
"DeKalb, Tennessee","47041","1.5"
"Ottawa, Michigan","26139","1.5"
"Wilson, Texas","48493","1.5"
"Carter, Tennessee","47019","1.5"
"Allegan, Michigan","26005","1.5"
"Allen, Kansas","20001","1.5"
"Bates, Missouri","29013","1.5"
"Quay, New Mexico","35037","1.5"
"Wayne, Ohio","39169","1.5"
"Hancock, Ohio","39063","1.5"
"Greene, Illinois","17061","1.5"
"Pike, Illinois","17149","1.5"
"Siskiyou, California","6093","1.5"
"Hampshire, West Virginia","54027","1.5"
"Bon Homme, South Dakota","46009","1.5"
"York, Nebraska","31185","1.5"
"Page, Virginia","51139","1.5"
"Grundy, Illinois","17063","1.5"
"Medina, Ohio","39103","1.5"
"Montgomery, Missouri","29139","1.5"
"Russell, Kansas","20167","1.5"
"McHenry, Illinois","17111","1.5"
"Cortland, New York","36023","1.5"
"Allen, Kentucky","21003","1.5"
"Edmonson, Kentucky","21061","1.5"
"Nemaha, Nebraska","31127","1.5"
"Douglas, Colorado","8035","1.4"
"DeKalb, Alabama","1049","1.4"
"Ellis, Kansas","20051","1.4"
"Herkimer, New York","36043","1.4"
"Huron, Ohio","39077","1.4"
"Marion, Oregon","41047","1.4"
"Barron, Wisconsin","55005","1.4"
"Stanton, Nebraska","31167","1.4"
"Ada, Idaho","16001","1.4"
"Hawkins, Tennessee","47073","1.4"
"Fallon, Montana","30025","1.4"
"Griggs, North Dakota","38039","1.4"
"Otter Tail, Minnesota","27111","1.4"
"Luna, New Mexico","35029","1.4"
"Woodward, Oklahoma","40153","1.4"
"Parker, Texas","48367","1.4"
"Stevens, Minnesota","27149","1.4"
"Ochiltree, Texas","48357","1.4"
"Hancock, Kentucky","21091","1.4"
"Adams, Pennsylvania","42001","1.4"
"White, Georgia","13311","1.4"
"Lincoln, Nebraska","31111","1.4"
"Pipestone, Minnesota","27117","1.4"
"Cheatham, Tennessee","47021","1.4"
"Outagamie, Wisconsin","55087","1.4"
"Midland, Michigan","26111","1.4"
"Macon, North Carolina","37113","1.4"
"Otero, Colorado","8089","1.4"
"Washington, Colorado","8121","1.4"
"Fond du Lac, Wisconsin","55039","1.4"
"Newaygo, Michigan","26123","1.4"
"Bristol, Rhode Island","44001","1.4"
"Natrona, Wyoming","56025","1.4"
"Washington, Virginia","51191","1.4"
"Washington, Rhode Island","44009","1.4"
"Ozaukee, Wisconsin","55089","1.4"
"Allegany, New York","36003","1.4"
"Wright, Minnesota","27171","1.4"
"Vermillion, Indiana","18165","1.4"
"Miami, Kansas","20121","1.4"
"Grant, Wisconsin","55043","1.4"
"Clermont, Ohio","39025","1.4"
"Wirt, West Virginia","54105","1.4"
"La Salle, Texas","48283","1.4"
"Owsley, Kentucky","21189","1.4"
"Union, Illinois","17181","1.4"
"Hamilton, Iowa","19079","1.4"
"Franklin, Iowa","19069","1.4"
"Doddridge, West Virginia","54017","1.3"
"Ralls, Missouri","29173","1.3"
"Cherokee, North Carolina","37039","1.3"
"Wood, West Virginia","54107","1.3"
"Tazewell, Illinois","17179","1.3"
"Logan, Arkansas","5083","1.3"
"Christian, Illinois","17021","1.3"
"Warren, New York","36113","1.3"
"Nicholas, Kentucky","21181","1.3"
"Cascade, Montana","30013","1.3"
"Chisago, Minnesota","27025","1.3"
"Dickinson, Kansas","20041","1.3"
"Sedgwick, Colorado","8115","1.3"
"Orange, Indiana","18117","1.3"
"Hardin, Iowa","19083","1.3"
"Winnebago, Iowa","19189","1.3"
"Worth, Iowa","19195","1.3"
"Allamakee, Iowa","19005","1.3"
"Freeborn, Minnesota","27047","1.3"
"Henry, Missouri","29083","1.3"
"Osceola, Iowa","19143","1.3"
"Winona, Minnesota","27169","1.3"
"Brown, Kansas","20013","1.3"
"Moore, Tennessee","47127","1.3"
"Pickens, Georgia","13227","1.3"
"San Miguel, New Mexico","35047","1.3"
"Jefferson, Oklahoma","40067","1.3"
"Merrimack, New Hampshire","33013","1.3"
"Wise, Texas","48497","1.3"
"Addison, Vermont","50001","1.3"
"Douglas, Wisconsin","55031","1.3"
"Coconino, Arizona","4005","1.3"
"Wahkiakum, Washington","53069","1.3"
"Dillingham, Alaska","2070","1.3"
"Carlisle, Kentucky","21039","1.3"
"Russell, Virginia","51167","1.3"
"Guadalupe, New Mexico","35019","1.3"
"Green, Kentucky","21087","1.3"
"Comanche, Texas","48093","1.3"
"Davis, Utah","49011","1.3"
"Carson, Texas","48065","1.3"
"Meigs, Ohio","39105","1.3"
"Calhoun, Iowa","19025","1.2"
"Washington, Wisconsin","55131","1.2"
"Knox, Kentucky","21121","1.2"
"Billings, North Dakota","38007","1.2"
"Columbia, Wisconsin","55021","1.2"
"Taney, Missouri","29213","1.2"
"Grafton, New Hampshire","33009","1.2"
"Geauga, Ohio","39055","1.2"
"Teton, Wyoming","56039","1.2"
"Cass, Indiana","18017","1.2"
"Barbour, West Virginia","54001","1.2"
"Iron, Missouri","29093","1.2"
"Alamosa, Colorado","8003","1.2"
"Spencer, Kentucky","21215","1.2"
"Lincoln, South Dakota","46083","1.2"
"Lapeer, Michigan","26087","1.2"
"Schuyler, New York","36097","1.2"
"Carroll, Arkansas","5015","1.2"
"Malheur, Oregon","41045","1.2"
"Kiowa, Kansas","20097","1.2"
"Windham, Vermont","50025","1.2"
"Pennington, Minnesota","27113","1.2"
"Clay, South Dakota","46027","1.2"
"Humboldt, California","6023","1.2"
"Putnam, West Virginia","54079","1.2"
"Shasta, California","6089","1.2"
"Jefferson, Colorado","8059","1.2"
"Towns, Georgia","13281","1.2"
"Washington, Ohio","39167","1.2"
"Tuscola, Michigan","26157","1.2"
"Van Wert, Ohio","39161","1.2"
"Crittenden, Kentucky","21055","1.2"
"Albany, Wyoming","56001","1.2"
"Ohio, Indiana","18115","1.2"
"Guernsey, Ohio","39059","1.2"
"Neosho, Kansas","20133","1.2"
"Kiowa, Colorado","8061","1.2"
"Washington, Nebraska","31177","1.2"
"Weld, Colorado","8123","1.2"
"Hyde, South Dakota","46069","1.2"
"Dawson, Montana","30021","1.2"
"Broomfield, Colorado","8014","1.2"
"Chippewa, Wisconsin","55017","1.2"
"Cullman, Alabama","1043","1.2"
"Poquoson, Virginia","51735","1.2"
"Stoddard, Missouri","29207","1.2"
"Stutsman, North Dakota","38093","1.2"
"Sitka, Alaska","2220","1.2"
"Mountrail, North Dakota","38061","1.2"
"Adams, Indiana","18001","1.1"
"Cibola, New Mexico","35006","1.1"
"Clear Creek, Colorado","8019","1.1"
"Parmer, Texas","48369","1.1"
"Ottawa, Ohio","39123","1.1"
"Yakima, Washington","53077","1.1"
"Dickey, North Dakota","38021","1.1"
"Franklin, Kansas","20059","1.1"
"McPherson, Kansas","20113","1.1"
"Clarion, Pennsylvania","42031","1.1"
"McClain, Oklahoma","40087","1.1"
"Weber, Utah","49057","1.1"
"Clallam, Washington","53009","1.1"
"Floyd, Kentucky","21071","1.1"
"Bath, Kentucky","21011","1.1"
"Prowers, Colorado","8099","1.1"
"Buffalo, Nebraska","31019","1.1"
"Perry, Kentucky","21193","1.1"
"Metcalfe, Kentucky","21169","1.1"
"O'Brien, Iowa","19141","1.1"
"Claiborne, Tennessee","47025","1.1"
"Kossuth, Iowa","19109","1.1"
"Pennington, South Dakota","46103","1.1"
"Ottawa, Oklahoma","40115","1.1"
"Shelby, Indiana","18145","1.1"
"Jennings, Indiana","18079","1.1"
"Caledonia, Vermont","50005","1.1"

"undefined"