Demographics, US by County, Poverty, Families Below Poverty (Both Sexes - 2014 to 2018), 2014 - 2018
Area,County FIPS,Percent
"Todd, South Dakota","46121","52.1"
"Shannon, South Dakota","46113","45.1"
"Jefferson, Mississippi","28063","42.7"
"Wade Hampton, Alaska","2270","39.0"
"East Carroll, Louisiana","22035","38.6"
"Holmes, Mississippi","28051","38.3"
"Mellette, South Dakota","46095","38.0"
"Issaquena, Mississippi","28055","37.5"
"Claiborne, Mississippi","28021","36.3"
"Buffalo, South Dakota","46017","36.0"
"Leflore, Mississippi","28083","34.5"
"Clinch, Georgia","13065","34.3"
"Brooks, Texas","48047","33.9"
"Willacy, Texas","48489","33.6"
"Greene, Alabama","1063","33.4"
"Corson, South Dakota","46031","33.1"
"Jackson, South Dakota","46071","32.8"
"Clay, Kentucky","21051","32.6"
"Ziebach, South Dakota","46137","32.1"
"Harlan, Kentucky","21095","32.1"
"Bell, Kentucky","21013","32.1"
"Madison, Louisiana","22065","31.8"
"Perry, Alabama","1105","31.7"
"Starr, Texas","48427","31.4"
"Norton, Virginia","51720","31.3"
"Bullock, Alabama","1011","31.0"
"Adams, Mississippi","28001","31.0"
"McKinley, New Mexico","35031","30.9"
"Sioux, North Dakota","38085","30.5"
"Owsley, Kentucky","21189","30.1"
"Estill, Kentucky","21065","29.9"
"Turner, Georgia","13287","29.8"
"Zapata, Texas","48505","29.5"
"Stewart, Georgia","13259","29.5"
"McCreary, Kentucky","21147","29.5"
"Breathitt, Kentucky","21025","29.3"
"Wolfe, Kentucky","21237","29.2"
"Randolph, Georgia","13243","28.9"
"Clay, Georgia","13061","28.6"
"Dillon, South Carolina","45033","28.5"
"Hudspeth, Texas","48229","28.4"
"Zavala, Texas","48507","28.4"
"Apache, Arizona","4001","28.2"
"Terrell, Georgia","13273","28.2"
"Coahoma, Mississippi","28027","28.1"
"Madison, Idaho","16065","28.1"
"Washington, Mississippi","28151","28.1"
"Lee, Kentucky","21129","28.1"
"Bolivar, Mississippi","28011","27.9"
"Humphreys, Mississippi","28053","27.9"
"Pike, Mississippi","28113","27.8"
"Letcher, Kentucky","21133","27.8"
"Tensas, Louisiana","22107","27.7"
"Knox, Kentucky","21121","27.7"
"Calhoun, Georgia","13037","27.6"
"McDowell, West Virginia","54047","27.5"
"Hidalgo, Texas","48215","27.5"
"Luna, New Mexico","35029","27.5"
"Menominee, Wisconsin","55078","27.4"
"Candler, Georgia","13043","27.3"
"Knott, Kentucky","21119","27.3"
"Noxubee, Mississippi","28103","27.2"
"Cameron, Texas","48061","27.0"
"Wilkinson, Mississippi","28157","26.9"
"Ben Hill, Georgia","13017","26.7"
"Somervell, Texas","48425","26.7"
"Claiborne, Louisiana","22027","26.6"
"Leslie, Kentucky","21131","26.5"
"Glacier, Montana","30035","26.4"
"Yazoo, Mississippi","28163","26.3"
"Lafayette, Florida","12067","26.3"
"Webb, Texas","48479","26.2"
"Bronx, New York","36005","26.1"
"Costilla, Colorado","8023","26.0"
"Echols, Georgia","13101","25.8"
"Sunflower, Mississippi","28133","25.8"
"Fulton, Kentucky","21075","25.8"
"Crisp, Georgia","13081","25.6"
"Quitman, Mississippi","28119","25.6"
"Phillips, Arkansas","5107","25.5"
"Floyd, Kentucky","21071","25.4"
"Jackson, Kentucky","21109","25.4"
"Nevada, Arkansas","5099","25.3"
"Tallahatchie, Mississippi","28135","25.2"
"Webster, West Virginia","54101","25.2"
"Hamilton, Florida","12047","25.2"
"Atkinson, Georgia","13003","25.2"
"Chicot, Arkansas","5017","25.0"
"Dewey, South Dakota","46041","25.0"
"Kalawao, Hawaii","15005","25.0"
"Telfair, Georgia","13271","25.0"
"Elliott, Kentucky","21063","25.0"
"Bethel, Alaska","2050","24.9"
"Benson, North Dakota","38005","24.9"
"Dallas, Alabama","1047","24.8"
"Scotland, North Carolina","37165","24.5"
"St. Landry, Louisiana","22097","24.4"
"Dougherty, Georgia","13095","24.3"
"Martin, Kentucky","21159","24.3"
"Maverick, Texas","48323","24.2"
"Walthall, Mississippi","28147","24.2"
"Early, Georgia","13099","24.2"
"Morehouse, Louisiana","22067","24.1"
"Hyde, North Carolina","37095","24.1"
"Carroll, Kentucky","21041","24.0"
"Culberson, Texas","48109","24.0"
"Bienville, Louisiana","22013","23.9"
"Mingo, West Virginia","54059","23.9"
"Rolette, North Dakota","38079","23.8"
"Roosevelt, Montana","30085","23.6"
"Richland, Louisiana","22083","23.6"
"Magoffin, Kentucky","21153","23.6"
"Montgomery, Mississippi","28097","23.5"
"Lowndes, Alabama","1085","23.4"
"Marion, Mississippi","28091","23.3"
"Adair, Oklahoma","40001","23.2"
"Hidalgo, New Mexico","35023","23.2"
"Blaine, Montana","30005","23.1"
"Presidio, Texas","48377","23.1"
"Hendry, Florida","12051","23.1"
"Monroe, Alabama","1099","23.1"
"Perry, Kentucky","21193","23.0"
"Buchanan, Virginia","51027","23.0"
"Jim Hogg, Texas","48247","23.0"
"Marlboro, South Carolina","45069","22.9"
"Desha, Arkansas","5041","22.9"
"Alexander, Illinois","17003","22.9"
"Bent, Colorado","8011","22.9"
"Choctaw, Oklahoma","40023","22.8"
"Galax, Virginia","51640","22.8"
"Quitman, Georgia","13239","22.8"
"Kemper, Mississippi","28069","22.8"
"Brooks, Georgia","13027","22.7"
"Evans, Georgia","13109","22.7"
"Robeson, North Carolina","37155","22.7"
"Big Horn, Montana","30003","22.5"
"Navajo, Arizona","4017","22.4"
"Dona Ana, New Mexico","35013","22.4"
"Franklin, Louisiana","22041","22.4"
"Taylor, Georgia","13269","22.3"
"Cibola, New Mexico","35006","22.3"
"Amite, Mississippi","28005","22.3"
"Macon, Georgia","13193","22.3"
"Seminole, Georgia","13253","22.3"
"Dimmit, Texas","48127","22.1"
"Concordia, Louisiana","22029","22.1"
"Martinsville, Virginia","51690","22.0"
"Mississippi, Missouri","29133","22.0"
"Shannon, Missouri","29203","21.9"
"Lewis, Kentucky","21135","21.9"
"Scott, Mississippi","28123","21.8"
"Northwest Arctic, Alaska","2188","21.8"
"Wheeler, Georgia","13309","21.8"
"Bennett, South Dakota","46007","21.8"
"Columbia, Arkansas","5027","21.8"
"Madison, Florida","12079","21.8"
"Falls, Texas","48145","21.8"
"Pike, Kentucky","21195","21.8"
"Sumter, Georgia","13261","21.7"
"Warren, Georgia","13301","21.7"
"Thurston, Nebraska","31173","21.7"
"Lake, Tennessee","47095","21.6"
"Duval, Texas","48131","21.6"
"Perry, Tennessee","47135","21.6"
"Washington, Georgia","13303","21.5"
"Jefferson Davis, Mississippi","28065","21.5"
"Barbour, Alabama","1005","21.5"
"Lawrence, Kentucky","21127","21.5"
"Pulaski, Georgia","13235","21.5"
"Dooly, Georgia","13093","21.5"
"Benton, Mississippi","28009","21.5"
"Tulare, California","6107","21.4"
"Dickenson, Virginia","51051","21.3"
"Attala, Mississippi","28007","21.3"
"Sumter, Alabama","1119","21.3"
"Decatur, Georgia","13087","21.3"
"Roosevelt, New Mexico","35041","21.3"
"Morgan, Kentucky","21175","21.2"
"Evangeline, Louisiana","22039","21.2"
"Carter, Kentucky","21043","21.1"
"Bacon, Georgia","13005","21.1"
"Holmes, Florida","12059","21.0"
"Imperial, California","6025","21.0"
"Bee, Texas","48025","21.0"
"Wilcox, Alabama","1131","20.9"
"Covington, Mississippi","28031","20.9"
"Allendale, South Carolina","45005","20.9"
"Hall, Texas","48191","20.9"
"Webster, Mississippi","28155","20.9"
"Boone, West Virginia","54005","20.8"
"Hancock, Tennessee","47067","20.8"
"Schley, Georgia","13249","20.7"
"Ripley, Missouri","29181","20.7"
"Dunklin, Missouri","29069","20.7"
"Newton, Mississippi","28101","20.7"
"Barnwell, South Carolina","45011","20.7"
"Bladen, North Carolina","37017","20.7"
"Casey, Kentucky","21045","20.7"
"Lanier, Georgia","13173","20.6"
"Whitley, Kentucky","21235","20.6"
"McDuffie, Georgia","13189","20.5"
"Pemiscot, Missouri","29155","20.5"
"Shelby, Texas","48419","20.5"
"DeSoto, Florida","12027","20.5"
"Dodge, Georgia","13091","20.5"
"La Salle, Louisiana","22059","20.4"
"Burke, Georgia","13033","20.4"
"St. Francis, Arkansas","5123","20.4"
"Otero, Colorado","8089","20.3"
"Colquitt, Georgia","13071","20.3"
"Bibb, Georgia","13021","20.3"
"Mississippi, Arkansas","5093","20.3"
"Brantley, Georgia","13025","20.3"
"Nome, Alaska","2180","20.3"
"Jenkins, Georgia","13165","20.2"
"Webster, Louisiana","22119","20.2"
"Petersburg, Virginia","51730","20.2"
"Red River, Louisiana","22081","20.1"
"Hale, Alabama","1065","20.1"
"Jackson, Louisiana","22049","20.0"
"Yukon-Koyukuk, Alaska","2290","20.0"
"Jasper, Mississippi","28061","19.9"
"Emporia, Virginia","51595","19.9"
"Halifax, North Carolina","37083","19.9"
"Santa Cruz, Arizona","4023","19.9"
"Hardee, Florida","12049","19.9"
"Cocke, Tennessee","47029","19.9"
"De Soto, Louisiana","22031","19.9"
"Wilkinson, Georgia","13319","19.9"
"Laurens, Georgia","13175","19.9"
"Richmond, North Carolina","37153","19.8"
"Leake, Mississippi","28079","19.8"
"Taliaferro, Georgia","13265","19.8"
"Macon, Alabama","1087","19.8"
"Franklin, Georgia","13119","19.7"
"Washington, Louisiana","22117","19.7"
"Hertford, North Carolina","37091","19.7"
"Stephens, Texas","48429","19.7"
"Fresno, California","6019","19.7"
"Tunica, Mississippi","28143","19.7"
"Clay, Tennessee","47027","19.6"
"Philadelphia, Pennsylvania","42101","19.6"
"Wright, Missouri","29229","19.6"
"Robertson, Kentucky","21201","19.5"
"Clay, Mississippi","28025","19.5"
"Logan, West Virginia","54045","19.5"
"Union, Tennessee","47173","19.4"
"San Juan, Utah","49037","19.4"
"Ouachita, Arkansas","5103","19.4"
"Cottle, Texas","48101","19.4"
"Acadia, Louisiana","22001","19.3"
"Edgecombe, North Carolina","37065","19.3"
"Grundy, Tennessee","47061","19.3"
"Webster, Georgia","13307","19.3"
"Berrien, Georgia","13019","19.3"
"Lamb, Texas","48279","19.2"
"Twiggs, Georgia","13289","19.2"
"Russell, Kentucky","21207","19.2"
"New Madrid, Missouri","29143","19.2"
"Cochran, Texas","48079","19.2"
"Williamsburg, South Carolina","45089","19.2"
"Wayne, Kentucky","21231","19.1"
"Hempstead, Arkansas","5057","19.1"
"Laurel, Kentucky","21125","19.1"
"Jefferson, Georgia","13163","19.1"
"Natchitoches, Louisiana","22069","19.1"
"Orangeburg, South Carolina","45075","19.1"
"Lauderdale, Tennessee","47097","19.1"
"Rowan, Kentucky","21205","19.1"
"Butts, Georgia","13035","19.1"
"Lee, Arkansas","5077","19.0"
"Neshoba, Mississippi","28099","19.0"
"Crawford, Georgia","13079","19.0"
"Pierce, Georgia","13229","19.0"
"Lincoln, Kentucky","21137","19.0"
"Merced, California","6047","19.0"
"Copiah, Mississippi","28029","19.0"
"Summers, West Virginia","54089","19.0"
"Polk, Arkansas","5113","19.0"
"Butler, Alabama","1013","18.9"
"Adams, Washington","53001","18.9"
"Lee, Virginia","51105","18.9"
"Coal, Oklahoma","40029","18.9"
"San Augustine, Texas","48405","18.9"
"Rockcastle, Kentucky","21203","18.9"
"Winn, Louisiana","22127","18.9"
"Grayson, Kentucky","21085","18.9"
"Ouachita, Louisiana","22073","18.9"
"Emanuel, Georgia","13107","18.8"
"Hancock, Georgia","13141","18.8"
"Jones, North Carolina","37103","18.8"
"Sequoyah, Oklahoma","40135","18.8"
"Chickasaw, Mississippi","28017","18.7"
"Tift, Georgia","13277","18.7"
"Winston, Mississippi","28159","18.6"
"Lenoir, North Carolina","37107","18.6"
"McCurtain, Oklahoma","40089","18.6"
"Metcalfe, Kentucky","21169","18.6"
"Tyrrell, North Carolina","37177","18.6"
"Jeff Davis, Georgia","13161","18.6"
"Calhoun, Mississippi","28013","18.6"
"St. Louis, Missouri","29510","18.6"
"Coffee, Georgia","13069","18.6"
"Fentress, Tennessee","47049","18.6"
"Sierra, New Mexico","35051","18.5"
"Lafayette, Arkansas","5073","18.5"
"Wilkes, Georgia","13317","18.5"
"Lincoln, Louisiana","22061","18.5"
"Kleberg, Texas","48273","18.5"
"Scott, Tennessee","47151","18.5"
"Cook, Georgia","13075","18.5"
"Hopewell, Virginia","51670","18.4"
"Avoyelles, Louisiana","22009","18.4"
"Lowndes, Georgia","13185","18.4"
"Clarke, Alabama","1025","18.4"
"Grenada, Mississippi","28043","18.4"
"San Miguel, New Mexico","35047","18.4"
"Bamberg, South Carolina","45009","18.3"
"Putnam, Florida","12107","18.3"
"Taylor, Kentucky","21217","18.3"
"Clarendon, South Carolina","45027","18.3"
"Tate, Mississippi","28137","18.3"
"Washington, North Carolina","37187","18.3"
"Lincoln, West Virginia","54043","18.3"
"Richmond, Georgia","13245","18.3"
"Fulton, Arkansas","5049","18.3"
"Saline, Illinois","17165","18.2"
"Screven, Georgia","13251","18.2"
"Forrest, Mississippi","28035","18.2"
"Barbour, West Virginia","54001","18.2"
"Mitchell, Georgia","13205","18.2"
"Marion, South Carolina","45067","18.2"
"Lowndes, Mississippi","28087","18.2"
"Ozark, Missouri","29153","18.2"
"Pulaski, Kentucky","21199","18.2"
"Peach, Georgia","13225","18.1"
"El Paso, Texas","48141","18.1"
"Claiborne, Tennessee","47025","18.1"
"Miller, Arkansas","5091","18.1"
"Alleghany, North Carolina","37005","18.1"
"Cumberland, Kentucky","21057","18.1"
"Clarke, Georgia","13059","18.1"
"Monroe, Arkansas","5095","18.1"
"Niobrara, Wyoming","56027","18.1"
"Crowley, Colorado","8025","18.0"
"Vance, North Carolina","37181","18.0"
"Kern, California","6029","18.0"
"Menifee, Kentucky","21165","17.9"
"Escambia, Alabama","1053","17.9"
"Houston, Texas","48225","17.9"
"Jefferson, Arkansas","5069","17.9"
"Union, South Carolina","45087","17.9"
"Bulloch, Georgia","13031","17.9"
"Carter, Tennessee","47019","17.8"
"Geneva, Alabama","1061","17.8"
"Scioto, Ohio","39145","17.8"
"Woodruff, Arkansas","5147","17.8"
"Okfuskee, Oklahoma","40107","17.8"
"Torrance, New Mexico","35057","17.8"
"Wayne, Michigan","26163","17.8"
"Clay, West Virginia","54015","17.8"
"Choctaw, Alabama","1023","17.8"
"Marion, Georgia","13197","17.8"
"Catahoula, Louisiana","22025","17.8"
"Buena Vista, Virginia","51530","17.8"
"Orleans, Louisiana","22071","17.8"
"Greene, North Carolina","37079","17.7"
"Wayne, Mississippi","28153","17.7"
"Richmond, Virginia","51760","17.7"
"Iberia, Louisiana","22045","17.7"
"Washington, Florida","12133","17.7"
"Lincoln, Georgia","13181","17.7"
"Swisher, Texas","48437","17.7"
"Caddo, Louisiana","22017","17.7"
"Danville, Virginia","51590","17.7"
"Jackson, Arkansas","5067","17.7"
"Duplin, North Carolina","37061","17.6"
"Sampson, North Carolina","37163","17.6"
"Switzerland, Indiana","18155","17.6"
"Sabine, Texas","48403","17.6"
"Dawson, Texas","48115","17.6"
"Caldwell, Louisiana","22021","17.6"
"Ware, Georgia","13299","17.6"
"Appling, Georgia","13001","17.6"
"Obion, Tennessee","47131","17.6"
"Columbus, North Carolina","37047","17.6"
"Gadsden, Florida","12039","17.6"
"Union, Florida","12125","17.6"
"Crittenden, Arkansas","5035","17.6"
"Mineral, Nevada","32021","17.5"
"Warren, Tennessee","47177","17.5"
"Kiowa, Oklahoma","40075","17.5"
"Colfax, New Mexico","35007","17.5"
"Yuma, Arizona","4027","17.5"
"Pickens, Alabama","1107","17.5"
"Oregon, Missouri","29149","17.4"
"Jefferson, Oklahoma","40067","17.4"
"Conecuh, Alabama","1035","17.4"
"Upson, Georgia","13293","17.4"
"Frio, Texas","48163","17.4"
"Wayne, West Virginia","54099","17.4"
"Lee, South Carolina","45061","17.4"
"Chesterfield, South Carolina","45025","17.4"
"Northampton, North Carolina","37131","17.4"
"Worth, Georgia","13321","17.4"
"Warren, Mississippi","28149","17.4"
"Athens, Ohio","39009","17.4"
"Val Verde, Texas","48465","17.4"
"Morgan, Missouri","29141","17.3"
"Johnson, Kentucky","21115","17.3"
"Curry, New Mexico","35009","17.3"
"St. Bernard, Louisiana","22087","17.3"
"Jefferson Davis, Louisiana","22053","17.3"
"Bradley, Arkansas","5011","17.3"
"Upshur, West Virginia","54097","17.3"
"Wyoming, West Virginia","54109","17.3"
"Le Flore, Oklahoma","40079","17.3"
"Fairfield, South Carolina","45039","17.3"
"Darlington, South Carolina","45031","17.3"
"Simpson, Mississippi","28127","17.2"
"Plaquemines, Louisiana","22075","17.2"
"Miller, Georgia","13201","17.2"
"Lincoln, Mississippi","28085","17.2"
"Montgomery, Kentucky","21173","17.2"
"Greenwood, South Carolina","45047","17.1"
"Owyhee, Idaho","16073","17.1"
"Socorro, New Mexico","35053","17.1"
"Gallia, Ohio","39053","17.1"
"Thomas, Georgia","13275","17.1"
"Kings, New York","36047","17.1"
"Malheur, Oregon","41045","17.1"
"Toombs, Georgia","13279","17.1"
"Wayne, North Carolina","37191","17.0"
"Clinton, Kentucky","21053","17.0"
"Grady, Georgia","13131","17.0"
"Sharkey, Mississippi","28125","17.0"
"Tripp, South Dakota","46123","17.0"
"DeKalb, Alabama","1049","17.0"
"Haskell, Texas","48207","17.0"
"Okeechobee, Florida","12093","17.0"
"Unicoi, Tennessee","47171","17.0"
"Hinds, Mississippi","28049","17.0"
"Karnes, Texas","48255","17.0"
"Crosby, Texas","48107","17.0"
"Wayne, Tennessee","47181","17.0"
"Madera, California","6039","16.9"
"Lewis, West Virginia","54041","16.9"
"Hoke, North Carolina","37093","16.9"
"Clay, Arkansas","5021","16.9"
"Lauderdale, Mississippi","28075","16.9"
"Delta, Texas","48119","16.9"
"Rhea, Tennessee","47143","16.9"
"Washington, Missouri","29221","16.9"
"Monroe, Kentucky","21171","16.9"
"Tillman, Oklahoma","40141","16.9"
"Poinsett, Arkansas","5111","16.8"
"Spalding, Georgia","13255","16.8"
"Dixie, Florida","12029","16.8"
"Meigs, Ohio","39105","16.8"
"Iron, Missouri","29093","16.8"
"Tangipahoa, Louisiana","22105","16.8"
"Abbeville, South Carolina","45001","16.8"
"Logan, Arkansas","5083","16.8"
"Colleton, South Carolina","45029","16.7"
"Tattnall, Georgia","13267","16.7"
"San Juan, New Mexico","35045","16.7"
"Alamosa, Colorado","8003","16.7"
"Adams, Ohio","39001","16.6"
"Titus, Texas","48449","16.6"
"Baltimore, Maryland","24510","16.6"
"Ashley, Arkansas","5003","16.6"
"Kings, California","6031","16.6"
"Johnson, Georgia","13167","16.6"
"Troup, Georgia","13285","16.6"
"Texas, Missouri","29215","16.6"
"Matagorda, Texas","48321","16.6"
"Bertie, North Carolina","37015","16.6"
"Jones, Mississippi","28067","16.6"
"Clayton, Georgia","13063","16.6"
"Taylor, Florida","12123","16.6"
"Conejos, Colorado","8021","16.5"
"Clare, Michigan","26035","16.5"
"Drew, Arkansas","5043","16.5"
"Lamar, Georgia","13171","16.5"
"Jackson, Alabama","1071","16.5"
"Day, South Dakota","46037","16.5"
"Oktibbeha, Mississippi","28105","16.5"
"Terrebonne, Louisiana","22109","16.5"
"Barren, Kentucky","21009","16.5"
"Harrison, Mississippi","28047","16.5"
"St. John the Baptist, Louisiana","22095","16.5"
"Stevens, Kansas","20189","16.5"
"Montgomery, Georgia","13209","16.5"
"Okmulgee, Oklahoma","40111","16.4"
"Sevier, Arkansas","5133","16.4"
"Chester, South Carolina","45023","16.4"
"Levy, Florida","12075","16.4"
"Jackson, Florida","12063","16.4"
"Powell, Kentucky","21197","16.4"
"Lake, California","6033","16.4"
"Lynn, Texas","48305","16.4"
"Otero, New Mexico","35035","16.4"
"Howell, Missouri","29091","16.4"
"Morgan, Tennessee","47129","16.4"
"Quay, New Mexico","35037","16.4"
"Roger Mills, Oklahoma","40129","16.3"
"Gordon, Georgia","13129","16.3"
"Montgomery, Alabama","1101","16.3"
"Nicholas, Kentucky","21181","16.3"
"Panola, Mississippi","28107","16.3"
"Pondera, Montana","30073","16.3"
"Wilson, North Carolina","37195","16.3"
"La Paz, Arizona","4012","16.3"
"Washington, Alabama","1129","16.3"
"Braxton, West Virginia","54007","16.3"
"Potter, Texas","48375","16.3"
"Wise, Virginia","51195","16.3"
"Butler, Missouri","29023","16.3"
"Jim Wells, Texas","48249","16.3"
"Graham, Arizona","4009","16.3"
"Henry, Virginia","51089","16.2"
"Choctaw, Mississippi","28019","16.2"
"Marshall, Alabama","1095","16.2"
"Chaves, New Mexico","35005","16.2"
"Sumter, South Carolina","45085","16.2"
"Dillingham, Alaska","2070","16.1"
"McIntosh, Oklahoma","40091","16.1"
"Meriwether, Georgia","13199","16.1"
"Johnson, Tennessee","47091","16.1"
"Muscogee, Georgia","13215","16.1"
"Anson, North Carolina","37007","16.1"
"Wyandotte, Kansas","20209","16.1"
"Scott, Missouri","29201","16.1"
"West Carroll, Louisiana","22123","16.1"
"Union, Arkansas","5139","16.1"
"Grayson, Virginia","51077","16.0"
"Valencia, New Mexico","35061","16.0"
"Guernsey, Ohio","39059","16.0"
"Roanoke, Virginia","51770","16.0"
"Caddo, Oklahoma","40015","16.0"
"Chowan, North Carolina","37041","16.0"
"Hancock, Mississippi","28045","16.0"
"Tallapoosa, Alabama","1123","16.0"
"Ottawa, Oklahoma","40115","16.0"
"Webster, Kentucky","21233","16.0"
"Cleveland, North Carolina","37045","16.0"
"Carlisle, Kentucky","21039","16.0"
"Atoka, Oklahoma","40005","16.0"
"Johnson, Arkansas","5071","16.0"
"Somerset, Maryland","24039","15.9"
"East Feliciana, Louisiana","22037","15.9"
"Trimble, Kentucky","21223","15.9"
"Muskogee, Oklahoma","40101","15.9"
"Del Norte, California","6015","15.9"
"Bleckley, Georgia","13023","15.8"
"Morgan, Ohio","39115","15.8"
"Hart, Kentucky","21099","15.8"
"Talladega, Alabama","1121","15.8"
"Lyman, South Dakota","46085","15.8"
"Custer, Idaho","16037","15.8"
"Barton, Missouri","29011","15.8"
"Crockett, Texas","48105","15.7"
"Russell, Virginia","51167","15.7"
"Brunswick, Virginia","51025","15.7"
"Deaf Smith, Texas","48117","15.7"
"Shelby, Tennessee","47157","15.7"
"Montgomery, Arkansas","5097","15.7"
"Nacogdoches, Texas","48347","15.7"
"Sharp, Arkansas","5135","15.6"
"Christian, Kentucky","21047","15.6"
"McDonald, Missouri","29119","15.6"
"Butler, Kentucky","21031","15.6"
"Alleghany/Clifton Forge, Virginia","51005","15.6"
"Bristol, Virginia","51520","15.6"
"Latimer, Oklahoma","40077","15.6"
"Wetzel, West Virginia","54103","15.6"
"Bradford, Florida","12007","15.6"
"Macon, Tennessee","47111","15.6"
"Seminole, Oklahoma","40133","15.5"
"Highland, Ohio","39071","15.5"
"Wilcox, Georgia","13315","15.5"
"Adair, Kentucky","21001","15.5"
"Laurens, South Carolina","45059","15.5"
"Grant, New Mexico","35017","15.5"
"Allen, Kentucky","21003","15.4"
"Baca, Colorado","8009","15.4"
"Jackson, Ohio","39079","15.4"
"Franklin, Florida","12037","15.4"
"Allen, Louisiana","22003","15.4"
"Russell, Alabama","1113","15.4"
"Wilkes, North Carolina","37193","15.4"
"Bledsoe, Tennessee","47007","15.4"
"Hawkins, Tennessee","47073","15.4"
"Wayne, Missouri","29223","15.4"
"Rapides, Louisiana","22079","15.4"
"Eastland, Texas","48133","15.4"
"Lake, Oregon","41037","15.3"
"Todd, Kentucky","21219","15.3"
"Chilton, Alabama","1021","15.3"
"Irwin, Georgia","13155","15.3"
"St. Helena, Louisiana","22091","15.3"
"Fayette, West Virginia","54019","15.3"
"Mora, New Mexico","35033","15.3"
"Elbert, Georgia","13105","15.3"
"Gila, Arizona","4007","15.3"
"Montgomery, New York","36057","15.3"
"Clarke, Mississippi","28023","15.2"
"Milwaukee, Wisconsin","55079","15.2"
"Ohio, Kentucky","21183","15.2"
"Sherman, Kansas","20181","15.2"
"Jackson, Illinois","17077","15.2"
"Lamar, Alabama","1075","15.2"
"Fayette, Indiana","18041","15.2"
"Assumption, Louisiana","22007","15.2"
"Baker, Georgia","13007","15.2"
"Franklin, Illinois","17055","15.2"
"Lawrence, Mississippi","28077","15.2"
"McMinn, Tennessee","47107","15.2"
"Yuba, California","6115","15.2"
"Roane, West Virginia","54087","15.2"
"Baldwin, Georgia","13009","15.1"
"Howard, Arkansas","5061","15.1"
"Refugio, Texas","48391","15.1"
"Genesee, Michigan","26049","15.1"
"Mason, West Virginia","54053","15.1"
"McNairy, Tennessee","47109","15.1"
"Floyd, Texas","48153","15.1"
"Hill, Montana","30041","15.1"
"Angelina, Texas","48005","15.1"
"Harrison, Missouri","29081","15.1"
"Norfolk, Virginia","51710","15.0"
"Hampton, South Carolina","45049","15.0"
"Hardeman, Tennessee","47069","15.0"
"Pitt, North Carolina","37147","15.0"
"Grant, Indiana","18053","15.0"
"Mobile, Alabama","1097","15.0"
"Vermilion, Illinois","17183","15.0"
"Fayette, Alabama","1057","15.0"
"Hansford, Texas","48195","15.0"
"McIntosh, Georgia","13191","15.0"
"Jasper, South Carolina","45053","15.0"
"Greene, Georgia","13133","14.9"
"Tehama, California","6103","14.9"
"Decatur, Kansas","20039","14.9"
"Pike, Alabama","1109","14.9"
"Cherokee, South Carolina","45021","14.9"
"Navarro, Texas","48349","14.9"
"Wheeler, Texas","48483","14.9"
"Lawrence, Ohio","39087","14.9"
"Sebastian, Arkansas","5131","14.9"
"Red River, Texas","48387","14.9"
"Boyd, Kentucky","21019","14.9"
"Mercer, West Virginia","54055","14.9"
"Cleveland, Arkansas","5025","14.8"
"Henry, Tennessee","47079","14.8"
"Clay, Alabama","1027","14.8"
"Putnam, Missouri","29171","14.8"
"Charlotte, Virginia","51037","14.8"
"Franklin, Alabama","1059","14.8"
"Madison, Tennessee","47113","14.8"
"Floyd, Georgia","13115","14.8"
"Florence, South Carolina","45041","14.8"
"Douglas, Missouri","29067","14.8"
"Hardin, Tennessee","47071","14.8"
"Prentiss, Mississippi","28117","14.8"
"Yancey, North Carolina","37199","14.8"
"Patrick, Virginia","51141","14.7"
"Crawford, Missouri","29055","14.7"
"Jackson, Tennessee","47087","14.7"
"Campbell, Tennessee","47013","14.7"
"Scott, Arkansas","5127","14.7"
"Cumberland, North Carolina","37051","14.7"
"Glascock, Georgia","13125","14.7"
"Montgomery, Iowa","19137","14.7"
"Monroe, Tennessee","47123","14.7"
"Lake, Montana","30047","14.7"
"Miami-Dade, Florida","12086","14.7"
"Pickett, Tennessee","47137","14.7"
"Greer, Oklahoma","40055","14.7"
"Liberty, Georgia","13179","14.7"
"Dyer, Tennessee","47045","14.6"
"St. Mary, Louisiana","22101","14.6"
"Limestone, Texas","48293","14.6"
"Jefferson, Texas","48245","14.6"
"Hamblen, Tennessee","47063","14.6"
"St. Martin, Louisiana","22099","14.6"
"Arkansas, Arkansas","5001","14.6"
"Bath, Kentucky","21011","14.6"
"Calhoun, Alabama","1015","14.6"
"Glynn, Georgia","13127","14.6"
"Perry, Ohio","39127","14.6"
"Wirt, West Virginia","54105","14.6"
"Marion, Kentucky","21155","14.6"
"Bracken, Kentucky","21023","14.6"
"Franklin, Arkansas","5047","14.6"
"Nottoway, Virginia","51135","14.6"
"Dade, Missouri","29057","14.5"
"Lucas, Ohio","39095","14.5"
"Pueblo, Colorado","8101","14.5"
"Seward, Kansas","20175","14.5"
"Cherokee, Texas","48073","14.5"
"Upton, Texas","48461","14.5"
"Newton, Georgia","13217","14.5"
"Barry, Missouri","29009","14.5"
"Montgomery, North Carolina","37123","14.5"
"Haskell, Oklahoma","40061","14.5"
"Rabun, Georgia","13241","14.5"
"Searcy, Arkansas","5129","14.5"
"Glenn, California","6021","14.5"
"Suffolk, Massachusetts","25025","14.5"
"Cabell, West Virginia","54011","14.4"
"Henry, Kentucky","21103","14.4"
"Hale, Texas","48189","14.4"
"Henry, Missouri","29083","14.4"
"Polk, Georgia","13233","14.4"
"Gem, Idaho","16045","14.4"
"Jasper, Georgia","13159","14.4"
"Graham, North Carolina","37075","14.4"
"Gallatin, Illinois","17059","14.4"
"Walker, Alabama","1127","14.3"
"Okanogan, Washington","53047","14.3"
"Sequatchie, Tennessee","47153","14.3"
"Wayne, Georgia","13305","14.3"
"Grant, Louisiana","22043","14.3"
"Dent, Missouri","29065","14.3"
"Marion, Tennessee","47115","14.3"
"Lake, Michigan","26085","14.3"
"Howard, Texas","48227","14.3"
"Decatur, Tennessee","47039","14.3"
"Prowers, Colorado","8099","14.3"
"Chattahoochee, Georgia","13053","14.3"
"Chattooga, Georgia","13055","14.3"
"Randolph, Alabama","1111","14.3"
"Chautauqua, Kansas","20019","14.3"
"Lawrence, Tennessee","47099","14.2"
"Cumberland, Virginia","51049","14.2"
"Ashtabula, Ohio","39007","14.2"
"Chouteau, Montana","30015","14.2"
"Rockingham, North Carolina","37157","14.2"
"Clark, Idaho","16033","14.2"
"Van Buren, Arkansas","5141","14.2"
"Marion, Arkansas","5089","14.2"
"Mecklenburg, Virginia","51117","14.2"
"Walker, Texas","48471","14.2"
"Vinton, Ohio","39163","14.2"
"Polk, Texas","48373","14.2"
"Marshall, Mississippi","28093","14.2"
"Yakima, Washington","53077","14.2"
"Phelps, Missouri","29161","14.1"
"Grainger, Tennessee","47057","14.1"
"Uvalde, Texas","48463","14.1"
"Pierce, North Dakota","38069","14.1"
"Massac, Illinois","17127","14.1"
"Johnston, Oklahoma","40069","14.1"
"Pike, Ohio","39131","14.1"
"DeKalb, Tennessee","47041","14.1"
"Grant, Kentucky","21081","14.1"
"Osceola, Michigan","26133","14.1"
"Minidoka, Idaho","16067","14.1"
"Camp, Texas","48063","14.1"
"Marion, Indiana","18097","14.1"
"Long, Georgia","13183","14.1"
"Jefferson, Illinois","17081","14.1"
"Sussex, Virginia","51183","14.1"
"Houston, Alabama","1069","14.0"
"Klamath, Oregon","41035","14.0"
"Franklin, Mississippi","28037","14.0"
"Rio Grande, Colorado","8105","14.0"
"Taos, New Mexico","35055","14.0"
"Madison, Arkansas","5087","14.0"
"Jackson, Oklahoma","40065","14.0"
"Delaware, Oklahoma","40041","14.0"
"Henderson, Tennessee","47077","14.0"
"Randolph, West Virginia","54083","14.0"
"Marion, Illinois","17121","14.0"
"Winkler, Texas","48495","13.9"
"Alcorn, Mississippi","28003","13.9"
"Sabine, Louisiana","22085","13.9"
"Benton, Tennessee","47005","13.9"
"Lewis, Tennessee","47101","13.9"
"Fayette, Illinois","17051","13.9"
"Dakota, Nebraska","31043","13.9"
"Lawrence, Illinois","17101","13.9"
"Crockett, Tennessee","47033","13.9"
"Monroe, West Virginia","54063","13.9"
"Jessamine, Kentucky","21113","13.9"
"Treutlen, Georgia","13283","13.9"
"Gregg, Texas","48183","13.9"
"Craig, Oklahoma","40035","13.8"
"Covington, Alabama","1039","13.8"
"Burke, North Carolina","37023","13.8"
"Woodson, Kansas","20207","13.8"
"Mahnomen, Minnesota","27087","13.8"
"Umatilla, Oregon","41059","13.8"
"Bowie, Texas","48037","13.8"
"Breckinridge, Kentucky","21027","13.8"
"Wharton, Texas","48481","13.8"
"Smyth, Virginia","51173","13.8"
"Gratiot, Michigan","26057","13.8"
"Haralson, Georgia","13143","13.8"
"Hughes, Oklahoma","40063","13.8"
"Kearny, Kansas","20093","13.7"
"Roberts, South Dakota","46109","13.7"
"Lynchburg, Virginia","51680","13.7"
"Wichita, Texas","48485","13.7"
"Vernon, Louisiana","22115","13.7"
"Lake and Peninsula, Alaska","2164","13.7"
"San Bernardino, California","6071","13.7"
"Pushmataha, Oklahoma","40127","13.7"
"Cass, Texas","48067","13.7"
"Pontotoc, Mississippi","28115","13.7"
"Jerome, Idaho","16053","13.7"
"Fleming, Kentucky","21069","13.7"
"Cuyahoga, Ohio","39035","13.7"
"Mahoning, Ohio","39099","13.7"
"Northumberland, Virginia","51133","13.7"
"Washington, Idaho","16087","13.6"
"Lea, New Mexico","35025","13.6"
"Iberville, Louisiana","22047","13.6"
"Gilchrist, Florida","12041","13.6"
"Coleman, Texas","48083","13.6"
"Passaic, New Jersey","34031","13.6"
"Hart, Georgia","13147","13.6"
"Scott, Virginia","51169","13.6"
"Beaufort, North Carolina","37013","13.6"
"Mayes, Oklahoma","40097","13.6"
"Raleigh, West Virginia","54081","13.6"
"Carroll, Tennessee","47017","13.6"
"Yell, Arkansas","5149","13.6"
"Nicholas, West Virginia","54067","13.6"
"Lamar, Texas","48277","13.6"
"Charlton, Georgia","13049","13.6"
"Perry, Mississippi","28111","13.6"
"Wheatland, Montana","30107","13.6"
"Camas, Idaho","16025","13.6"
"Carroll, Georgia","13045","13.5"
"McCormick, South Carolina","45065","13.5"
"Weakley, Tennessee","47183","13.5"
"Gibson, Tennessee","47053","13.5"
"Orange, Indiana","18117","13.5"
"Crawford, Kansas","20037","13.5"
"San Patricio, Texas","48409","13.5"
"Mendocino, California","6045","13.5"
"Oglethorpe, Georgia","13221","13.5"
"Hopkins, Texas","48223","13.5"
"Essex, New Jersey","34013","13.5"
"Cherokee, Oklahoma","40021","13.5"
"Calloway, Kentucky","21035","13.5"
"Dale, Alabama","1045","13.5"
"Collingsworth, Texas","48087","13.5"
"Anderson, Tennessee","47001","13.5"
"Huerfano, Colorado","8055","13.5"
"Calhoun, West Virginia","54013","13.4"
"Hampden, Massachusetts","25013","13.4"
"Montgomery, Ohio","39113","13.4"
"Hot Spring, Arkansas","5059","13.4"
"Grimes, Texas","48185","13.4"
"Etowah, Alabama","1055","13.4"
"Iron, Utah","49021","13.4"
"Hampshire, West Virginia","54027","13.4"
"Ferry, Washington","53019","13.4"
"Coles, Illinois","17029","13.4"
"Harris, Texas","48201","13.4"
"Osceola, Florida","12097","13.4"
"Labette, Kansas","20099","13.4"
"Talbot, Georgia","13263","13.4"
"Hopkins, Kentucky","21107","13.4"
"Lawrence, Alabama","1079","13.4"
"Madison, Kentucky","21151","13.3"
"Sutter, California","6101","13.3"
"Chautauqua, New York","36013","13.3"
"Dallas, Missouri","29059","13.3"
"Dallas, Texas","48113","13.3"
"Graves, Kentucky","21083","13.3"
"Trumbull, Ohio","39155","13.3"
"Caswell, North Carolina","37033","13.3"
"Suwannee, Florida","12121","13.3"
"Tippah, Mississippi","28139","13.3"
"Muhlenberg, Kentucky","21177","13.3"
"Roscommon, Michigan","26143","13.3"
"Haywood, Tennessee","47075","13.3"
"Pope, Arkansas","5115","13.3"
"Greene, Tennessee","47059","13.3"
"Rutherford, North Carolina","37161","13.3"
"Newberry, South Carolina","45071","13.3"
"Nodaway, Missouri","29147","13.3"
"Reynolds, Missouri","29179","13.3"
"Siskiyou, California","6093","13.3"
"Chippewa, Michigan","26033","13.3"
"Highlands, Florida","12055","13.3"
"Clark, Arkansas","5019","13.3"
"Covington, Virginia","51580","13.2"
"Jefferson, Alabama","1073","13.2"
"Whitfield, Georgia","13313","13.2"
"Caldwell, North Carolina","37027","13.2"
"Greenbrier, West Virginia","54025","13.2"
"Piute, Utah","49031","13.2"
"Kay, Oklahoma","40071","13.2"
"Kanawha, West Virginia","54039","13.2"
"Cochise, Arizona","4003","13.2"
"Montgomery, Kansas","20125","13.2"
"Marion, Missouri","29127","13.2"
"Newaygo, Michigan","26123","13.2"
"Chester, Tennessee","47023","13.2"
"Brazos, Texas","48041","13.2"
"Madison, Indiana","18095","13.2"
"Polk, Tennessee","47139","13.1"
"Dickens, Texas","48125","13.1"
"Garrard, Kentucky","21079","13.1"
"Calcasieu, Louisiana","22019","13.1"
"Trinity, Texas","48455","13.1"
"Marengo, Alabama","1091","13.1"
"Beltrami, Minnesota","27007","13.1"
"Washington, Kentucky","21229","13.1"
"Craighead, Arkansas","5031","13.1"
"Gladwin, Michigan","26051","13.1"
"Marion, Alabama","1093","13.1"
"Smith, Mississippi","28129","13.1"
"Decatur, Iowa","19053","13.1"
"Howard, Indiana","18067","13.1"
"Walker, Georgia","13295","13.1"
"Fayette, Pennsylvania","42051","13.1"
"McDowell, North Carolina","37111","13.1"
"Stewart, Tennessee","47161","13.1"
"Franklin, New York","36033","13.1"
"Delaware, Indiana","18035","13.0"
"Martin, North Carolina","37117","13.0"
"Radford, Virginia","51750","13.0"
"Payne, Oklahoma","40119","13.0"
"Nowata, Oklahoma","40105","13.0"
"Miller, Missouri","29131","13.0"
"Caldwell, Texas","48055","13.0"
"Kalkaska, Michigan","26079","13.0"
"Hudson, New Jersey","34017","13.0"
"Calhoun, Michigan","26025","13.0"
"McLennan, Texas","48309","13.0"
"Green, Kentucky","21087","13.0"
"Conway, Arkansas","5029","13.0"
"Ste. Genevieve, Missouri","29186","13.0"
"Josephine, Oregon","41033","13.0"
"Neosho, Kansas","20133","13.0"
"Vigo, Indiana","18167","13.0"
"Dawes, Nebraska","31045","12.9"
"Hickman, Tennessee","47081","12.9"
"Knox, Missouri","29103","12.9"
"Beadle, South Dakota","46005","12.9"
"Person, North Carolina","37145","12.9"
"White, Tennessee","47185","12.9"
"Portsmouth, Virginia","51740","12.9"
"Oswego, New York","36075","12.9"
"Palo Pinto, Texas","48363","12.9"
"Ogemaw, Michigan","26129","12.9"
"Cotton, Oklahoma","40033","12.9"
"Cumberland, New Jersey","34011","12.9"
"Schoolcraft, Michigan","26153","12.9"
"Aiken, South Carolina","45003","12.9"
"District of Columbia, District of Columbia","11001","12.9"
"Lake, Indiana","18089","12.9"
"Marion, Texas","48315","12.9"
"Sawyer, Wisconsin","55113","12.9"
"Leon, Texas","48289","12.9"
"Pearl River, Mississippi","28109","12.9"
"Bernalillo, New Mexico","35001","12.9"
"Harnett, North Carolina","37085","12.8"
"White, Arkansas","5145","12.8"
"Lee, Alabama","1081","12.8"
"Georgetown, South Carolina","45043","12.8"
"Tishomingo, Mississippi","28141","12.8"
"Perry, Indiana","18123","12.8"
"Mecosta, Michigan","26107","12.8"
"Fayette, Ohio","39047","12.8"
"Ross, Ohio","39141","12.8"
"Washington, Maine","23029","12.8"
"Jasper, Missouri","29097","12.8"
"Linn, Kansas","20107","12.8"
"Sanders, Montana","30089","12.8"
"Stone, Arkansas","5137","12.8"
"Adams, Indiana","18001","12.8"
"Pike, Arkansas","5109","12.8"
"Cross, Arkansas","5037","12.8"
"Forsyth, North Carolina","37067","12.7"
"Union, Louisiana","22111","12.7"
"Saguache, Colorado","8109","12.7"
"Stone, Mississippi","28131","12.7"
"Henderson, Kentucky","21101","12.7"
"Charlottesville, Virginia","51540","12.7"
"San Joaquin, California","6077","12.7"
"Stanislaus, California","6099","12.7"
"New York, New York","36061","12.7"
"Oconee, South Carolina","45073","12.7"
"Wood, West Virginia","54107","12.7"
"Knox, Indiana","18083","12.7"
"Bossier, Louisiana","22015","12.7"
"Alamance, North Carolina","37001","12.7"
"Treasure, Montana","30103","12.7"
"Madison, Georgia","13195","12.7"
"Weston, Wyoming","56045","12.6"
"Lawrence, Missouri","29109","12.6"
"Hickory, Missouri","29085","12.6"
"Waynesboro, Virginia","51820","12.6"
"Colbert, Alabama","1033","12.6"
"Perry, Arkansas","5105","12.6"
"Garland, Arkansas","5051","12.6"
"Gallatin, Kentucky","21077","12.6"
"Putnam, Tennessee","47141","12.6"
"Buchanan, Missouri","29021","12.6"
"Jefferson, Ohio","39081","12.6"
"Freestone, Texas","48161","12.6"
"Wapello, Iowa","19179","12.6"
"Saginaw, Michigan","26145","12.6"
"St. Lawrence, New York","36089","12.6"
"Somerset, Maine","23025","12.6"
"Bexar, Texas","48029","12.6"
"Coos, Oregon","41011","12.6"
"Trinity, California","6105","12.6"
"Muskegon, Michigan","26121","12.5"
"Polk, Florida","12105","12.5"
"Forest, Wisconsin","55041","12.5"
"Monroe, Ohio","39111","12.5"
"Arenac, Michigan","26011","12.5"
"Muskingum, Ohio","39119","12.5"
"Morgan, Alabama","1103","12.5"
"Houston, Georgia","13153","12.5"
"Rush, Indiana","18139","12.5"
"Warren, North Carolina","37185","12.5"
"Livingston, Missouri","29117","12.5"
"Oklahoma, Oklahoma","40109","12.5"
"Gray, Texas","48179","12.5"
"Hardin, Ohio","39065","12.5"
"Pittsburg, Oklahoma","40121","12.5"
"Cherokee, Alabama","1019","12.5"
"Nueces, Texas","48355","12.5"
"Vanderburgh, Indiana","18163","12.5"
"Bear Lake, Idaho","16007","12.5"
"Butte, Idaho","16023","12.5"
"Cannon, Tennessee","47015","12.5"
"Monroe, Mississippi","28095","12.5"
"Sullivan, Tennessee","47163","12.5"
"Aleutians East, Alaska","2013","12.5"
"Hunt, Texas","48231","12.5"
"Henderson, Texas","48213","12.4"
"Kershaw, South Carolina","45055","12.4"
"Clay, Illinois","17025","12.4"
"Hockley, Texas","48219","12.4"
"Pima, Arizona","4019","12.4"
"Clearwater, Minnesota","27029","12.4"
"Deer Lodge, Montana","30023","12.4"
"Berrien, Michigan","26021","12.4"
"McCracken, Kentucky","21145","12.4"
"Winston, Alabama","1133","12.4"
"Pittsylvania, Virginia","51143","12.4"
"Rockdale, Georgia","13247","12.4"
"Newton, Texas","48351","12.4"
"Powell, Montana","30077","12.4"
"Jackson, Indiana","18071","12.4"
"Carter, Oklahoma","40019","12.4"
"Taney, Missouri","29213","12.4"
"Davidson, Tennessee","47037","12.4"
"Pettis, Missouri","29159","12.4"
"Lincoln, Arkansas","5079","12.3"
"Pulaski, Arkansas","5119","12.3"
"Mineral, West Virginia","54057","12.3"
"East Baton Rouge, Louisiana","22033","12.3"
"Beauregard, Louisiana","22011","12.3"
"Carter, Missouri","29035","12.3"
"DeKalb, Georgia","13089","12.3"
"Kimble, Texas","48267","12.3"
"Tyler, Texas","48457","12.3"
"Comanche, Texas","48093","12.3"
"Pendleton, Kentucky","21191","12.3"
"Orange, Florida","12095","12.3"
"Rice, Kansas","20159","12.3"
"Fisher, Texas","48151","12.3"
"Heard, Georgia","13149","12.3"
"Mills, Texas","48333","12.3"
"Rowan, North Carolina","37159","12.3"
"Warren, Kentucky","21227","12.3"
"Ballard, Kentucky","21007","12.3"
"West Feliciana, Louisiana","22125","12.3"
"Bollinger, Missouri","29017","12.3"
"Oscoda, Michigan","26135","12.3"
"Lander, Nevada","32015","12.3"
"Union, Mississippi","28145","12.3"
"Mason, Illinois","17125","12.3"
"McLean, Kentucky","21149","12.3"
"Montgomery, Missouri","29139","12.3"
"Union, New Mexico","35059","12.2"
"Montrose, Colorado","8085","12.2"
"Wayne, Indiana","18177","12.2"
"Izard, Arkansas","5065","12.2"
"Edgefield, South Carolina","45037","12.2"
"Lawrence, Arkansas","5075","12.2"
"Franklin, Washington","53021","12.2"
"Montcalm, Michigan","26117","12.2"
"LaPorte, Indiana","18091","12.2"
"Ford, Illinois","17053","12.2"
"Toole, Montana","30101","12.2"
"Creek, Oklahoma","40037","12.2"
"Los Angeles, California","6037","12.2"
"McPherson, Nebraska","31117","12.2"
"Randolph, Arkansas","5121","12.2"
"Gentry, Missouri","29075","12.2"
"Haakon, South Dakota","46055","12.2"
"Providence, Rhode Island","44007","12.2"
"Marion, West Virginia","54049","12.2"
"Daviess, Kentucky","21059","12.1"
"Lee, Mississippi","28081","12.1"
"Brown, Ohio","39015","12.1"
"Benton, Missouri","29015","12.1"
"Cedar, Missouri","29039","12.1"
"Oneida, New York","36065","12.1"
"Humphreys, Tennessee","47085","12.1"
"Doniphan, Kansas","20043","12.1"
"Jackson, North Carolina","37099","12.1"
"Murray, Georgia","13213","12.1"
"Harrisonburg, Virginia","51660","12.1"
"Eddy, New Mexico","35015","12.1"
"Swain, North Carolina","37173","12.1"
"Nye, Nevada","32023","12.1"
"Texas, Oklahoma","40139","12.1"
"Buckingham, Virginia","51029","12.1"
"Allen, Kansas","20001","12.1"
"St. Clair, Illinois","17163","12.1"
"Gogebic, Michigan","26053","12.1"
"Carbon, Utah","49007","12.1"
"Bradley, Tennessee","47011","12.1"
"DeWitt, Texas","48123","12.1"
"Wheeler, Oregon","41069","12.1"
"Silver Bow, Montana","30093","12.1"
"Atascosa, Texas","48013","12.0"
"Childress, Texas","48075","12.0"
"Mason, Kentucky","21161","12.0"
"Bedford, Tennessee","47003","12.0"
"Independence, Arkansas","5063","12.0"
"Golden Valley, Montana","30037","12.0"
"Tipton, Tennessee","47167","12.0"
"Union, Illinois","17181","12.0"
"Cimarron, Oklahoma","40025","12.0"
"Autauga, Alabama","1001","12.0"
"Prairie, Arkansas","5117","12.0"
"Pleasants, West Virginia","54073","12.0"
"Cleburne, Alabama","1029","12.0"
"Simpson, Kentucky","21213","12.0"
"Terry, Texas","48445","12.0"
"Musselshell, Montana","30065","12.0"
"Newport News, Virginia","51700","12.0"
"Webster, Missouri","29225","12.0"
"Pulaski, Illinois","17153","12.0"
"West Baton Rouge, Louisiana","22121","12.0"
"Jefferson, Louisiana","22051","12.0"
"Marion, Florida","12083","12.0"
"Bay, Michigan","26017","12.0"
"Durham, North Carolina","37063","11.9"
"Pottawatomie, Oklahoma","40125","11.9"
"Lafayette, Mississippi","28071","11.9"
"Wilbarger, Texas","48487","11.9"
"Crawford, Indiana","18025","11.9"
"Hawaii, Hawaii","15001","11.9"
"Delaware, New York","36025","11.9"
"Saluda, South Carolina","45081","11.9"
"Guilford, North Carolina","37081","11.9"
"Barber, Kansas","20007","11.9"
"Jasper, Texas","48241","11.9"
"Harney, Oregon","41025","11.9"
"Charles Mix, South Dakota","46023","11.9"
"Aransas, Texas","48007","11.9"
"Perry, Illinois","17145","11.9"
"Morris, Texas","48343","11.9"
"Dorchester, Maryland","24019","11.9"
"Clay, South Dakota","46027","11.9"
"Parmer, Texas","48369","11.9"
"Guadalupe, New Mexico","35019","11.9"
"Taylor, West Virginia","54091","11.9"
"Allegany, New York","36003","11.9"
"Yadkin, North Carolina","37197","11.9"
"Meigs, Tennessee","47121","11.9"
"Rosebud, Montana","30087","11.9"
"Page, Virginia","51139","11.9"
"Jackson, Mississippi","28059","11.8"
"Gaston, North Carolina","37071","11.8"
"Smith, Texas","48423","11.8"
"Wibaux, Montana","30109","11.8"
"Sacramento, California","6067","11.8"
"Crawford, Arkansas","5033","11.8"
"Lee, North Carolina","37105","11.8"
"Jack, Texas","48237","11.8"
"Lubbock, Texas","48303","11.8"
"Marshall, Oklahoma","40095","11.8"
"Hamilton, Texas","48193","11.8"
"Fremont, Idaho","16043","11.8"
"Prince Edward, Virginia","51147","11.8"
"Calhoun, Arkansas","5013","11.8"
"Isabella, Michigan","26073","11.8"
"Accomack, Virginia","51001","11.8"
"Pershing, Nevada","32027","11.8"
"Hutchinson, Texas","48233","11.8"
"Delta, Colorado","8029","11.8"
"Caldwell, Kentucky","21033","11.8"
"Greene, Arkansas","5055","11.8"
"Greenup, Kentucky","21089","11.8"
"Fayette, Kentucky","21067","11.8"
"Gonzales, Texas","48177","11.8"
"Milam, Texas","48331","11.8"
"Greensville, Virginia","51081","11.8"
"Lafourche, Louisiana","22057","11.8"
"Clay, North Carolina","37043","11.8"
"Ingham, Michigan","26065","11.8"
"Laclede, Missouri","29105","11.8"
"Madison, Texas","48313","11.8"
"Macon, Illinois","17115","11.8"
"Bourbon, Kentucky","21017","11.8"
"Mesa, Colorado","8077","11.7"
"Macon, North Carolina","37113","11.7"
"Logan, Kentucky","21141","11.7"
"Northampton, Virginia","51131","11.7"
"Cullman, Alabama","1043","11.7"
"Montgomery, Illinois","17135","11.7"
"Harrison, Texas","48203","11.7"
"Duval, Florida","12031","11.7"
"Piscataquis, Maine","23021","11.7"
"McKean, Pennsylvania","42083","11.7"
"Davidson, North Carolina","37057","11.7"
"Lincoln, Tennessee","47103","11.7"
"Monroe, Indiana","18105","11.7"
"Aroostook, Maine","23003","11.7"
"Franklin, Ohio","39049","11.7"
"Bosque, Texas","48035","11.7"
"Preston, West Virginia","54077","11.7"
"Henry, Indiana","18065","11.7"
"Jefferson, Florida","12065","11.7"
"Alexander, North Carolina","37003","11.7"
"Dewey, Oklahoma","40043","11.7"
"Horry, South Carolina","45051","11.7"
"Linn, Missouri","29115","11.7"
"Appomattox, Virginia","51011","11.6"
"Anderson, South Carolina","45007","11.6"
"Coffee, Alabama","1031","11.6"
"Chatham, Georgia","13051","11.6"
"Runnels, Texas","48399","11.6"
"Waller, Texas","48473","11.6"
"Peoria, Illinois","17143","11.6"
"Mohave, Arizona","4015","11.6"
"Fulton, Illinois","17057","11.6"
"Lee, Texas","48287","11.6"
"Las Animas, Colorado","8071","11.6"
"Cowlitz, Washington","53015","11.6"
"Shoshone, Idaho","16079","11.6"
"Harmon, Oklahoma","40057","11.6"
"Mineral, Montana","30061","11.6"
"Osage, Oklahoma","40113","11.6"
"Winnebago, Illinois","17201","11.6"
"Garfield, Utah","49017","11.6"
"Owen, Kentucky","21187","11.6"
"Jones, Georgia","13169","11.6"
"Bandera, Texas","48019","11.6"
"Scott, Indiana","18143","11.5"
"Garza, Texas","48169","11.5"
"Banks, Georgia","13011","11.5"
"Hill, Texas","48217","11.5"
"Pawnee, Oklahoma","40117","11.5"
"Rock Island, Illinois","17161","11.5"
"Butte, California","6007","11.5"
"Montmorency, Michigan","26119","11.5"
"Camden, Missouri","29029","11.5"
"Yalobusha, Mississippi","28161","11.5"
"Itawamba, Mississippi","28057","11.5"
"Marshall, West Virginia","54051","11.5"
"Hamilton, Ohio","39061","11.5"
"Jackson, Oregon","41029","11.5"
"Stokes, North Carolina","37169","11.5"
"Nash, North Carolina","37127","11.5"
"Comanche, Oklahoma","40031","11.5"
"Crawford, Iowa","19047","11.5"
"Wexford, Michigan","26165","11.5"
"Wallowa, Oregon","41063","11.5"
"Grant, Arkansas","5053","11.5"
"St. James, Louisiana","22093","11.5"
"Franklin, Tennessee","47051","11.5"
"Marion, Ohio","39101","11.5"
"Alcona, Michigan","26001","11.4"
"Mackinac, Michigan","26097","11.4"
"Gilmer, West Virginia","54021","11.4"
"St. Francois, Missouri","29187","11.4"
"Carroll, Mississippi","28015","11.4"
"Orleans, New York","36073","11.4"
"Tulsa, Oklahoma","40143","11.4"
"Victoria, Texas","48469","11.4"
"Finney, Kansas","20055","11.4"
"Lafayette, Louisiana","22055","11.4"
"Richland, South Carolina","45079","11.4"
"Pawnee, Nebraska","31133","11.4"
"Lee, Iowa","19111","11.4"
"Cook, Illinois","17031","11.4"
"Bannock, Idaho","16005","11.4"
"Clark, Kentucky","21049","11.4"
"Hampton, Virginia","51650","11.4"
"Ashe, North Carolina","37009","11.4"
"Anderson, Texas","48001","11.4"
"Pasquotank, North Carolina","37139","11.4"
"Surry, North Carolina","37171","11.4"
"Clark, Ohio","39023","11.4"
"Pendleton, West Virginia","54071","11.4"
"Douglas, Oregon","41019","11.3"
"Carroll, Missouri","29033","11.3"
"Kinney, Texas","48271","11.3"
"Wythe, Virginia","51197","11.3"
"Riverside, California","6065","11.3"
"Grundy, Missouri","29079","11.3"
"Jefferson, Oregon","41031","11.3"
"Towns, Georgia","13281","11.3"
"St. Joseph, Indiana","18141","11.3"
"Roane, Tennessee","47145","11.3"
"Randolph, North Carolina","37151","11.3"
"Franklin, Virginia","51067","11.3"
"Custer, Oklahoma","40039","11.3"
"Chambers, Alabama","1017","11.3"
"Lincoln, North Carolina","37109","11.3"
"Vermilion, Louisiana","22113","11.3"
"Lake, Colorado","8065","11.3"
"Iosco, Michigan","26069","11.3"
"Adair, Missouri","29001","11.3"
"Bourbon, Kansas","20011","11.3"
"Stephens, Oklahoma","40137","11.3"
"Tuscaloosa, Alabama","1125","11.2"
"Fulton, Georgia","13121","11.2"
"Ochiltree, Texas","48357","11.2"
"Clay, Indiana","18021","11.2"
"Ritchie, West Virginia","54085","11.2"
"Washington, Ohio","39167","11.2"
"Camden, Georgia","13039","11.2"
"Bryan, Oklahoma","40013","11.2"
"Knox, Texas","48275","11.2"
"Pulaski, Missouri","29169","11.2"
"Knox, Illinois","17095","11.2"
"Taylor, Texas","48441","11.2"
"Liberty, Florida","12077","11.2"
"Pointe Coupee, Louisiana","22077","11.2"
"Hillsdale, Michigan","26059","11.2"
"Lamar, Mississippi","28073","11.2"
"Oceana, Michigan","26127","11.2"
"Hillsborough, Florida","12057","11.2"
"Liberty, Texas","48291","11.2"
"Missaukee, Michigan","26113","11.2"
"Lincoln, Oregon","41041","11.2"
"Moore, Texas","48341","11.2"
"Van Buren, Tennessee","47175","11.2"
"Brown, Nebraska","31017","11.2"
"Jewell, Kansas","20089","11.2"
"Greene, Missouri","29077","11.2"
"Brown, Texas","48049","11.1"
"Gove, Kansas","20063","11.1"
"Morrow, Oregon","41049","11.1"
"Glades, Florida","12043","11.1"
"Castro, Texas","48069","11.1"
"Vermillion, Indiana","18165","11.1"
"Gooding, Idaho","16047","11.1"
"Calhoun, South Carolina","45017","11.1"
"Citrus, Florida","12017","11.1"
"Bell, Texas","48027","11.1"
"Baraga, Michigan","26013","11.1"
"Boone, Arkansas","5009","11.1"
"Baker, Florida","12003","11.1"
"St. Joseph, Michigan","26149","11.1"
"Stevens, Washington","53065","11.1"
"Washington, Arkansas","5143","11.1"
"St. Clair, Missouri","29185","11.1"
"Madison, Missouri","29123","11.1"
"Douglas, Illinois","17041","11.1"
"Garfield, Oklahoma","40047","11.1"
"Monona, Iowa","19133","11.1"
"Perquimans, North Carolina","37143","11.1"
"Geary, Kansas","20061","11.1"
"Fremont, Colorado","8043","11.1"
"Harrison, Ohio","39067","11.1"
"Yuma, Colorado","8125","11.1"
"Des Moines, Iowa","19057","11.1"
"Harrison, Kentucky","21097","11.0"
"Uinta, Wyoming","56041","11.0"
"Cassia, Idaho","16031","11.0"
"Bryan, Georgia","13029","11.0"
"Luzerne, Pennsylvania","42079","11.0"
"Anderson, Kentucky","21005","11.0"
"Erie, Pennsylvania","42049","11.0"
"Mason, Michigan","26105","11.0"
"Cherokee, Kansas","20021","11.0"
"Jackson, Missouri","29095","11.0"
"McCulloch, Texas","48307","11.0"
"Jennings, Indiana","18079","11.0"
"Clarke, Iowa","19039","11.0"
"Nolan, Texas","48353","11.0"
"Habersham, Georgia","13137","11.0"
"Smith, Tennessee","47159","11.0"
"Columbia, Florida","12023","11.0"
"Washington, Indiana","18175","11.0"
"Coryell, Texas","48099","10.9"
"Barton, Kansas","20009","10.9"
"Cass, Illinois","17017","10.9"
"Lavaca, Texas","48285","10.9"
"Baker, Oregon","41001","10.9"
"Panola, Texas","48365","10.9"
"Schleicher, Texas","48413","10.9"
"Prince of Wales-Outer Ketchikan, Alaska","2201","10.9"
"Washita, Oklahoma","40149","10.9"
"Boundary, Idaho","16021","10.9"
"Lunenburg, Virginia","51111","10.9"
"Montgomery, Tennessee","47125","10.9"
"Sangamon, Illinois","17167","10.9"
"Harrison, West Virginia","54033","10.9"
"Atlantic, New Jersey","34001","10.9"
"Lincoln, Montana","30053","10.9"
"Cattaraugus, New York","36009","10.9"
"Transylvania, North Carolina","37175","10.9"
"Lancaster, South Carolina","45057","10.9"
"Pacific, Washington","53049","10.9"
"Marshall, Tennessee","47117","10.9"
"Macon, Missouri","29121","10.9"
"Fulton, New York","36035","10.9"
"Onslow, North Carolina","37133","10.9"
"Spartanburg, South Carolina","45083","10.9"
"Granville, North Carolina","37077","10.9"
"Coconino, Arizona","4005","10.9"
"Franklin, Nebraska","31061","10.9"
"Randolph, Indiana","18135","10.8"
"Sanilac, Michigan","26151","10.8"
"Iron, Wisconsin","55051","10.8"
"Chemung, New York","36015","10.8"
"Hemphill, Texas","48211","10.8"
"Coshocton, Ohio","39031","10.8"
"Jay, Indiana","18075","10.8"
"Miami, Indiana","18103","10.8"
"Atchison, Kansas","20005","10.8"
"Shasta, California","6089","10.8"
"Colonial Heights, Virginia","51570","10.8"
"Dawson, Nebraska","31047","10.8"
"St. Lucie, Florida","12111","10.8"
"Stephens, Georgia","13257","10.8"
"Gaines, Texas","48165","10.8"
"Hall, Georgia","13139","10.8"
"Blaine, Idaho","16013","10.8"
"Audrain, Missouri","29007","10.8"
"Madison, North Carolina","37115","10.8"
"Traverse, Minnesota","27155","10.8"
"Lackawanna, Pennsylvania","42069","10.7"
"Marion, Oregon","41047","10.7"
"Goliad, Texas","48175","10.7"
"Dolores, Colorado","8033","10.7"
"Erath, Texas","48143","10.7"
"Clay, Texas","48077","10.7"
"Henry, Alabama","1067","10.7"
"Tazewell, Virginia","51185","10.7"
"Morgan, Illinois","17137","10.7"
"Washington, Oklahoma","40147","10.7"
"Ford, Kansas","20057","10.7"
"Broome, New York","36007","10.7"
"Eddy, North Dakota","38027","10.7"
"Cache, Utah","49005","10.7"
"Cowley, Kansas","20035","10.7"
"Stark, Illinois","17175","10.7"
"Allegany, Maryland","24001","10.7"
"Oxford, Maine","23017","10.7"
"Mercer, Pennsylvania","42085","10.7"
"Scotland, Missouri","29199","10.7"
"Hall, Nebraska","31079","10.7"
"Greene, Indiana","18055","10.6"
"Alachua, Florida","12001","10.6"
"Halifax, Virginia","51083","10.6"
"Washington, Tennessee","47179","10.6"
"Rock, Wisconsin","55105","10.6"
"Richmond, New York","36085","10.6"
"Crawford, Michigan","26039","10.6"
"Franklin, Idaho","16041","10.6"
"Yamhill, Oregon","41071","10.6"
"Garvin, Oklahoma","40049","10.6"
"Greene, Illinois","17061","10.6"
"Montezuma, Colorado","8083","10.6"
"Madison, Nebraska","31119","10.6"
"Faulkner, Arkansas","5045","10.6"
"Dade, Georgia","13083","10.6"
"Overton, Tennessee","47133","10.6"
"Kidder, North Dakota","38043","10.6"
"Wadena, Minnesota","27159","10.6"
"Mahaska, Iowa","19123","10.6"
"Grayson, Texas","48181","10.6"
"Colusa, California","6011","10.6"
"Maricopa, Arizona","4013","10.6"
"Sullivan, New York","36105","10.6"
"Greene, Mississippi","28041","10.6"
"Grant, Nebraska","31075","10.6"
"Hardin, Kentucky","21093","10.6"
"Pontotoc, Oklahoma","40123","10.6"
"Randolph, Missouri","29175","10.6"
"Lamoille, Vermont","50015","10.6"
"Elk, Kansas","20049","10.6"
"Blair, Pennsylvania","42013","10.6"
"Live Oak, Texas","48297","10.5"
"Cheboygan, Michigan","26031","10.5"
"Allen, Indiana","18003","10.5"
"Crawford, Ohio","39033","10.5"
"Kankakee, Illinois","17091","10.5"
"Mercer, Kentucky","21167","10.5"
"Edmonson, Kentucky","21061","10.5"
"Cumberland, Tennessee","47035","10.5"
"Bartow, Georgia","13015","10.5"
"Douglas, Georgia","13097","10.5"
"Bibb, Alabama","1007","10.5"
"Walton, Florida","12131","10.5"
"Queens, New York","36081","10.5"
"Lawrence, Pennsylvania","42073","10.5"
"Seneca, Ohio","39147","10.5"
"Columbiana, Ohio","39029","10.5"
"Sullivan, Missouri","29211","10.5"
"Pike, Missouri","29163","10.5"
"Wayne, Illinois","17191","10.5"
"Jefferson, Kentucky","21111","10.5"
"Larue, Kentucky","21123","10.5"
"Craven, North Carolina","37049","10.5"
"Sevier, Tennessee","47155","10.5"
"Gilmer, Georgia","13123","10.5"
"Lauderdale, Alabama","1077","10.5"
"Ward, Texas","48475","10.5"
"Bay, Florida","12005","10.5"
"Terrell, Texas","48443","10.5"
"Union, Oregon","41061","10.5"
"Linn, Oregon","41043","10.5"
"Elmore, Idaho","16039","10.5"
"Twin Falls, Idaho","16083","10.5"
"Monterey, California","6053","10.5"
"Clark, Nevada","32003","10.5"
"Cambria, Pennsylvania","42021","10.4"
"Greene, Pennsylvania","42059","10.4"
"Monroe, New York","36055","10.4"
"Allen, Ohio","39003","10.4"
"Caroline, Maryland","24011","10.4"
"La Salle, Texas","48283","10.4"
"Jefferson, Indiana","18077","10.4"
"Sherman, Texas","48421","10.4"
"Jackson, Texas","48239","10.4"
"Franklin, North Carolina","37069","10.4"
"Haskell, Kansas","20081","10.4"
"Duchesne, Utah","49013","10.4"
"Juab, Utah","49023","10.4"
"Kent, Delaware","10001","10.4"
"Cherokee, North Carolina","37039","10.4"
"Grays Harbor, Washington","53027","10.4"
"Lane, Oregon","41039","10.3"
"Cass, Indiana","18017","10.3"
"Custer, South Dakota","46033","10.3"
"Monroe, Georgia","13207","10.3"
"Lincoln, New Mexico","35027","10.3"
"Davis, Iowa","19051","10.3"
"Harding, New Mexico","35021","10.3"
"Canyon, Idaho","16027","10.3"
"Richmond, Virginia","51159","10.3"
"Hitchcock, Nebraska","31087","10.3"
"Kaufman, Texas","48257","10.3"
"Sevier, Utah","49041","10.3"
"Crenshaw, Alabama","1041","10.3"
"Sandoval, New Mexico","35043","10.3"
"Lewis, New York","36049","10.3"
"Jackson, Michigan","26075","10.3"
"Haywood, North Carolina","37087","10.3"
"Coffee, Tennessee","47031","10.3"
"New Hanover, North Carolina","37129","10.3"
"Yellow Medicine, Minnesota","27173","10.3"
"Broward, Florida","12011","10.3"
"Cumberland, Illinois","17035","10.3"
"Pocahontas, West Virginia","54075","10.3"
"Cooke, Texas","48097","10.3"
"DeKalb, Missouri","29063","10.3"
"Tuscola, Michigan","26157","10.3"
"Hot Springs, Wyoming","56017","10.3"
"Washington, Texas","48477","10.3"
"Fulton, Indiana","18049","10.3"
"Van Buren, Michigan","26159","10.3"
"Cameron, Louisiana","22023","10.3"
"Clallam, Washington","53009","10.3"
"Mason, Texas","48319","10.3"
"Clinton, Pennsylvania","42035","10.3"
"Knox, Tennessee","47093","10.2"
"Branch, Michigan","26023","10.2"
"Limestone, Alabama","1083","10.2"
"Blount, Alabama","1009","10.2"
"Huron, Ohio","39077","10.2"
"Webster, Iowa","19187","10.2"
"Saline, Nebraska","31151","10.2"
"Crawford, Pennsylvania","42039","10.2"
"McDonough, Illinois","17109","10.2"
"Sheridan, North Dakota","38083","10.2"
"Erie, New York","36029","10.2"
"Floyd, Iowa","19067","10.2"
"Clinton, New York","36019","10.2"
"Cass, Minnesota","27021","10.2"
"Sandusky, Ohio","39143","10.2"
"Humboldt, California","6023","10.2"
"White, Georgia","13311","10.2"
"Jefferson, Tennessee","47089","10.2"
"Ellis, Oklahoma","40045","10.2"
"Crittenden, Kentucky","21055","10.2"
"Washington, Virginia","51191","10.2"
"Alpena, Michigan","26007","10.1"
"Berkeley, West Virginia","54003","10.1"
"Gulf, Florida","12045","10.1"
"Clinton, Ohio","39027","10.1"
"Dickson, Tennessee","47043","10.1"
"Koochiching, Minnesota","27071","10.1"
"Pulaski, Virginia","51155","10.1"
"Tyler, West Virginia","54095","10.1"
"Luce, Michigan","26095","10.1"
"Sioux, Nebraska","31165","10.1"
"Hernando, Florida","12053","10.1"
"Scott, Illinois","17171","10.1"
"Wayne, Iowa","19185","10.1"
"Dallas, Arkansas","5039","10.1"
"Polk, Missouri","29167","10.1"
"Wright, Iowa","19197","10.1"
"Vernon, Wisconsin","55123","10.1"
"Lassen, California","6035","10.1"
"Ashland, Wisconsin","55003","10.1"
"Ontonagon, Michigan","26131","10.1"
"Lorain, Ohio","39093","10.1"
"Williamson, Illinois","17199","10.1"
"Woodford, Kentucky","21239","10.1"
"Stanly, North Carolina","37167","10.1"
"Lawrence, Indiana","18093","10.1"
"Richland, Ohio","39139","10.1"
"Pend Oreille, Washington","53051","10.1"
"Calhoun, Iowa","19025","10.1"
"Clearfield, Pennsylvania","42033","10.1"
"Sumner, Kansas","20191","10.1"
"Jefferson, Pennsylvania","42065","10.1"
"Stoddard, Missouri","29207","10.1"
"Crook, Oregon","41013","10.1"
"Watauga, North Carolina","37189","10.1"
"Ramsey, Minnesota","27123","10.1"
"Montague, Texas","48337","10.0"
"Fall River, South Dakota","46047","10.0"
"Lincoln, Oklahoma","40081","10.0"
"Lipscomb, Texas","48295","10.0"
"Giles, Tennessee","47055","10.0"
"Custer, Colorado","8027","10.0"
"Petroleum, Montana","30069","10.0"
"Shelby, Missouri","29205","10.0"
"Grant, Washington","53025","10.0"
"Jackson, West Virginia","54035","10.0"
"Livingston, Illinois","17105","10.0"
"Lyon, Minnesota","27083","10.0"
"Iroquois, Illinois","17075","10.0"
"Reeves, Texas","48389","10.0"
"Stark, Ohio","39151","10.0"
"Maury, Tennessee","47119","10.0"
"St. Clair, Alabama","1115","10.0"
"Livingston, Kentucky","21139","10.0"
"Wood, Texas","48499","10.0"
"Meade, Kansas","20119","10.0"
"Davie, North Carolina","37059","10.0"
"Franklin, Virginia","51620","10.0"
"Saline, Missouri","29195","10.0"
"Nobles, Minnesota","27105","10.0"
"Sweetwater, Wyoming","56037","10.0"
"Denver, Colorado","8031","10.0"
"Benton, Indiana","18007","10.0"
"Sedgwick, Kansas","20173","10.0"
"Madison, Illinois","17119","10.0"
"Elkhart, Indiana","18039","10.0"
"Leon, Florida","12073","9.9"
"Carbon, Wyoming","56007","9.9"
"Carroll, Virginia","51035","9.9"
"Mifflin, Pennsylvania","42087","9.9"
"Pender, North Carolina","37141","9.9"
"Clark, Illinois","17023","9.9"
"Little River, Arkansas","5081","9.9"
"Baxter, Arkansas","5005","9.9"
"King and Queen, Virginia","51097","9.9"
"Burnett, Wisconsin","55013","9.9"
"Sanpete, Utah","49039","9.9"
"Clarion, Pennsylvania","42031","9.9"
"Wasco, Oregon","41065","9.9"
"Carroll, Ohio","39019","9.9"
"Stephenson, Illinois","17177","9.9"
"Harper, Oklahoma","40059","9.9"
"Pinal, Arizona","4021","9.9"
"Houston, Tennessee","47083","9.9"
"Onondaga, New York","36067","9.9"
"Rockland, New York","36087","9.9"
"Bailey, Texas","48017","9.9"
"Jefferson, New York","36045","9.9"
"Clay, Iowa","19041","9.9"
"Black Hawk, Iowa","19013","9.9"
"Orange, Texas","48361","9.9"
"Whitman, Washington","53075","9.9"
"Galveston, Texas","48167","9.9"
"La Salle, Illinois","17099","9.9"
"Tuscarawas, Ohio","39157","9.9"
"Gregory, South Dakota","46053","9.9"
"Hardin, Texas","48199","9.8"
"Knox, Ohio","39083","9.8"
"Newton, Missouri","29145","9.8"
"Manassas Park, Virginia","51685","9.8"
"Barrow, Georgia","13013","9.8"
"Winchester, Virginia","51840","9.8"
"Payette, Idaho","16075","9.8"
"McMullen, Texas","48311","9.8"
"Niagara, New York","36063","9.8"
"Clearwater, Idaho","16035","9.8"
"Chenango, New York","36017","9.8"
"Elmore, Alabama","1051","9.8"
"Jones, Texas","48253","9.8"
"Swift, Minnesota","27151","9.8"
"Decatur, Indiana","18031","9.8"
"Owen, Indiana","18119","9.8"
"Penobscot, Maine","23019","9.8"
"Carson City, Nevada","32510","9.8"
"Langlade, Wisconsin","55067","9.8"
"Bingham, Idaho","16011","9.8"
"Fayette, Tennessee","47047","9.8"
"Venango, Pennsylvania","42121","9.8"
"Sullivan, Indiana","18153","9.8"
"Sedgwick, Colorado","8115","9.8"
"Brule, South Dakota","46015","9.8"
"Avery, North Carolina","37011","9.8"
"Mason, Washington","53045","9.7"
"Union, Kentucky","21225","9.7"
"Rusk, Wisconsin","55107","9.7"
"Cleburne, Arkansas","5023","9.7"
"Fredericksburg, Virginia","51630","9.7"
"Presque Isle, Michigan","26141","9.7"
"Hocking, Ohio","39073","9.7"
"Tarrant, Texas","48439","9.7"
"Edgar, Illinois","17045","9.7"
"Union, Iowa","19175","9.7"
"Volusia, Florida","12127","9.7"
"Union, Georgia","13291","9.7"
"Logan, Ohio","39091","9.7"
"Callaway, Missouri","29027","9.6"
"Madison, Alabama","1089","9.6"
"Kenosha, Wisconsin","55059","9.6"
"Donley, Texas","48129","9.6"
"Hooker, Nebraska","31091","9.6"
"Reagan, Texas","48383","9.6"
"Campbell, Virginia","51031","9.6"
"Otsego, Michigan","26137","9.6"
"Walton, Georgia","13297","9.6"
"Bonner, Idaho","16017","9.6"
"Lincoln, Missouri","29113","9.6"
"Van Zandt, Texas","48467","9.6"
"St. Clair, Michigan","26147","9.6"
"Windham, Vermont","50025","9.6"
"Lee, Florida","12071","9.6"
"Caldwell, Missouri","29025","9.6"
"Boyle, Kentucky","21021","9.6"
"Pope, Illinois","17151","9.6"
"Rusk, Texas","48401","9.6"
"Woodbury, Iowa","19193","9.6"
"Meade, Kentucky","21163","9.6"
"Johnston, North Carolina","37101","9.6"
"Monroe, Missouri","29137","9.6"
"Scotts Bluff, Nebraska","31157","9.6"
"Parke, Indiana","18121","9.6"
"Kerr, Texas","48265","9.6"
"Lycoming, Pennsylvania","42081","9.6"
"North Slope, Alaska","2185","9.6"
"Huntingdon, Pennsylvania","42061","9.5"
"Cook, Minnesota","27031","9.5"
"Tippecanoe, Indiana","18157","9.5"
"Champaign, Illinois","17019","9.5"
"Kenton, Kentucky","21117","9.5"
"Wabash, Indiana","18169","9.5"
"Benewah, Idaho","16009","9.5"
"Charleston, South Carolina","45019","9.5"
"Multnomah, Oregon","41051","9.5"
"DeKalb, Illinois","17037","9.5"
"Washington, Maryland","24043","9.5"
"Kodiak Island, Alaska","2150","9.5"
"Camden, New Jersey","34007","9.5"
"Pike, Illinois","17149","9.5"
"Pecos, Texas","48371","9.5"
"Catawba, North Carolina","37035","9.5"
"Herkimer, New York","36043","9.5"
"Pasco, Florida","12101","9.5"
"Watonwan, Minnesota","27165","9.5"
"Schuyler, Missouri","29197","9.5"
"Boise, Idaho","16015","9.5"
"Bureau, Illinois","17011","9.5"
"Orleans, Vermont","50019","9.5"
"Moffat, Colorado","8081","9.5"
"Kalamazoo, Michigan","26077","9.5"
"George, Mississippi","28039","9.4"
"Potter, Pennsylvania","42105","9.4"
"Marinette, Wisconsin","55075","9.4"
"Livingston, Louisiana","22063","9.4"
"Lexington, South Carolina","45063","9.4"
"Steuben, New York","36101","9.4"
"Skamania, Washington","53059","9.4"
"Uintah, Utah","49047","9.4"
"Buena Vista, Iowa","19021","9.4"
"Goshen, Wyoming","56015","9.4"
"Howard, Missouri","29089","9.4"
"Ionia, Michigan","26067","9.4"
"Mariposa, California","6043","9.4"
"Jasper, Illinois","17079","9.4"
"Northumberland, Pennsylvania","42097","9.4"
"Appanoose, Iowa","19007","9.4"
"Summit, Ohio","39153","9.4"
"Cameron, Pennsylvania","42023","9.4"
"Lyon, Kentucky","21143","9.3"
"San Jacinto, Texas","48407","9.3"
"Pickens, South Carolina","45077","9.3"
"Briscoe, Texas","48045","9.3"
"Mitchell, North Carolina","37121","9.3"
"LaMoure, North Dakota","38045","9.3"
"Wilson, Kansas","20205","9.3"
"Kootenai, Idaho","16055","9.3"
"Mecklenburg, North Carolina","37119","9.3"
"Dubois, Indiana","18037","9.3"
"Chambers, Texas","48071","9.3"
"Wicomico, Maryland","24045","9.3"
"Schuylkill, Pennsylvania","42107","9.3"
"Stafford, Kansas","20185","9.3"
"Fannin, Georgia","13111","9.3"
"Rio Blanco, Colorado","8103","9.3"
"Calhoun, Illinois","17013","9.3"
"Mille Lacs, Minnesota","27095","9.3"
"Amelia, Virginia","51007","9.3"
"Macoupin, Illinois","17117","9.3"
"Ray, Missouri","29177","9.3"
"Murray, Oklahoma","40099","9.3"
"Mercer, Illinois","17131","9.3"
"Clinton, Missouri","29049","9.3"
"Yolo, California","6113","9.3"
"Williams, Ohio","39171","9.3"
"Cass, Iowa","19029","9.3"
"Lehigh, Pennsylvania","42077","9.3"
"Lexington, Virginia","51678","9.2"
"Boone, Missouri","29019","9.2"
"Salem, New Jersey","34033","9.2"
"Scott, Kentucky","21209","9.2"
"Robertson, Tennessee","47147","9.2"
"Beaver, Oklahoma","40007","9.2"
"Carroll, Arkansas","5015","9.2"
"Lee, Georgia","13177","9.2"
"Douglas, Washington","53017","9.2"
"Brewster, Texas","48043","9.2"
"Pike, Georgia","13231","9.2"
"Richland, Wisconsin","55103","9.2"
"Ector, Texas","48135","9.2"
"Cottonwood, Minnesota","27033","9.2"
"Washington, Colorado","8121","9.2"
"Spokane, Washington","53063","9.2"
"Wise, Texas","48497","9.2"
"Tom Green, Texas","48451","9.2"
"Campbell, Kentucky","21037","9.2"
"Pennington, South Dakota","46103","9.2"
"Tioga, Pennsylvania","42117","9.2"
"Bartholomew, Indiana","18005","9.2"
"Phillips, Montana","30071","9.2"
"Grant, North Dakota","38037","9.1"
"Blackford, Indiana","18009","9.1"
"Curry, Oregon","41015","9.1"
"Gillespie, Texas","48171","9.1"
"Menominee, Michigan","26109","9.1"
"Warren, Missouri","29219","9.1"
"Martin, Indiana","18101","9.1"
"Hickman, Kentucky","21105","9.1"
"Hancock, Kentucky","21091","9.1"
"Hamilton, Tennessee","47065","9.1"
"Dauphin, Pennsylvania","42043","9.1"
"Love, Oklahoma","40085","9.1"
"Christian, Illinois","17021","9.1"
"Kent, Texas","48263","9.1"
"Adams, Wisconsin","55001","9.1"
"Throckmorton, Texas","48447","9.1"
"Berks, Pennsylvania","42011","9.1"
"Sherman, Nebraska","31163","9.1"
"Modoc, California","6049","9.0"
"Latah, Idaho","16057","9.0"
"Benton, Washington","53005","9.0"
"Essex, Vermont","50009","9.0"
"Huron, Michigan","26063","9.0"
"Osceola, Iowa","19143","9.0"
"Iredell, North Carolina","37097","9.0"
"Oneida, Idaho","16071","9.0"
"Lewis, Washington","53041","9.0"
"Greenlee, Arizona","4011","9.0"
"Dinwiddie, Virginia","51053","9.0"
"Logan, Colorado","8075","9.0"
"Harper, Kansas","20077","9.0"
"Kingfisher, Oklahoma","40073","9.0"
"Santa Barbara, California","6083","9.0"
"Lumpkin, Georgia","13187","9.0"
"Lafayette, Missouri","29107","9.0"
"Itasca, Minnesota","27061","9.0"
"Crawford, Illinois","17033","9.0"
"Berkeley, South Carolina","45015","9.0"
"Palm Beach, Florida","12099","9.0"
"Carroll, Illinois","17015","9.0"
"Gwinnett, Georgia","13135","9.0"
"Coweta, Georgia","13077","9.0"
"Cass, Michigan","26027","9.0"
"Kiowa, Colorado","8061","9.0"
"Upshur, Texas","48459","9.0"
"Warren, Pennsylvania","42123","9.0"
"Idaho, Idaho","16049","9.0"
"Fillmore, Nebraska","31059","9.0"
"Noble, Ohio","39121","9.0"
"Greene, New York","36039","9.0"
"Grand Forks, North Dakota","38035","9.0"
"Juneau, Wisconsin","55057","9.0"
"Judith Basin, Montana","30045","9.0"
"Polk, Oregon","41053","9.0"
"Nez Perce, Idaho","16069","9.0"
"Hancock, West Virginia","54029","9.0"
"Muscatine, Iowa","19139","9.0"
"Chase, Kansas","20017","9.0"
"Brunswick, North Carolina","37019","9.0"
"Warren, Illinois","17187","9.0"
"Fannin, Texas","48147","9.0"
"Inyo, California","6027","9.0"
"Belmont, Ohio","39013","9.0"
"Jackson, Wisconsin","55053","9.0"
"Hardin, Illinois","17069","9.0"
"Cape Girardeau, Missouri","29031","9.0"
"Charles City, Virginia","51036","8.9"
"Clark, Wisconsin","55019","8.9"
"Logan, Oklahoma","40083","8.9"
"Crawford, Wisconsin","55023","8.9"
"Elko, Nevada","32007","8.9"
"Ascension, Louisiana","22005","8.9"
"Wayne, Ohio","39169","8.9"
"Suffolk, Virginia","51800","8.9"
"Keweenaw, Michigan","26083","8.9"
"Pulaski, Indiana","18131","8.9"
"Lincoln, Idaho","16063","8.9"
"Pottawatomie, Kansas","20149","8.9"
"Cascade, Montana","30013","8.9"
"Franklin, Iowa","19069","8.9"
"Delta, Michigan","26041","8.9"
"Putnam, Georgia","13237","8.9"
"Bonneville, Idaho","16019","8.9"
"Clark, Kansas","20025","8.9"
"Greenville, South Carolina","45045","8.9"
"Worth, Missouri","29227","8.9"
"Richland, Illinois","17159","8.9"
"Marshall, Illinois","17123","8.9"
"Lake, Florida","12069","8.9"
"Somerset, Pennsylvania","42111","8.9"
"Fremont, Wyoming","56013","8.9"
"Pickaway, Ohio","39129","8.9"
"Newton, Indiana","18111","8.8"
"Yavapai, Arizona","4025","8.8"
"Lyon, Kansas","20111","8.8"
"Platte, Wyoming","56031","8.8"
"Shelby, Illinois","17173","8.8"
"Marquette, Michigan","26103","8.8"
"Houghton, Michigan","26061","8.8"
"Washburn, Wisconsin","55129","8.8"
"Freeborn, Minnesota","27047","8.8"
"Antelope, Nebraska","31003","8.8"
"Douglas, Wisconsin","55031","8.8"
"Brevard, Florida","12009","8.8"
"Concho, Texas","48095","8.8"
"Androscoggin, Maine","23001","8.8"
"Otsego, New York","36077","8.8"
"Erie, Ohio","39043","8.8"
"Perkins, South Dakota","46105","8.8"
"St. Charles, Louisiana","22089","8.8"
"Schoharie, New York","36095","8.8"
"Pamlico, North Carolina","37137","8.8"
"Tillamook, Oregon","41057","8.8"
"Monongalia, West Virginia","54061","8.8"
"Dorchester, South Carolina","45035","8.8"
"Travis, Texas","48453","8.8"
"Lucas, Iowa","19117","8.8"
"Lincoln, Nebraska","31111","8.7"
"Bristol, Massachusetts","25005","8.7"
"Douglas, Nebraska","31055","8.7"
"Brown, Kansas","20013","8.7"
"Washington, Utah","49053","8.7"
"Surry, Virginia","51181","8.7"
"San Diego, California","6073","8.7"
"Clay, Florida","12019","8.7"
"Henry, Illinois","17073","8.7"
"Bedford, Pennsylvania","42009","8.7"
"Louisa, Iowa","19115","8.7"
"Martin, Minnesota","27091","8.7"
"Webster, Nebraska","31181","8.7"
"Racine, Wisconsin","55101","8.7"
"Callahan, Texas","48059","8.7"
"Franklin, Kentucky","21073","8.7"
"Ellis, Kansas","20051","8.7"
"Osborne, Kansas","20141","8.7"
"Preble, Ohio","39135","8.7"
"Grant, West Virginia","54023","8.7"
"Coosa, Alabama","1037","8.7"
"Hardeman, Texas","48197","8.7"
"Woodward, Oklahoma","40153","8.6"
"Scurry, Texas","48415","8.6"
"Effingham, Illinois","17049","8.6"
"Calhoun, Texas","48057","8.6"
"Nelson, Virginia","51125","8.6"
"Armstrong, Pennsylvania","42005","8.6"