Screening and Risk Factors, US by County (UV Only), UV Exposure Data, Ultraviolet Exposure
Area,County FIPS,Watt-Hours Per Square Meter
"Luna, New Mexico","35029","5723"
"El Paso, Texas","48141","5713"
"Dona Ana, New Mexico","35013","5711"
"Hidalgo, New Mexico","35023","5702"
"Pinal, Arizona","4021","5689"
"Pima, Arizona","4019","5680"
"Cochise, Arizona","4003","5675"
"Sierra, New Mexico","35051","5658"
"Maricopa, Arizona","4013","5655"
"Grant, New Mexico","35017","5651"
"Santa Cruz, Arizona","4023","5649"
"Hudspeth, Texas","48229","5639"
"San Bernardino, California","6071","5633"
"La Paz, Arizona","4012","5633"
"Graham, Arizona","4009","5630"
"Yuma, Arizona","4027","5625"
"Otero, New Mexico","35035","5613"
"Greenlee, Arizona","4011","5597"
"Socorro, New Mexico","35053","5594"
"Valencia, New Mexico","35061","5578"
"Clark, Nevada","32003","5566"
"Culberson, Texas","48109","5564"
"Bernalillo, New Mexico","35001","5539"
"Catron, New Mexico","35003","5530"
"Presidio, Texas","48377","5528"
"Lincoln, New Mexico","35027","5517"
"Eddy, New Mexico","35015","5513"
"Imperial, California","6025","5513"
"Reeves, Texas","48389","5512"
"Gila, Arizona","4007","5510"
"Jeff Davis, Texas","48243","5509"
"Torrance, New Mexico","35057","5495"
"Loving, Texas","48301","5484"
"Riverside, California","6065","5480"
"Cibola, New Mexico","35006","5479"
"Sandoval, New Mexico","35043","5471"
"Chaves, New Mexico","35005","5462"
"Inyo, California","6027","5456"
"Ward, Texas","48475","5451"
"Santa Fe, New Mexico","35049","5451"
"Brewster, Texas","48043","5439"
"Mohave, Arizona","4015","5425"
"Los Alamos, New Mexico","35028","5424"
"Winkler, Texas","48495","5423"
"McKinley, New Mexico","35031","5406"
"Pecos, Texas","48371","5400"
"Yavapai, Arizona","4025","5398"
"Guadalupe, New Mexico","35019","5392"
"De Baca, New Mexico","35011","5387"
"Crane, Texas","48103","5384"
"Lea, New Mexico","35025","5375"
"Rio Arriba, New Mexico","35039","5361"
"Ector, Texas","48135","5359"
"San Miguel, New Mexico","35047","5339"
"Terrell, Texas","48443","5339"
"Andrews, Texas","48003","5336"
"Apache, Arizona","4001","5329"
"San Juan, New Mexico","35045","5329"
"Upton, Texas","48461","5318"
"Midland, Texas","48329","5301"
"Mora, New Mexico","35033","5297"
"Gaines, Texas","48165","5296"
"Taos, New Mexico","35055","5296"
"Roosevelt, New Mexico","35041","5274"
"Yoakum, Texas","48501","5272"
"Navajo, Arizona","4017","5268"
"Martin, Texas","48317","5262"
"Lincoln, Nevada","32017","5261"
"Reagan, Texas","48383","5249"
"Crockett, Texas","48105","5249"
"Archuleta, Colorado","8007","5246"
"Val Verde, Texas","48465","5238"
"Esmeralda, Nevada","32009","5238"
"Conejos, Colorado","8021","5236"
"Glasscock, Texas","48173","5233"
"Cochran, Texas","48079","5230"
"Nye, Nevada","32023","5225"
"Kern, California","6029","5224"
"Dawson, Texas","48115","5220"
"Terry, Texas","48445","5217"
"Quay, New Mexico","35037","5215"
"Curry, New Mexico","35009","5210"
"Colfax, New Mexico","35007","5208"
"Howard, Texas","48227","5204"
"La Plata, Colorado","8067","5200"
"Harding, New Mexico","35021","5200"
"Tulare, California","6107","5200"
"Bailey, Texas","48017","5190"
"Kings, California","6031","5186"
"Irion, Texas","48235","5184"
"Sterling, Texas","48431","5179"
"Alamosa, Colorado","8003","5179"
"Montezuma, Colorado","8083","5178"
"Hockley, Texas","48219","5175"
"Borden, Texas","48033","5174"
"San Diego, California","6073","5173"
"Costilla, Colorado","8023","5171"
"Washington, Utah","49053","5167"
"Coconino, Arizona","4005","5164"
"Lynn, Texas","48305","5161"
"Mitchell, Texas","48335","5158"
"Rio Grande, Colorado","8105","5156"
"Kinney, Texas","48271","5152"
"Sutton, Texas","48435","5150"
"Parmer, Texas","48369","5149"
"Schleicher, Texas","48413","5142"
"Lamb, Texas","48279","5138"
"Tom Green, Texas","48451","5135"
"Coke, Texas","48081","5133"
"Scurry, Texas","48415","5130"
"Garza, Texas","48169","5128"
"Maverick, Texas","48323","5128"
"Edwards, Texas","48137","5126"
"Lubbock, Texas","48303","5121"
"Fresno, California","6019","5116"
"Union, New Mexico","35059","5110"
"Deaf Smith, Texas","48117","5109"
"Nolan, Texas","48353","5107"
"Oldham, Texas","48359","5104"
"Fisher, Texas","48151","5100"
"Madera, California","6039","5100"
"Runnels, Texas","48399","5099"
"Castro, Texas","48069","5098"
"Kent, Texas","48263","5098"
"San Luis Obispo, California","6079","5096"
"Concho, Texas","48095","5092"
"Hale, Texas","48189","5087"
"Hartley, Texas","48205","5085"
"Mineral, Colorado","8079","5085"
"Las Animas, Colorado","8071","5084"
"Crosby, Texas","48107","5084"
"Menard, Texas","48327","5082"
"Mineral, Nevada","32021","5081"
"Los Angeles, California","6037","5080"
"Taylor, Texas","48441","5080"
"Dolores, Colorado","8033","5078"
"San Juan, Utah","49037","5078"
"Kimble, Texas","48267","5077"
"Uvalde, Texas","48463","5075"
"Real, Texas","48385","5074"
"Jones, Texas","48253","5072"
"Merced, California","6047","5071"
"Stonewall, Texas","48433","5070"
"Orange, California","6059","5068"
"Mariposa, California","6043","5067"
"Huerfano, Colorado","8055","5066"
"Dallam, Texas","48111","5065"
"Coleman, Texas","48083","5064"
"Zavala, Texas","48507","5062"
"Dickens, Texas","48125","5061"
"McCulloch, Texas","48307","5056"
"Swisher, Texas","48437","5055"
"San Miguel, Colorado","8113","5055"
"Randall, Texas","48381","5051"
"Floyd, Texas","48153","5050"
"Potter, Texas","48375","5048"
"Callahan, Texas","48059","5047"
"Mono, California","6051","5045"
"King, Texas","48269","5044"
"Santa Barbara, California","6083","5044"
"Mason, Texas","48319","5043"
"Haskell, Texas","48207","5041"
"Motley, Texas","48345","5039"
"Shackelford, Texas","48417","5037"
"Cimarron, Oklahoma","40025","5037"
"Dimmit, Texas","48127","5036"
"Moore, Texas","48341","5034"
"Briscoe, Texas","48045","5033"
"Brown, Texas","48049","5032"
"Kerr, Texas","48265","5032"
"Kane, Utah","49025","5029"
"Iron, Utah","49021","5026"
"Lyon, Nevada","32019","5025"
"Hinsdale, Colorado","8053","5025"
"Sherman, Texas","48421","5023"
"Calaveras, California","6009","5022"
"Hall, Texas","48191","5022"
"Armstrong, Texas","48011","5022"
"San Juan, Colorado","8111","5021"
"Cottle, Texas","48101","5021"
"Bandera, Texas","48019","5020"
"Stanislaus, California","6099","5018"
"Knox, Texas","48275","5018"
"Montrose, Colorado","8085","5016"
"San Saba, Texas","48411","5014"
"Ouray, Colorado","8091","5010"
"Eastland, Texas","48133","5009"
"Throckmorton, Texas","48447","5007"
"Hutchinson, Texas","48233","5006"
"Carson, Texas","48065","5005"
"Saguache, Colorado","8109","5004"
"Stephens, Texas","48429","5003"
"Otero, Colorado","8089","5003"
"Medina, Texas","48325","5001"
"Gillespie, Texas","48171","5001"
"Foard, Texas","48155","5000"
"Llano, Texas","48299","4999"
"Donley, Texas","48129","4998"
"Childress, Texas","48075","4998"
"Tuolumne, California","6109","4997"
"Comanche, Texas","48093","4996"
"Hansford, Texas","48195","4995"
"Mills, Texas","48333","4995"
"Baca, Colorado","8009","4995"
"Amador, California","6005","4995"
"Texas, Oklahoma","40139","4989"
"Douglas, Nevada","32005","4988"
"San Benito, California","6069","4986"
"Baylor, Texas","48023","4983"
"Monterey, California","6053","4983"
"Hardeman, Texas","48197","4981"
"Ventura, California","6111","4979"
"Morton, Kansas","20129","4979"
"Collingsworth, Texas","48087","4976"
"Roberts, Texas","48393","4976"
"Gray, Texas","48179","4976"
"San Joaquin, California","6077","4976"
"Carson City, Nevada","32510","4974"
"Frio, Texas","48163","4971"
"Young, Texas","48503","4971"
"Churchill, Nevada","32001","4970"
"Kendall, Texas","48259","4969"
"Storey, Nevada","32029","4967"
"Palo Pinto, Texas","48363","4967"
"Pueblo, Colorado","8101","4966"
"Erath, Texas","48143","4965"
"Harmon, Oklahoma","40057","4965"
"Ochiltree, Texas","48357","4963"
"Wilbarger, Texas","48487","4960"
"Bent, Colorado","8011","4960"
"Stevens, Kansas","20189","4959"
"Lampasas, Texas","48281","4959"
"Sacramento, California","6067","4957"
"Hamilton, Texas","48193","4955"
"Wheeler, Texas","48483","4955"
"Stanton, Kansas","20187","4954"
"El Dorado, California","6017","4954"
"Beaver, Utah","49001","4949"
"Archer, Texas","48009","4946"
"Blanco, Texas","48031","4946"
"Jackson, Oklahoma","40065","4946"
"Hemphill, Texas","48211","4944"
"Burnet, Texas","48053","4941"
"Hood, Texas","48221","4941"
"Seward, Kansas","20175","4940"
"Garfield, Utah","49017","4939"
"Somervell, Texas","48425","4938"
"Greer, Oklahoma","40055","4937"
"Grant, Kansas","20067","4937"
"Beaver, Oklahoma","40007","4937"
"Custer, Colorado","8027","4936"
"Webb, Texas","48479","4934"
"Prowers, Colorado","8099","4934"
"Alpine, California","6003","4934"
"Lipscomb, Texas","48295","4932"
"Jack, Texas","48237","4932"
"La Salle, Texas","48283","4931"
"Bexar, Texas","48029","4930"
"Parker, Texas","48367","4929"
"Beckham, Oklahoma","40009","4927"
"Wichita, Texas","48485","4926"
"Placer, California","6061","4924"
"Delta, Colorado","8029","4922"
"Tillman, Oklahoma","40141","4921"
"Grand, Utah","49019","4921"
"Crowley, Colorado","8025","4918"
"Coryell, Texas","48099","4918"
"Bosque, Texas","48035","4918"
"Wayne, Utah","49055","4916"
"Haskell, Kansas","20081","4916"
"Comal, Texas","48091","4913"
"Meade, Kansas","20119","4913"
"Hamilton, Kansas","20075","4912"
"Roger Mills, Oklahoma","40129","4911"
"Mesa, Colorado","8077","4911"
"Clay, Texas","48077","4905"
"Wise, Texas","48497","4903"
"Johnson, Texas","48251","4902"
"Zapata, Texas","48505","4899"
"Kearny, Kansas","20093","4898"
"Tarrant, Texas","48439","4898"
"Ellis, Oklahoma","40045","4898"
"Nevada, California","6057","4895"
"Kiowa, Oklahoma","40075","4895"
"Hays, Texas","48209","4888"
"Cotton, Oklahoma","40033","4887"
"Yuba, California","6115","4884"
"Gray, Kansas","20069","4883"
"Harper, Oklahoma","40059","4882"
"Atascosa, Texas","48013","4882"
"Montague, Texas","48337","4879"
"Washita, Oklahoma","40149","4877"
"Clark, Kansas","20025","4876"
"Monroe, Florida","12087","4874"
"Kiowa, Colorado","8061","4873"
"Finney, Kansas","20055","4873"
"Hill, Texas","48217","4872"
"Santa Clara, California","6085","4871"
"Denton, Texas","48121","4870"
"Comanche, Oklahoma","40031","4869"
"Travis, Texas","48453","4869"
"Fremont, Colorado","8043","4868"
"Sierra, California","6091","4865"
"Sarasota, Florida","12115","4865"
"Bell, Texas","48027","4865"
"Custer, Oklahoma","40039","4863"
"Jefferson, Oklahoma","40067","4862"
"Lee, Florida","12071","4862"
"McLennan, Texas","48309","4861"
"Charlotte, Florida","12015","4859"
"Manatee, Florida","12081","4858"
"Collier, Florida","12021","4858"
"Williamson, Texas","48491","4857"
"Miami-Dade, Florida","12086","4855"
"Dallas, Texas","48113","4854"
"Millard, Utah","49027","4854"
"Greeley, Kansas","20071","4853"
"Woodward, Oklahoma","40153","4853"
"Gunnison, Colorado","8051","4853"
"DeSoto, Florida","12027","4852"
"Ellis, Texas","48139","4850"
"White Pine, Nevada","32033","4849"
"Hardee, Florida","12049","4848"
"Guadalupe, Texas","48187","4848"
"Ford, Kansas","20057","4848"
"Cooke, Texas","48097","4848"
"Sutter, California","6101","4847"
"Hillsborough, Florida","12057","4847"
"Pinellas, Florida","12103","4846"
"Emery, Utah","49015","4846"
"Dewey, Oklahoma","40043","4845"
"Wichita, Kansas","20203","4845"
"Starr, Texas","48427","4844"
"Piute, Utah","49031","4842"
"McMullen, Texas","48311","4838"
"Stephens, Oklahoma","40137","4836"
"Polk, Florida","12105","4836"
"Hendry, Florida","12051","4836"
"Caddo, Oklahoma","40015","4835"
"Wilson, Texas","48493","4834"
"Scott, Kansas","20171","4833"
"Love, Oklahoma","40085","4832"
"Highlands, Florida","12055","4831"
"Pasco, Florida","12101","4830"
"Glades, Florida","12043","4828"
"Lander, Nevada","32015","4827"
"Alameda, California","6001","4825"
"Pershing, Nevada","32027","4825"
"Comanche, Kansas","20033","4823"
"Osceola, Florida","12097","4822"
"Washoe, Nevada","32031","4821"
"Hodgeman, Kansas","20083","4821"
"Collin, Texas","48085","4821"
"Broward, Florida","12011","4820"
"Contra Costa, California","6013","4820"
"Santa Cruz, California","6087","4819"
"Orange, Florida","12095","4819"
"Solano, California","6095","4818"
"Hernando, Florida","12053","4815"
"Seminole, Florida","12117","4815"
"Rockwall, Texas","48397","4815"
"Jim Hogg, Texas","48247","4814"
"Lane, Kansas","20101","4813"
"Carter, Oklahoma","40019","4812"
"Caldwell, Texas","48055","4810"
"Okeechobee, Florida","12093","4809"
"Sumter, Florida","12119","4808"
"Lake, Florida","12069","4808"
"Falls, Texas","48145","4808"
"Grayson, Texas","48181","4807"
"Brevard, Florida","12009","4807"
"Navarro, Texas","48349","4807"
"Grady, Oklahoma","40051","4806"
"Kaufman, Texas","48257","4804"
"Woods, Oklahoma","40151","4803"
"Blaine, Oklahoma","40011","4802"
"Cheyenne, Colorado","8017","4802"
"Yolo, California","6113","4800"
"Wallace, Kansas","20199","4797"
"Indian River, Florida","12061","4797"
"Kiowa, Kansas","20097","4796"
"Volusia, Florida","12127","4795"
"Sevier, Utah","49041","4794"
"Plumas, California","6063","4794"
"Palm Beach, Florida","12099","4793"
"Citrus, Florida","12017","4793"
"Major, Oklahoma","40093","4791"
"Marshall, Oklahoma","40095","4789"
"Eureka, Nevada","32011","4789"
"Logan, Kansas","20109","4788"
"Butte, California","6007","4786"
"St. Lucie, Florida","12111","4785"
"Hidalgo, Texas","48215","4782"
"Martin, Florida","12085","4782"
"Ness, Kansas","20135","4782"
"Limestone, Texas","48293","4782"
"Duval, Texas","48131","4781"
"Garvin, Oklahoma","40049","4780"
"Canadian, Oklahoma","40017","4780"
"Edwards, Kansas","20047","4777"
"Hunt, Texas","48231","4777"
"Milam, Texas","48331","4775"
"Bastrop, Texas","48021","4773"
"Murray, Oklahoma","40099","4773"
"Chaffee, Colorado","8015","4770"
"McClain, Oklahoma","40087","4769"
"Lassen, California","6035","4766"
"Marion, Florida","12083","4765"
"Gove, Kansas","20063","4763"
"Fannin, Texas","48147","4761"
"Karnes, Texas","48255","4760"
"Flagler, Florida","12035","4757"
"Van Zandt, Texas","48467","4757"
"Rains, Texas","48379","4755"
"Kingfisher, Oklahoma","40073","4755"
"Lincoln, Colorado","8073","4755"
"Johnston, Oklahoma","40069","4755"
"Bryan, Oklahoma","40013","4753"
"Barber, Kansas","20007","4753"
"Live Oak, Texas","48297","4752"
"Gonzales, Texas","48177","4752"
"Henderson, Texas","48213","4751"
"Uintah, Utah","49047","4750"
"Freestone, Texas","48161","4749"
"Levy, Florida","12075","4747"
"Pawnee, Kansas","20145","4746"
"Alfalfa, Oklahoma","40003","4745"
"Garfield, Colorado","8045","4744"
"Brooks, Texas","48047","4743"
"Cleveland, Oklahoma","40027","4743"
"El Paso, Colorado","8041","4738"
"Cameron, Texas","48061","4736"
"Delta, Texas","48119","4734"
"Juab, Utah","49023","4733"
"Hopkins, Texas","48223","4731"
"Sherman, Kansas","20181","4731"
"San Mateo, California","6081","4729"
"Trego, Kansas","20195","4728"
"Carbon, Utah","49007","4728"
"Robertson, Texas","48395","4728"
"Lee, Texas","48287","4728"
"Pratt, Kansas","20151","4725"
"Putnam, Florida","12107","4725"
"Kit Carson, Colorado","8063","4724"
"Oklahoma, Oklahoma","40109","4724"
"Rio Blanco, Colorado","8103","4724"
"Rush, Kansas","20165","4723"
"Dixie, Florida","12029","4723"
"Pontotoc, Oklahoma","40123","4721"
"Wood, Texas","48499","4720"
"Thomas, Kansas","20193","4719"
"Willacy, Texas","48489","4715"
"Sanpete, Utah","49039","4714"
"Lamar, Texas","48277","4714"
"Anderson, Texas","48001","4712"
"Alachua, Florida","12001","4709"
"Gilchrist, Florida","12041","4709"
"Jim Wells, Texas","48249","4707"
"Coal, Oklahoma","40029","4707"
"Smith, Texas","48423","4706"
"Pottawatomie, Oklahoma","40125","4705"
"Atoka, Oklahoma","40005","4703"
"Franklin, Texas","48159","4703"
"Garfield, Oklahoma","40047","4702"
"Franklin, Florida","12037","4701"
"Logan, Oklahoma","40083","4701"
"Sheridan, Kansas","20179","4699"
"Taylor, Florida","12123","4699"
"Wakulla, Florida","12129","4698"
"St. Johns, Florida","12109","4697"
"San Francisco, California","6075","4697"
"Stafford, Kansas","20185","4696"
"Leon, Texas","48289","4696"
"Choctaw, Oklahoma","40023","4695"
"Lafayette, Florida","12067","4694"
"DeWitt, Texas","48123","4689"
"Camp, Texas","48063","4689"
"Liberty, Florida","12077","4688"
"Pitkin, Colorado","8097","4688"
"Burleson, Texas","48051","4687"
"Leon, Florida","12073","4686"
"Upshur, Texas","48459","4686"
"Gulf, Florida","12045","4686"
"Titus, Texas","48449","4684"
"Ellis, Kansas","20051","4684"
"Bee, Texas","48025","4683"
"Jefferson, Florida","12065","4683"
"Cherokee, Texas","48073","4681"
"Fayette, Texas","48149","4681"
"Gadsden, Florida","12039","4679"
"Harper, Kansas","20077","4678"
"Modoc, California","6049","4678"
"Kenedy, Texas","48261","4678"
"Gregg, Texas","48183","4678"
"Red River, Texas","48387","4677"
"Seminole, Oklahoma","40133","4676"
"Calhoun, Florida","12013","4675"
"Bradford, Florida","12007","4675"
"Grant, Oklahoma","40053","4674"
"Graham, Kansas","20065","4673"
"Decatur, Georgia","13087","4673"
"Suwannee, Florida","12121","4673"
"Seminole, Georgia","13253","4672"
"Madison, Florida","12079","4672"
"Clay, Florida","12019","4672"
"Napa, California","6055","4671"
"Grady, Georgia","13131","4669"
"Cheyenne, Kansas","20023","4669"
"Morris, Texas","48343","4669"
"Teller, Colorado","8119","4669"
"Union, Florida","12125","4668"
"Miller, Georgia","13201","4667"
"Jackson, Florida","12063","4667"
"Rusk, Texas","48401","4667"
"Colusa, California","6011","4664"
"Barton, Kansas","20009","4664"
"Thomas, Georgia","13275","4663"
"Baker, Georgia","13007","4662"
"Early, Georgia","13099","4662"
"Bay, Florida","12005","4660"
"Columbia, Florida","12023","4659"
"Moffat, Colorado","8081","4659"
"Mitchell, Georgia","13205","4659"
"Houston, Alabama","1069","4658"
"Brazos, Texas","48041","4657"
"Calhoun, Georgia","13037","4657"
"Humboldt, Nevada","32013","4657"
"Goliad, Texas","48175","4656"
"Houston, Texas","48225","4656"
"Hughes, Oklahoma","40063","4656"
"Elbert, Colorado","8039","4656"
"Rawlins, Kansas","20153","4656"
"Lincoln, Oklahoma","40081","4655"
"Clay, Georgia","13061","4655"
"Kingman, Kansas","20095","4655"
"Brooks, Georgia","13027","4655"
"Washington, Florida","12133","4652"
"Henry, Alabama","1067","4652"
"Dougherty, Georgia","13095","4652"
"Madison, Texas","48313","4651"
"Hamilton, Florida","12047","4650"
"Randolph, Georgia","13243","4649"
"Marion, Texas","48315","4649"
"Quitman, Georgia","13239","4649"
"Harrison, Texas","48203","4649"
"Nacogdoches, Texas","48347","4648"
"Pushmataha, Oklahoma","40127","4647"
"Colquitt, Georgia","13071","4647"
"Terrell, Georgia","13273","4647"
"Kleberg, Texas","48273","4646"
"Panola, Texas","48365","4645"
"Cass, Texas","48067","4644"
"Lowndes, Georgia","13185","4644"
"Dale, Alabama","1045","4644"
"Lee, Georgia","13177","4643"
"Bowie, Texas","48037","4642"
"Barbour, Alabama","1005","4642"
"Holmes, Florida","12059","4642"
"Stewart, Georgia","13259","4641"
"Park, Colorado","8093","4641"
"Lavaca, Texas","48285","4641"
"Worth, Georgia","13321","4639"
"Webster, Georgia","13307","4639"
"Baker, Florida","12003","4639"
"Decatur, Kansas","20039","4638"
"Cook, Georgia","13075","4638"
"Geneva, Alabama","1061","4638"
"Tooele, Utah","49045","4637"
"Rooks, Kansas","20163","4637"
"Echols, Georgia","13101","4636"
"Duval, Florida","12031","4635"
"Utah, Utah","49049","4635"
"Sumter, Georgia","13261","4635"
"Chattahoochee, Georgia","13053","4635"
"Russell, Alabama","1113","4635"
"Shelby, Texas","48419","4634"
"Noble, Oklahoma","40103","4634"
"Duchesne, Utah","49013","4633"
"Pittsburg, Oklahoma","40121","4632"
"Payne, Oklahoma","40119","4631"
"Angelina, Texas","48005","4631"
"Tift, Georgia","13277","4631"
"McCurtain, Oklahoma","40089","4631"
"Schley, Georgia","13249","4630"
"Yuma, Colorado","8125","4630"
"Russell, Kansas","20167","4630"
"Muscogee, Georgia","13215","4629"
"Bullock, Alabama","1011","4629"
"Crisp, Georgia","13081","4628"
"Coffee, Alabama","1031","4628"
"Marion, Georgia","13197","4628"
"Lanier, Georgia","13173","4628"
"Berrien, Georgia","13019","4627"
"Turner, Georgia","13287","4627"
"Pike, Alabama","1109","4626"
"Lake, Colorado","8065","4625"
"Nueces, Texas","48355","4625"
"San Augustine, Texas","48405","4625"
"Macon, Georgia","13193","4624"
"Little River, Arkansas","5081","4624"
"Dooly, Georgia","13093","4623"
"Caddo, Louisiana","22017","4622"
"Walton, Florida","12131","4621"
"Washington, Texas","48477","4621"
"Okfuskee, Oklahoma","40107","4621"
"Douglas, Colorado","8035","4621"
"Taylor, Georgia","13269","4621"
"Trinity, Texas","48455","4621"
"Clinch, Georgia","13065","4620"
"Reno, Kansas","20155","4620"
"Macon, Alabama","1087","4620"
"Irwin, Georgia","13155","4619"
"Daggett, Utah","49009","4619"
"De Soto, Louisiana","22031","4618"
"Talbot, Georgia","13263","4617"
"Wilcox, Georgia","13315","4617"
"Sabine, Texas","48403","4616"
"Norton, Kansas","20137","4616"
"San Patricio, Texas","48409","4615"
"Ben Hill, Georgia","13017","4615"
"Miller, Arkansas","5091","4615"
"Atkinson, Georgia","13003","4614"
"Pulaski, Georgia","13235","4614"
"Crawford, Georgia","13079","4613"
"Sevier, Arkansas","5133","4612"
"Peach, Georgia","13225","4612"
"Houston, Georgia","13153","4612"
"Sabine, Louisiana","22085","4611"
"Nassau, Florida","12089","4611"
"Dundy, Nebraska","31057","4610"
"Bossier, Louisiana","22015","4610"
"Montgomery, Alabama","1101","4610"
"Harris, Georgia","13145","4610"
"Eagle, Colorado","8037","4609"
"Washington, Colorado","8121","4609"
"Lee, Alabama","1081","4609"
"Upson, Georgia","13293","4609"
"Arapahoe, Colorado","8005","4608"
"Beaufort, South Carolina","45013","4608"
"Coffee, Georgia","13069","4608"
"Charlton, Georgia","13049","4607"
"Crenshaw, Alabama","1041","4607"
"Chatham, Georgia","13051","4607"
"Ware, Georgia","13299","4607"
"Rice, Kansas","20159","4606"
"Dodge, Georgia","13091","4606"
"Telfair, Georgia","13271","4606"
"Bibb, Georgia","13021","4606"
"Red River, Louisiana","22081","4606"
"Bleckley, Georgia","13023","4604"
"Monroe, Georgia","13207","4603"
"Lafayette, Arkansas","5073","4603"
"Latimer, Oklahoma","40077","4603"
"Jasper, South Carolina","45053","4602"
"McIntosh, Georgia","13191","4601"
"Charleston, South Carolina","45019","4601"
"Twiggs, Georgia","13289","4601"
"Victoria, Texas","48469","4601"
"Bryan, Georgia","13029","4601"
"Camden, Georgia","13039","4600"
"Webster, Louisiana","22119","4600"
"Lamar, Georgia","13171","4600"
"Liberty, Georgia","13179","4600"
"Natchitoches, Louisiana","22069","4599"
"Pike, Georgia","13231","4599"
"Wheeler, Georgia","13309","4599"
"Glynn, Georgia","13127","4599"
"Jeff Davis, Georgia","13161","4599"
"Grimes, Texas","48185","4598"
"Effingham, Georgia","13103","4598"
"Newton, Texas","48351","4598"
"Bacon, Georgia","13005","4598"
"Hitchcock, Nebraska","31087","4598"
"Laurens, Georgia","13175","4597"
"Beauregard, Louisiana","22011","4597"
"Covington, Alabama","1039","4597"
"Meriwether, Georgia","13199","4596"
"Vernon, Louisiana","22115","4596"
"Pierce, Georgia","13229","4596"
"Wilkinson, Georgia","13319","4596"
"Brantley, Georgia","13025","4595"
"Jones, Georgia","13169","4595"
"Marin, California","6041","4595"
"Sumner, Kansas","20191","4595"
"Denver, Colorado","8031","4595"
"Montgomery, Georgia","13209","4595"
"Long, Georgia","13183","4595"
"Appling, Georgia","13001","4595"
"Bienville, Louisiana","22013","4594"
"Jasper, Texas","48241","4594"
"Hempstead, Arkansas","5057","4593"
"Wayne, Georgia","13305","4593"
"Colleton, South Carolina","45029","4593"
"Toombs, Georgia","13279","4593"
"Tattnall, Georgia","13267","4592"
"Butts, Georgia","13035","4592"
"Treutlen, Georgia","13283","4592"
"Evans, Georgia","13109","4592"
"Howard, Arkansas","5061","4591"
"Spalding, Georgia","13255","4591"
"Bulloch, Georgia","13031","4591"
"Colorado, Texas","48089","4590"
"Sharkey, Mississippi","28125","4590"
"Osborne, Kansas","20141","4590"
"Baldwin, Georgia","13009","4590"
"Troup, Georgia","13285","4590"
"Columbia, Arkansas","5027","4590"
"Hampton, South Carolina","45049","4590"
"Calcasieu, Louisiana","22019","4589"
"Issaquena, Mississippi","28055","4589"
"Tyler, Texas","48457","4589"
"Candler, Georgia","13043","4589"
"Walker, Texas","48471","4589"
"Claiborne, Louisiana","22027","4589"
"Adams, Colorado","8001","4588"
"Johnson, Georgia","13167","4588"
"Kay, Oklahoma","40071","4588"
"Phillips, Kansas","20147","4588"
"Elmore, Alabama","1051","4588"
"Refugio, Texas","48391","4588"
"Jasper, Georgia","13159","4587"
"Dorchester, South Carolina","45035","4587"
"Emanuel, Georgia","13107","4587"
"East Carroll, Louisiana","22035","4587"
"Okaloosa, Florida","12091","4587"
"Lincoln, Louisiana","22061","4586"
"Winn, Louisiana","22127","4586"
"Humphreys, Mississippi","28053","4586"
"Yazoo, Mississippi","28163","4586"
"Jefferson, Colorado","8059","4585"
"West Carroll, Louisiana","22123","4585"
"Allen, Louisiana","22003","4585"
"Screven, Georgia","13251","4585"
"Berkeley, South Carolina","45015","4585"
"Washington, Georgia","13303","4584"
"Jackson, Louisiana","22049","4584"
"McIntosh, Oklahoma","40091","4584"
"Chambers, Alabama","1017","4584"
"Washington, Mississippi","28151","4584"
"Putnam, Georgia","13237","4583"
"Ouachita, Louisiana","22073","4583"
"Polk, Texas","48373","4583"
"Morehouse, Louisiana","22067","4583"
"Madison, Louisiana","22065","4583"
"Nevada, Arkansas","5099","4583"
"Union, Louisiana","22111","4583"
"Warren, Mississippi","28149","4583"
"Richland, Louisiana","22083","4582"
"Jenkins, Georgia","13165","4582"
"Chicot, Arkansas","5017","4582"
"Lowndes, Alabama","1085","4582"
"Red Willow, Nebraska","31145","4582"
"Grant, Louisiana","22043","4582"
"Union, Arkansas","5139","4581"
"Ellsworth, Kansas","20053","4581"
"Jefferson Davis, Louisiana","22053","4581"
"Creek, Oklahoma","40037","4580"
"Henry, Georgia","13151","4580"
"Butler, Alabama","1013","4579"
"Hinds, Mississippi","28049","4579"
"Allendale, South Carolina","45005","4579"
"Ashley, Arkansas","5003","4579"
"Fayette, Georgia","13113","4578"
"Le Flore, Oklahoma","40079","4578"
"Caldwell, Louisiana","22021","4578"
"Jefferson, Georgia","13163","4577"
"Sweetwater, Wyoming","56037","4577"
"Pawnee, Oklahoma","40117","4577"
"Hancock, Georgia","13141","4577"
"Glenn, California","6021","4576"
"Rapides, Louisiana","22079","4576"
"Franklin, Louisiana","22041","4576"
"Ouachita, Arkansas","5103","4576"
"Sunflower, Mississippi","28133","4575"
"Haskell, Oklahoma","40061","4575"
"Wasatch, Utah","49051","4575"
"Burke, Georgia","13033","4574"
"Tallapoosa, Alabama","1123","4574"
"Okmulgee, Oklahoma","40111","4573"
"Coweta, Georgia","13077","4573"
"Madison, Mississippi","28089","4573"
"Leflore, Mississippi","28083","4572"
"Newton, Georgia","13217","4572"
"Glascock, Georgia","13125","4572"
"Tensas, Louisiana","22107","4572"
"Pike, Arkansas","5109","4572"
"Calhoun, Arkansas","5013","4571"
"La Salle, Louisiana","22059","4571"
"Georgetown, South Carolina","45043","4571"
"Cameron, Louisiana","22023","4571"
"Bradley, Arkansas","5011","4571"
"Holmes, Mississippi","28051","4571"
"Bamberg, South Carolina","45009","4571"
"Bolivar, Mississippi","28011","4570"
"Clayton, Georgia","13063","4570"
"Claiborne, Mississippi","28021","4569"
"Salt Lake, Utah","49035","4569"
"Austin, Texas","48015","4569"
"Drew, Arkansas","5043","4569"
"Polk, Arkansas","5113","4568"
"Morgan, Georgia","13211","4568"
"Desha, Arkansas","5041","4566"
"Clark, Arkansas","5019","4566"
"Warren, Georgia","13301","4565"
"Evangeline, Louisiana","22039","4565"
"Barnwell, South Carolina","45011","4565"
"Orange, Texas","48361","4565"
"Furnas, Nebraska","31065","4564"
"Greene, Georgia","13133","4564"
"Catahoula, Louisiana","22025","4564"
"Autauga, Alabama","1001","4563"
"Rockdale, Georgia","13247","4563"
"Morgan, Colorado","8087","4563"
"Williamsburg, South Carolina","45089","4563"
"Richmond, Georgia","13245","4563"
"Orangeburg, South Carolina","45075","4562"
"Rankin, Mississippi","28121","4562"
"Acadia, Louisiana","22001","4562"
"Tehama, California","6103","4561"
"Taliaferro, Georgia","13265","4561"
"McDuffie, Georgia","13189","4561"
"Heard, Georgia","13149","4560"
"Lincoln, Kansas","20105","4559"
"Copiah, Mississippi","28029","4559"
"Shasta, California","6089","4559"
"Clarendon, South Carolina","45027","4558"
"Columbia, Georgia","13073","4557"
"Cleveland, Arkansas","5025","4557"
"Sedgwick, Kansas","20173","4557"
"Dallas, Arkansas","5039","4557"
"Tallahatchie, Mississippi","28135","4557"
"Carroll, Mississippi","28015","4556"
"Lincoln, Arkansas","5079","4556"
"Aransas, Texas","48007","4556"
"Lake, Oregon","41037","4555"
"Jackson, Texas","48239","4555"
"Chase, Nebraska","31029","4554"
"Coahoma, Mississippi","28027","4554"
"Jefferson, Mississippi","28063","4554"
"Davis, Utah","49011","4553"
"Vermilion, Louisiana","22113","4552"
"San Jacinto, Texas","48407","4552"
"Concordia, Louisiana","22029","4552"
"Quitman, Mississippi","28119","4551"
"Santa Rosa, Florida","12113","4551"
"Avoyelles, Louisiana","22009","4551"
"Conecuh, Alabama","1035","4551"
"Scott, Arkansas","5127","4550"
"Hardin, Texas","48199","4550"
"Aiken, South Carolina","45003","4549"
"Calhoun, South Carolina","45017","4549"
"Walton, Georgia","13297","4549"
"Sebastian, Arkansas","5131","4548"
"Smith, Kansas","20183","4548"
"Muskogee, Oklahoma","40101","4548"
"Montgomery, Arkansas","5097","4548"
"Wilkes, Georgia","13317","4548"
"Phillips, Colorado","8095","4547"
"Arkansas, Arkansas","5001","4547"
"Lincoln, Georgia","13181","4547"
"Elko, Nevada","32007","4546"
"Oconee, Georgia","13219","4546"
"Grenada, Mississippi","28043","4546"
"Phillips, Arkansas","5107","4546"
"DeKalb, Georgia","13089","4546"
"Hot Spring, Arkansas","5059","4546"
"Coosa, Alabama","1037","4545"
"Simpson, Mississippi","28127","4545"
"Adams, Mississippi","28001","4544"
"Oglethorpe, Georgia","13221","4542"
"Jefferson, Arkansas","5069","4542"
"Harlan, Nebraska","31083","4541"
"Sumter, South Carolina","45085","4541"
"St. Landry, Louisiana","22097","4541"
"Grant, Arkansas","5053","4541"
"Lafayette, Louisiana","22055","4541"
"Attala, Mississippi","28007","4541"
"Dallas, Alabama","1047","4540"
"Horry, South Carolina","45051","4540"
"Florence, South Carolina","45041","4540"
"Routt, Colorado","8107","4540"
"Edgefield, South Carolina","45037","4540"
"Montgomery, Mississippi","28097","4539"
"McCormick, South Carolina","45065","4539"
"Randolph, Alabama","1111","4539"
"Hayes, Nebraska","31085","4539"
"Calhoun, Texas","48057","4538"
"Leake, Mississippi","28079","4538"
"Lincoln, Mississippi","28085","4537"
"Waller, Texas","48473","4537"
"Sequoyah, Oklahoma","40135","4537"
"Franklin, Mississippi","28037","4537"
"Lafourche, Louisiana","22057","4536"
"Tunica, Mississippi","28143","4536"
"Lawrence, Mississippi","28077","4536"
"Plaquemines, Louisiana","22075","4536"
"Jefferson, Louisiana","22051","4536"
"Yalobusha, Mississippi","28161","4535"
"Panola, Mississippi","28107","4535"
"Escambia, Alabama","1053","4535"
"Scott, Mississippi","28123","4535"
"Marion, South Carolina","45067","4535"
"St. Charles, Louisiana","22089","4534"
"Fulton, Georgia","13121","4534"
"Clarke, Georgia","13059","4534"
"Garland, Arkansas","5051","4533"
"Monroe, Arkansas","5095","4533"
"McPherson, Kansas","20113","4533"
"Terrebonne, Louisiana","22109","4533"
"Mitchell, Kansas","20123","4532"
"Uinta, Wyoming","56041","4532"
"Douglas, Georgia","13097","4531"
"Lee, Arkansas","5077","4530"
"Jefferson, Texas","48245","4530"
"Chilton, Alabama","1021","4529"
"Wilcox, Alabama","1131","4529"
"Lexington, South Carolina","45063","4529"
"Orleans, Louisiana","22071","4528"
"Iberia, Louisiana","22045","4528"
"Richland, South Carolina","45079","4528"
"Harvey, Kansas","20079","4527"
"Lee, South Carolina","45061","4527"
"Summit, Colorado","8117","4527"
"Yell, Arkansas","5149","4526"
"Carroll, Georgia","13045","4525"
"St. Bernard, Louisiana","22087","4525"
"St. Mary, Louisiana","22101","4525"
"Wilkinson, Mississippi","28157","4525"
"Tate, Mississippi","28137","4525"
"St. John the Baptist, Louisiana","22095","4524"
"Logan, Arkansas","5083","4524"
"Saluda, South Carolina","45081","4524"
"St. Martin, Louisiana","22099","4524"
"Jefferson Davis, Mississippi","28065","4524"
"Barrow, Georgia","13013","4524"
"Logan, Colorado","8075","4524"
"Tulsa, Oklahoma","40143","4523"
"Saline, Arkansas","5125","4522"
"Smith, Mississippi","28129","4522"
"Montgomery, Texas","48339","4522"
"Elbert, Georgia","13105","4522"
"Wharton, Texas","48481","4522"
"Pointe Coupee, Louisiana","22077","4522"
"Frontier, Nebraska","31063","4522"
"Pike, Mississippi","28113","4521"
"Prairie, Arkansas","5117","4521"
"Gwinnett, Georgia","13135","4521"
"Monroe, Alabama","1099","4520"
"Amite, Mississippi","28005","4520"
"Lonoke, Arkansas","5085","4520"
"St. Francis, Arkansas","5123","4519"
"Darlington, South Carolina","45031","4519"
"St. James, Louisiana","22093","4519"
"Wagoner, Oklahoma","40145","4518"
"Osage, Oklahoma","40113","4518"
"Greenwood, South Carolina","45047","4518"
"Calhoun, Mississippi","28013","4518"
"Clay, Alabama","1027","4518"
"Webster, Mississippi","28155","4518"
"Escambia, Florida","12033","4518"
"Assumption, Louisiana","22007","4518"
"Walthall, Mississippi","28147","4517"
"West Feliciana, Louisiana","22125","4517"
"St. Tammany, Louisiana","22103","4517"
"DeSoto, Mississippi","28033","4517"
"Choctaw, Mississippi","28019","4517"
"Franklin, Nebraska","31061","4516"
"Madison, Georgia","13195","4516"
"Pulaski, Arkansas","5119","4516"
"Tangipahoa, Louisiana","22105","4516"
"Marion, Mississippi","28091","4515"
"Dillon, South Carolina","45033","4515"
"Weld, Colorado","8123","4514"
"Lafayette, Mississippi","28071","4514"
"Perry, Arkansas","5105","4514"
"Perry, Alabama","1105","4513"
"Abbeville, South Carolina","45001","4513"
"Washington, Louisiana","22117","4513"
"Covington, Mississippi","28031","4513"
"Livingston, Louisiana","22063","4512"
"Brunswick, North Carolina","37019","4512"
"Saline, Kansas","20169","4511"
"Iberville, Louisiana","22047","4511"
"Summit, Utah","49043","4511"
"Cowley, Kansas","20035","4511"
"Ascension, Louisiana","22005","4511"
"Kershaw, South Carolina","45055","4511"
"Columbus, North Carolina","37047","4511"
"Sedgwick, Colorado","8115","4511"
"Gosper, Nebraska","31073","4510"
"St. Helena, Louisiana","22091","4510"
"Jackson, Georgia","13157","4509"
"Liberty, Texas","48291","4509"
"Crittenden, Arkansas","5035","4508"
"Sonoma, California","6097","4508"
"Newberry, South Carolina","45071","4508"
"Crawford, Arkansas","5033","4508"
"East Feliciana, Louisiana","22037","4507"
"Woodruff, Arkansas","5147","4507"
"Cobb, Georgia","13067","4507"
"Neshoba, Mississippi","28099","4506"
"West Baton Rouge, Louisiana","22121","4506"
"Franklin, Arkansas","5047","4505"
"Boulder, Colorado","8013","4505"
"Hancock, Mississippi","28045","4504"
"Winston, Mississippi","28159","4504"
"Cross, Arkansas","5037","4503"
"East Baton Rouge, Louisiana","22033","4503"
"Talladega, Alabama","1121","4503"
"Perkins, Nebraska","31135","4503"
"Marlboro, South Carolina","45069","4503"
"Fairfield, South Carolina","45039","4502"
"Pearl River, Mississippi","28109","4501"
"Newton, Mississippi","28101","4501"
"Oktibbeha, Mississippi","28105","4500"
"Shelby, Tennessee","47157","4499"
"Lamar, Mississippi","28073","4499"
"Cherokee, Oklahoma","40021","4499"
"Bibb, Alabama","1007","4499"
"Marshall, Mississippi","28093","4499"
"Faulkner, Arkansas","5045","4498"
"Morgan, Utah","49029","4497"
"Chickasaw, Mississippi","28017","4497"
"Jewell, Kansas","20089","4496"
"Phelps, Nebraska","31137","4496"
"Weber, Utah","49057","4496"
"Clay, Mississippi","28025","4495"
"Marengo, Alabama","1091","4495"
"White, Arkansas","5145","4495"
"Chesterfield, South Carolina","45025","4495"
"Conway, Arkansas","5029","4495"
"Robeson, North Carolina","37155","4494"
"Jasper, Mississippi","28061","4494"
"Pontotoc, Mississippi","28115","4493"
"Hale, Alabama","1065","4493"
"Baldwin, Alabama","1003","4492"
"Shelby, Alabama","1117","4492"
"Paulding, Georgia","13223","4492"
"Jones, Mississippi","28067","4491"
"Laurens, South Carolina","45059","4491"
"Hart, Georgia","13147","4491"
"Noxubee, Mississippi","28103","4489"
"New Hanover, North Carolina","37129","4489"
"Grand, Colorado","8049","4489"
"Forrest, Mississippi","28035","4488"
"Chambers, Texas","48071","4488"
"Clear Creek, Colorado","8019","4488"
"Adair, Oklahoma","40001","4488"
"Clarke, Alabama","1025","4488"
"Poinsett, Arkansas","5111","4487"
"Cleburne, Alabama","1029","4486"
"Harrison, Mississippi","28047","4486"
"Ottawa, Kansas","20143","4486"
"Kemper, Mississippi","28069","4485"
"Bladen, North Carolina","37017","4485"
"Haralson, Georgia","13143","4485"
"Gilpin, Colorado","8047","4485"
"Franklin, Georgia","13119","4484"
"Webster, Nebraska","31181","4484"
"Greene, Alabama","1063","4484"
"Pope, Arkansas","5115","4483"
"Lowndes, Mississippi","28087","4483"
"Jackson, Arkansas","5067","4483"
"Union, Mississippi","28145","4483"
"Scotland, North Carolina","37165","4483"
"Deuel, Nebraska","31049","4482"
"Johnson, Arkansas","5071","4482"
"Sumter, Alabama","1119","4482"
"Lancaster, South Carolina","45057","4482"
"Matagorda, Texas","48321","4481"
"Box Elder, Utah","49003","4481"
"Harney, Oregon","41025","4481"
"Rogers, Oklahoma","40131","4481"
"Chester, South Carolina","45023","4480"
"Fort Bend, Texas","48157","4480"
"Stone, Mississippi","28131","4480"
"Benton, Mississippi","28009","4479"
"Kearney, Nebraska","31099","4478"
"Lauderdale, Mississippi","28075","4478"
"Banks, Georgia","13011","4478"
"Fayette, Tennessee","47047","4477"
"Perry, Mississippi","28111","4477"
"Union, South Carolina","45087","4477"
"Anderson, South Carolina","45007","4476"
"Choctaw, Alabama","1023","4476"
"Clarke, Mississippi","28023","4475"
"Monroe, Mississippi","28095","4475"
"Harris, Texas","48201","4475"
"Lee, Mississippi","28081","4474"
"Tipton, Tennessee","47167","4474"
"Forsyth, Georgia","13117","4474"
"Pickens, Alabama","1107","4474"
"Mayes, Oklahoma","40097","4473"
"Anson, North Carolina","37007","4472"
"Carbon, Wyoming","56007","4472"
"Tuscaloosa, Alabama","1125","4471"
"Butler, Kansas","20015","4471"
"Wayne, Mississippi","28153","4471"
"Washington, Oklahoma","40147","4471"
"Richmond, North Carolina","37153","4471"
"Jackson, Mississippi","28059","4471"
"Washington, Alabama","1129","4470"
"Pender, North Carolina","37141","4470"
"Cleburne, Arkansas","5023","4469"
"Craighead, Arkansas","5031","4469"
"Independence, Arkansas","5063","4469"
"Hall, Georgia","13139","4469"
"Hoke, North Carolina","37093","4468"
"Mississippi, Arkansas","5093","4467"
"Cheyenne, Nebraska","31033","4467"
"Mobile, Alabama","1097","4466"
"Calhoun, Alabama","1015","4466"
"Tippah, Mississippi","28139","4465"
"Marion, Kansas","20115","4465"
"Greene, Mississippi","28041","4465"
"Chautauqua, Kansas","20019","4464"
"George, Mississippi","28039","4464"
"Lake, California","6033","4463"
"Polk, Georgia","13233","4462"
"Van Buren, Arkansas","5141","4462"
"Union, North Carolina","37179","4461"
"Rich, Utah","49033","4461"
"Cumberland, North Carolina","37051","4461"
"Washington, Arkansas","5143","4461"
"Dawson, Nebraska","31047","4460"
"Cloud, Kansas","20029","4460"
"Lamar, Alabama","1075","4459"
"Keith, Nebraska","31101","4458"
"Cherokee, Georgia","13057","4457"
"Itawamba, Mississippi","28057","4456"
"Lawrence, Arkansas","5075","4456"
"Jefferson, Alabama","1073","4456"
"Kimball, Nebraska","31105","4455"
"St. Clair, Alabama","1115","4454"
"Hardeman, Tennessee","47069","4453"
"Stephens, Georgia","13257","4453"
"Lauderdale, Tennessee","47097","4453"
"Fremont, Wyoming","56013","4453"
"Galveston, Texas","48167","4453"
"Prentiss, Mississippi","28117","4452"
"York, South Carolina","45091","4452"
"Adams, Nebraska","31001","4452"
"Brazoria, Texas","48039","4451"
"Sampson, North Carolina","37163","4451"
"Jackson, Colorado","8057","4451"
"Lincoln, Nebraska","31111","4451"
"Haywood, Tennessee","47075","4450"
"Fayette, Alabama","1057","4449"
"Stone, Arkansas","5137","4449"
"Delaware, Oklahoma","40041","4448"
"Nowata, Oklahoma","40105","4448"
"Greene, Arkansas","5055","4447"
"Moore, North Carolina","37125","4447"
"Klamath, Oregon","41035","4447"
"Nuckolls, Nebraska","31129","4446"
"Dickinson, Kansas","20041","4445"
"Buffalo, Nebraska","31019","4445"
"Izard, Arkansas","5065","4444"
"Bartow, Georgia","13015","4444"
"Alcorn, Mississippi","28003","4444"
"Searcy, Arkansas","5129","4443"
"Owyhee, Idaho","16073","4443"
"Sharp, Arkansas","5135","4442"
"Montgomery, North Carolina","37123","4442"
"Elk, Kansas","20049","4440"
"Stanly, North Carolina","37167","4439"
"Larimer, Colorado","8069","4439"
"Walker, Alabama","1127","4439"
"Madison, Arkansas","5087","4439"
"Duplin, North Carolina","37061","4438"
"Harnett, North Carolina","37085","4438"
"Newton, Arkansas","5101","4438"
"Spartanburg, South Carolina","45083","4438"
"Benton, Arkansas","5007","4437"
"Cache, Utah","49005","4436"
"Lee, North Carolina","37105","4436"
"Randolph, Arkansas","5121","4434"
"Banner, Nebraska","31007","4434"
"Cherokee, South Carolina","45021","4434"
"Republic, Kansas","20157","4433"
"Craig, Oklahoma","40035","4433"
"Marion, Alabama","1093","4432"
"Marion, Arkansas","5089","4432"
"Baxter, Arkansas","5005","4432"
"Mecklenburg, North Carolina","37119","4431"
"McNairy, Tennessee","47109","4431"
"Onslow, North Carolina","37133","4430"
"Lincoln, Wyoming","56023","4430"
"Dunklin, Missouri","29069","4430"
"Crockett, Tennessee","47033","4429"
"Tishomingo, Mississippi","28141","4429"
"Morrill, Nebraska","31123","4428"
"Montgomery, Kansas","20125","4427"
"Clay, Arkansas","5021","4427"
"Pemiscot, Missouri","29155","4427"
"Fulton, Arkansas","5049","4426"
"Scotts Bluff, Nebraska","31157","4426"
"Dawson, Georgia","13085","4426"
"Dyer, Tennessee","47045","4425"
"Greenville, South Carolina","45045","4424"
"Garden, Nebraska","31069","4424"
"Boone, Arkansas","5009","4424"
"Cabarrus, North Carolina","37025","4424"
"Madison, Tennessee","47113","4424"
"Oconee, South Carolina","45073","4423"
"Etowah, Alabama","1055","4422"
"Laramie, Wyoming","56021","4422"
"Floyd, Georgia","13115","4422"
"Chester, Tennessee","47023","4422"
"Chatham, North Carolina","37037","4422"
"Carroll, Arkansas","5015","4422"
"Sublette, Wyoming","56035","4421"
"Malheur, Oregon","41045","4420"
"Hall, Nebraska","31079","4420"
"McDonald, Missouri","29119","4419"
"Cherokee, Alabama","1019","4419"
"Ottawa, Oklahoma","40115","4418"
"Clay, Nebraska","31035","4418"
"Habersham, Georgia","13137","4417"
"Blount, Alabama","1009","4416"
"Clay, Kansas","20027","4415"
"Franklin, Alabama","1059","4415"
"Gaston, North Carolina","37071","4414"
"Canyon, Idaho","16027","4414"
"Pickens, South Carolina","45077","4414"
"Randolph, North Carolina","37151","4413"
"Chase, Kansas","20017","4413"
"Ada, Idaho","16001","4413"
"Johnston, North Carolina","37101","4413"
"Winston, Alabama","1133","4411"
"Greenwood, Kansas","20073","4411"
"Taney, Missouri","29213","4409"
"Hardin, Tennessee","47071","4409"
"Pickens, Georgia","13227","4409"
"Ozark, Missouri","29153","4409"
"Wayne, North Carolina","37191","4409"
"Lake, Tennessee","47095","4408"
"Colbert, Alabama","1033","4408"
"Gibson, Tennessee","47053","4407"
"Ripley, Missouri","29181","4407"
"Arthur, Nebraska","31005","4407"
"Wake, North Carolina","37183","4406"
"Twin Falls, Idaho","16083","4406"
"Oregon, Missouri","29149","4405"
"Lumpkin, Georgia","13187","4405"
"Labette, Kansas","20099","4405"
"Durham, North Carolina","37063","4404"
"Alamance, North Carolina","37001","4403"
"Jones, North Carolina","37103","4403"
"Thayer, Nebraska","31169","4402"
"Franklin, Idaho","16041","4402"
"Cullman, Alabama","1043","4402"
"Wilson, Kansas","20205","4402"
"Orange, North Carolina","37135","4402"
"Sherman, Nebraska","31163","4401"
"Lenoir, North Carolina","37107","4401"
"Barry, Missouri","29009","4401"
"Stone, Missouri","29209","4400"
"Butler, Missouri","29023","4400"
"White, Georgia","13311","4400"
"Goshen, Wyoming","56015","4399"
"Newton, Missouri","29145","4398"
"Rowan, North Carolina","37159","4397"
"Gordon, Georgia","13129","4397"
"Henderson, Tennessee","47077","4397"
"Howell, Missouri","29091","4395"
"Cherokee, Kansas","20021","4395"
"Platte, Wyoming","56031","4394"
"Morris, Kansas","20127","4394"
"Davidson, North Carolina","37057","4393"
"Bear Lake, Idaho","16007","4393"
"Crook, Oregon","41013","4393"
"New Madrid, Missouri","29143","4393"
"Cleveland, North Carolina","37045","4393"
"Person, North Carolina","37145","4392"
"Caswell, North Carolina","37033","4392"
"Obion, Tennessee","47131","4392"
"Geary, Kansas","20061","4391"
"Custer, Nebraska","31041","4391"
"Lauderdale, Alabama","1077","4391"
"Lawrence, Alabama","1079","4391"
"Natrona, Wyoming","56025","4391"
"McPherson, Nebraska","31117","4390"
"Douglas, Missouri","29067","4388"
"Albany, Wyoming","56001","4387"
"Lincoln, North Carolina","37109","4387"
"Howard, Nebraska","31093","4387"
"Hamilton, Nebraska","31081","4386"
"Guilford, North Carolina","37081","4386"
"Decatur, Tennessee","47039","4386"
"Danville, Virginia","51590","4386"
"Granville, North Carolina","37077","4385"
"Carteret, North Carolina","37031","4385"
"Hot Springs, Wyoming","56017","4384"
"Jasper, Missouri","29097","4383"
"Carroll, Tennessee","47017","4383"
"Greene, North Carolina","37079","4383"
"Christian, Missouri","29043","4383"
"Carter, Missouri","29035","4383"
"Halifax, Virginia","51083","4382"
"Neosho, Kansas","20133","4381"
"Oneida, Idaho","16071","4380"
"Morgan, Alabama","1103","4380"
"Wilson, North Carolina","37195","4380"
"Craven, North Carolina","37049","4380"
"Fulton, Kentucky","21075","4379"
"Wayne, Tennessee","47181","4379"
"Box Butte, Nebraska","31013","4379"
"Jerome, Idaho","16053","4379"
"Stoddard, Missouri","29207","4379"
"Lawrence, Missouri","29109","4378"
"Woodson, Kansas","20207","4378"
"Logan, Nebraska","31113","4378"
"Weakley, Tennessee","47183","4377"
"Marshall, Alabama","1095","4377"
"Washington, Kansas","20201","4376"
"Chattooga, Georgia","13055","4376"
"Fillmore, Nebraska","31059","4375"
"Franklin, North Carolina","37069","4375"
"Crawford, Kansas","20037","4373"
"Cassia, Idaho","16031","4372"
"Riley, Kansas","20161","4372"
"Gooding, Idaho","16047","4371"
"Shannon, Missouri","29203","4370"
"Grant, Nebraska","31075","4370"
"Rockingham, North Carolina","37157","4369"
"Greene, Missouri","29077","4369"
"Vance, North Carolina","37181","4369"
"Polk, North Carolina","37149","4368"
"Perry, Tennessee","47135","4368"
"Davie, North Carolina","37059","4367"
"Pittsylvania, Virginia","51143","4367"
"Barton, Missouri","29011","4367"
"Lyon, Kansas","20111","4367"
"Wright, Missouri","29229","4367"
"Dade, Missouri","29057","4366"
"Limestone, Alabama","1083","4366"
"Nash, North Carolina","37127","4365"
"Wayne, Missouri","29223","4365"
"Sioux, Nebraska","31165","4364"
"Merrick, Nebraska","31121","4364"
"Webster, Missouri","29225","4364"
"Mississippi, Missouri","29133","4364"
"Texas, Missouri","29215","4363"
"Hickman, Kentucky","21105","4362"
"Valley, Nebraska","31175","4362"
"Rutherford, North Carolina","37161","4362"
"Pamlico, North Carolina","37137","4362"
"Catawba, North Carolina","37035","4361"
"Iredell, North Carolina","37097","4361"
"Lawrence, Tennessee","47099","4360"
"Allen, Kansas","20001","4360"
"Polk, Missouri","29167","4359"
"Laclede, Missouri","29105","4358"
"Benton, Tennessee","47005","4358"
"Forsyth, North Carolina","37067","4358"
"DeKalb, Alabama","1049","4358"
"Pitt, North Carolina","37147","4357"
"Dallas, Missouri","29059","4357"
"Cedar, Missouri","29039","4357"
"Rabun, Georgia","13241","4357"
"Hooker, Nebraska","31091","4356"
"Gilmer, Georgia","13123","4356"
"Coffey, Kansas","20031","4355"
"Jefferson, Nebraska","31095","4355"
"Bourbon, Kansas","20011","4354"
"Pulaski, Missouri","29169","4354"
"Scott, Missouri","29201","4354"
"Henry, Tennessee","47079","4353"
"Charlotte, Virginia","51037","4353"
"Camden, Missouri","29029","4353"
"Vernon, Missouri","29217","4353"
"Madison, Alabama","1089","4352"
"Mecklenburg, Virginia","51117","4352"
"Payette, Idaho","16075","4351"
"Siskiyou, California","6093","4350"
"Hickory, Missouri","29085","4350"
"Miller, Missouri","29131","4349"
"Lewis, Tennessee","47101","4349"
"Campbell, Virginia","51031","4348"
"Carlisle, Kentucky","21039","4348"
"Reynolds, Missouri","29179","4348"
"York, Nebraska","31185","4348"
"Dawes, Nebraska","31045","4347"
"Giles, Tennessee","47055","4347"
"Warren, North Carolina","37185","4346"
"St. Clair, Missouri","29185","4346"
"Thomas, Nebraska","31171","4346"
"Greeley, Nebraska","31077","4346"
"Edgecombe, North Carolina","37065","4345"
"Murray, Georgia","13213","4344"
"Graves, Kentucky","21083","4343"
"Dent, Missouri","29065","4342"
"Humphreys, Tennessee","47085","4342"
"Sheridan, Nebraska","31161","4342"
"Phelps, Missouri","29161","4342"
"Wabaunsee, Kansas","20197","4341"
"Washakie, Wyoming","56043","4341"
"Anderson, Kansas","20003","4340"
"Union, Georgia","13291","4340"
"Benton, Missouri","29015","4340"
"Blaine, Nebraska","31009","4339"
"Converse, Wyoming","56009","4339"
"Cole, Missouri","29051","4339"
"Morgan, Missouri","29141","4338"
"Caribou, Idaho","16029","4338"
"Nance, Nebraska","31125","4338"
"Hickman, Tennessee","47081","4338"
"Maries, Missouri","29125","4337"
"Bollinger, Missouri","29017","4337"
"Martinsville, Virginia","51690","4337"
"Bannock, Idaho","16005","4336"
"Beaufort, North Carolina","37013","4336"
"Alexander, Illinois","17003","4335"
"Ballard, Kentucky","21007","4335"
"Linn, Kansas","20107","4335"
"Henry, Virginia","51089","4335"
"Whitfield, Georgia","13313","4335"
"Minidoka, Idaho","16067","4334"
"Moniteau, Missouri","29135","4333"
"Bates, Missouri","29013","4333"
"Deschutes, Oregon","41017","4332"
"Calloway, Kentucky","21035","4332"
"Loup, Nebraska","31115","4332"
"Henry, Missouri","29083","4332"
"Lincoln, Tennessee","47103","4331"
"Pottawatomie, Kansas","20149","4331"
"Towns, Georgia","13281","4331"
"Elmore, Idaho","16039","4331"
"Stokes, North Carolina","37169","4330"
"Osage, Kansas","20139","4330"
"Saline, Nebraska","31151","4330"
"Power, Idaho","16077","4329"
"Maury, Tennessee","47119","4329"
"Yadkin, North Carolina","37197","4328"
"Jackson, Alabama","1071","4328"
"Walker, Georgia","13295","4328"
"Niobrara, Wyoming","56027","4328"
"Cape Girardeau, Missouri","29031","4328"
"Pulaski, Illinois","17153","4328"
"Lincoln, Idaho","16063","4327"
"Madison, Missouri","29123","4327"
"Osage, Missouri","29151","4327"
"Houston, Tennessee","47083","4325"
"Iron, Missouri","29093","4325"
"McCracken, Kentucky","21145","4325"
"Fannin, Georgia","13111","4324"
"Cooper, Missouri","29053","4323"
"Lunenburg, Virginia","51111","4323"
"Halifax, North Carolina","37083","4323"
"Garfield, Nebraska","31071","4322"
"Marshall, Kansas","20117","4322"
"Pettis, Missouri","29159","4322"
"Franklin, Kansas","20059","4322"
"Alexander, North Carolina","37003","4321"
"Marshall, Tennessee","47117","4321"
"Crawford, Missouri","29055","4321"
"Polk, Nebraska","31143","4321"
"Appomattox, Virginia","51011","4320"
"Marshall, Kentucky","21157","4320"
"Fall River, South Dakota","46047","4320"
"Martin, North Carolina","37117","4319"
"Prince Edward, Virginia","51147","4319"
"Lynchburg, Virginia","51680","4319"
"Stewart, Tennessee","47161","4319"
"Miami, Kansas","20121","4316"
"Johnson, Missouri","29101","4315"
"Massac, Illinois","17127","4313"
"Cass, Missouri","29037","4313"
"Shawnee, Kansas","20177","4312"
"Dickson, Tennessee","47043","4311"
"Catoosa, Georgia","13047","4311"
"Gasconade, Missouri","29073","4309"
"Boone, Missouri","29019","4309"
"Union, Illinois","17181","4309"
"Henderson, North Carolina","37089","4309"
"Boone, Nebraska","31011","4308"
"Burke, North Carolina","37023","4307"
"Wheeler, Nebraska","31183","4307"
"Callaway, Missouri","29027","4307"
"Transylvania, North Carolina","37175","4306"
"Wheeler, Oregon","41069","4306"
"Moore, Tennessee","47127","4306"
"Douglas, Kansas","20045","4305"
"Gem, Idaho","16045","4305"
"Gage, Nebraska","31067","4304"
"Perry, Missouri","29157","4304"
"Howard, Missouri","29089","4304"
"Cherry, Nebraska","31031","4304"
"Washington, Missouri","29221","4304"
"Clay, North Carolina","37043","4303"
"Saline, Missouri","29195","4303"
"Seward, Nebraska","31159","4303"
"Dade, Georgia","13083","4303"
"Trigg, Kentucky","21221","4303"
"Hyde, North Carolina","37095","4303"
"Lyon, Kentucky","21143","4301"
"Williamson, Tennessee","47187","4301"
"Brunswick, Virginia","51025","4301"
"St. Francois, Missouri","29187","4301"
"Lafayette, Missouri","29107","4300"
"Livingston, Kentucky","21139","4300"
"Jackson, Oregon","41029","4300"
"Johnson, Kansas","20091","4300"
"Bedford, Tennessee","47003","4300"
"Shannon, South Dakota","46113","4299"
"Johnson, Illinois","17087","4299"
"Bedford, Virginia","51515","4297"
"Jackson, Missouri","29095","4297"
"Montgomery, Tennessee","47125","4296"
"Franklin, Tennessee","47051","4295"
"Franklin, Virginia","51067","4294"
"Polk, Tennessee","47139","4294"
"Ste. Genevieve, Missouri","29186","4294"
"Bertie, North Carolina","37015","4293"
"Washington, North Carolina","37187","4293"
"Cherokee, North Carolina","37039","4293"
"Cheatham, Tennessee","47021","4293"
"Nottoway, Virginia","51135","4292"
"Jackson, Illinois","17077","4292"
"Jackson, Kansas","20085","4291"
"Franklin, Missouri","29071","4291"
"Wyandotte, Kansas","20209","4291"
"Northampton, North Carolina","37131","4291"
"Pope, Illinois","17151","4291"
"Bedford, Virginia","51019","4291"
"McDowell, North Carolina","37111","4290"
"Bingham, Idaho","16011","4288"
"Macon, North Carolina","37113","4288"
"Jefferson, Kansas","20087","4287"
"Leavenworth, Kansas","20103","4287"
"Surry, North Carolina","37171","4287"
"Bradley, Tennessee","47011","4287"
"Brown, Nebraska","31017","4287"
"Caldwell, North Carolina","37027","4285"
"Williamson, Illinois","17199","4284"
"Platte, Nebraska","31141","4284"
"Davidson, Tennessee","47037","4283"
"Nemaha, Kansas","20131","4282"
"Carroll, Missouri","29033","4282"
"Greensville, Virginia","51081","4282"
"Randolph, Illinois","17157","4281"
"Caldwell, Kentucky","21033","4281"
"Clay, Missouri","29047","4281"
"Ray, Missouri","29177","4281"
"Buckingham, Virginia","51029","4280"
"Emporia, Virginia","51595","4280"
"Bonneville, Idaho","16019","4280"
"Rutherford, Tennessee","47149","4279"
"Crittenden, Kentucky","21055","4279"
"Rock, Nebraska","31149","4279"
"Tyrrell, North Carolina","37177","4278"
"Patrick, Virginia","51141","4278"
"Jefferson, Missouri","29099","4277"
"Chariton, Missouri","29041","4277"
"Platte, Missouri","29165","4277"
"Montgomery, Missouri","29139","4277"
"Pawnee, Nebraska","31133","4276"
"Christian, Kentucky","21047","4276"
"Randolph, Missouri","29175","4276"
"Cumberland, Virginia","51049","4276"
"Hardin, Illinois","17069","4275"
"Audrain, Missouri","29007","4274"
"Butler, Nebraska","31023","4273"
"Wilkes, North Carolina","37193","4273"
"Bennett, South Dakota","46007","4272"
"Warren, Missouri","29219","4272"
"Saline, Illinois","17165","4272"
"Perry, Illinois","17145","4271"
"Atchison, Kansas","20005","4271"
"Amelia, Virginia","51007","4271"
"Marion, Tennessee","47115","4271"
"Dare, North Carolina","37055","4270"
"Coffee, Tennessee","47031","4270"
"Lancaster, Nebraska","31109","4270"
"Hamilton, Tennessee","47065","4269"
"Monroe, Illinois","17133","4269"
"Franklin, Illinois","17055","4268"
"Hertford, North Carolina","37091","4267"
"Jackson, North Carolina","37099","4266"
"Chowan, North Carolina","37041","4265"
"Weston, Wyoming","56045","4264"
"Johnson, Nebraska","31097","4263"
"Robertson, Tennessee","47147","4263"
"Custer, South Dakota","46033","4263"
"Todd, Kentucky","21219","4262"
"Clinton, Missouri","29049","4262"
"McMinn, Tennessee","47107","4262"
"Caldwell, Missouri","29025","4261"
"Gallatin, Illinois","17059","4261"
"Buchanan, Missouri","29021","4261"
"Brown, Kansas","20013","4261"
"Antelope, Nebraska","31003","4260"
"Amherst, Virginia","51009","4260"
"Holt, Nebraska","31089","4260"
"Monroe, Tennessee","47123","4259"
"Dinwiddie, Virginia","51053","4259"
"Monroe, Missouri","29137","4259"
"Hopkins, Kentucky","21107","4258"
"Madison, Nebraska","31119","4258"
"Livingston, Missouri","29117","4256"
"Union, Kentucky","21225","4256"
"Grant, Oregon","41023","4256"
"Doniphan, Kansas","20043","4255"
"Washington, Illinois","17189","4254"
"St. Clair, Illinois","17163","4253"
"Richardson, Nebraska","31147","4253"
"Perquimans, North Carolina","37143","4253"
"Buncombe, North Carolina","37021","4253"
"Webster, Kentucky","21233","4252"
"Jackson, South Dakota","46071","4252"
"Wilson, Tennessee","47189","4252"
"Hamilton, Illinois","17065","4251"
"St. Charles, Missouri","29183","4251"
"Cannon, Tennessee","47015","4250"
"Teton, Idaho","16081","4250"
"Powhatan, Virginia","51145","4249"
"St. Louis, Missouri","29189","4249"
"Roanoke, Virginia","51770","4249"
"Johnson, Wyoming","56019","4249"
"Graham, North Carolina","37075","4248"
"Big Horn, Wyoming","56003","4248"
"Mendocino, California","6045","4248"
"Todd, South Dakota","46121","4247"
"Jefferson, Illinois","17081","4247"
"Meigs, Tennessee","47121","4247"
"Linn, Missouri","29115","4246"
"Keya Paha, Nebraska","31103","4246"
"Logan, Kentucky","21141","4246"
"Lincoln, Missouri","29113","4245"
"Gates, North Carolina","37073","4245"
"St. Louis, Missouri","29510","4245"
"Madison, Idaho","16065","4245"
"Southampton, Virginia","51175","4245"
"DeKalb, Missouri","29063","4244"
"Colfax, Nebraska","31037","4243"
"Muhlenberg, Kentucky","21177","4243"
"Nemaha, Nebraska","31127","4242"
"Macon, Missouri","29121","4241"
"Daviess, Missouri","29061","4241"
"Sumner, Tennessee","47165","4241"
"Sussex, Virginia","51183","4241"
"Grundy, Tennessee","47061","4240"
"White, Illinois","17193","4240"
"Holt, Missouri","29087","4240"
"Andrew, Missouri","29003","4240"
"Clinton, Illinois","17027","4240"
"Pennington, South Dakota","46103","4239"
"Warren, Tennessee","47177","4239"
"Pasquotank, North Carolina","37139","4239"
"Franklin, Virginia","51620","4239"
"Otoe, Nebraska","31131","4239"
"Gilliam, Oregon","41021","4238"
"Campbell, Wyoming","56005","4238"
"Blount, Tennessee","47009","4237"
"Ralls, Missouri","29173","4237"
"Washington, Idaho","16087","4236"
"Chesterfield, Virginia","51041","4236"
"Camas, Idaho","16025","4234"
"Simpson, Kentucky","21213","4234"
"McLean, Kentucky","21149","4234"
"Loudon, Tennessee","47105","4234"
"Pike, Missouri","29163","4234"
"Henderson, Kentucky","21101","4233"
"Shelby, Missouri","29205","4232"
"Posey, Indiana","18129","4232"
"Mellette, South Dakota","46095","4232"
"Petersburg, Virginia","51730","4232"
"Boise, Idaho","16015","4232"
"Goochland, Virginia","51075","4231"
"Sequatchie, Tennessee","47153","4231"
"Colonial Heights, Virginia","51570","4231"
"Saunders, Nebraska","31155","4231"
"Fluvanna, Virginia","51065","4231"
"Jefferson, Oregon","41031","4230"
"Madison, Illinois","17119","4230"
"Trousdale, Tennessee","47169","4230"
"Camden, North Carolina","37029","4229"
"DeKalb, Tennessee","47041","4229"
"Grundy, Missouri","29079","4229"
"Salem, Virginia","51775","4229"
"Swain, North Carolina","37173","4227"
"Wayne, Illinois","17191","4226"
"Jefferson, Idaho","16051","4226"
"Calhoun, Illinois","17013","4226"
"Smith, Tennessee","47159","4225"
"Rhea, Tennessee","47143","4225"
"Nelson, Virginia","51125","4225"
"Buena Vista, Virginia","51530","4224"
"Marion, Illinois","17121","4224"
"Gentry, Missouri","29075","4224"
"Teton, Wyoming","56039","4224"
"Currituck, North Carolina","37053","4223"
"Atchison, Missouri","29005","4223"
"Pierce, Nebraska","31139","4223"
"Jersey, Illinois","17083","4222"
"Bond, Illinois","17005","4222"
"Suffolk, Virginia","51800","4222"
"Stanton, Nebraska","31167","4222"
"Blaine, Idaho","16013","4221"
"Boyd, Nebraska","31015","4221"
"Hopewell, Virginia","51670","4221"
"Prince George, Virginia","51149","4221"
"Cass, Nebraska","31025","4220"
"Vanderburgh, Indiana","18163","4220"
"Richmond, Virginia","51760","4219"
"Haywood, North Carolina","37087","4218"
"Butler, Kentucky","21031","4218"
"Sevier, Tennessee","47155","4217"
"Meade, South Dakota","46093","4217"
"Marion, Missouri","29127","4217"
"Tripp, South Dakota","46123","4216"
"Roane, Tennessee","47145","4215"
"Ohio, Kentucky","21183","4215"
"Daviess, Kentucky","21059","4215"
"Edwards, Illinois","17047","4215"
"Nodaway, Missouri","29147","4215"
"Henrico, Virginia","51087","4214"
"Roanoke, Virginia","51161","4214"
"Isle of Wight, Virginia","51093","4213"
"Haakon, South Dakota","46055","4213"
"Warren, Kentucky","21227","4213"
"Sullivan, Missouri","29211","4213"
"Bledsoe, Tennessee","47007","4212"
"Cocke, Tennessee","47029","4211"
"Chesapeake, Virginia","51550","4211"
"Allen, Kentucky","21003","4210"
"Van Buren, Tennessee","47175","4210"
"Harrison, Missouri","29081","4210"
"Greene, Illinois","17061","4209"
"Floyd, Virginia","51063","4208"
"Fremont, Iowa","19071","4208"
"Knox, Tennessee","47093","4207"
"Surry, Virginia","51181","4207"
"Clay, Illinois","17025","4207"
"Macoupin, Illinois","17117","4206"
"Knox, Nebraska","31107","4206"
"White, Tennessee","47185","4206"
"Wabash, Illinois","17185","4206"
"Fayette, Illinois","17051","4205"
"Jones, South Dakota","46075","4205"
"Gibson, Indiana","18051","4205"
"Adair, Missouri","29001","4205"
"Crook, Wyoming","56011","4205"
"Warrick, Indiana","18173","4205"
"Trinity, California","6105","4205"
"Macon, Tennessee","47111","4205"
"Madison, North Carolina","37115","4205"
"Sarpy, Nebraska","31153","4204"
"Morrow, Oregon","41049","4204"
"Gregory, South Dakota","46053","4204"
"Hanover, Virginia","51085","4204"
"Charles City, Virginia","51036","4203"
"Carroll, Virginia","51035","4203"
"Jefferson, Tennessee","47089","4203"
"Dodge, Nebraska","31053","4203"
"Pike, Illinois","17149","4203"
"Louisa, Virginia","51109","4202"
"Knox, Missouri","29103","4202"
"Portsmouth, Virginia","51740","4202"
"Worth, Missouri","29227","4202"
"Montgomery, Illinois","17135","4201"
"Butte, South Dakota","46019","4201"
"Mercer, Missouri","29129","4201"
"Jackson, Tennessee","47087","4200"
"Virginia Beach, Virginia","51810","4199"
"Charlottesville, Virginia","51540","4199"
"Galax, Virginia","51640","4198"
"Spencer, Indiana","18147","4198"
"Park, Wyoming","56029","4198"
"Richland, Illinois","17159","4197"
"Norfolk, Virginia","51710","4195"
"Putnam, Tennessee","47141","4194"
"Botetourt, Virginia","51023","4194"
"Lexington, Virginia","51678","4194"
"Hancock, Kentucky","21091","4194"
"Sherman, Oregon","41055","4194"
"New Kent, Virginia","51127","4193"
"Alleghany, North Carolina","37005","4193"
"Page, Iowa","19145","4193"
"Newport News, Virginia","51700","4192"
"Lewis, Missouri","29111","4192"
"Douglas, Nebraska","31055","4192"
"Yancey, North Carolina","37199","4192"
"Albemarle, Virginia","51003","4192"
"Lawrence, South Dakota","46081","4191"
"James City, Virginia","51095","4191"
"Scott, Illinois","17171","4191"
"Edmonson, Kentucky","21061","4190"
"Hampton, Virginia","51650","4190"
"Mitchell, North Carolina","37121","4189"
"Williamsburg, Virginia","51830","4189"
"Wayne, Nebraska","31179","4188"
"Lawrence, Illinois","17101","4187"
"York, Virginia","51199","4187"
"Pike, Indiana","18125","4187"
"King William, Virginia","51101","4187"
"Effingham, Illinois","17049","4187"
"Putnam, Missouri","29171","4186"
"Poquoson, Virginia","51735","4186"
"Mills, Iowa","19129","4186"
"Cuming, Nebraska","31039","4185"
"Grayson, Kentucky","21085","4184"
"Charles Mix, South Dakota","46023","4184"
"Montgomery, Virginia","51121","4183"
"Barren, Kentucky","21009","4183"
"Greene, Tennessee","47059","4183"
"Taylor, Iowa","19173","4183"
"Fremont, Idaho","16043","4182"
"Clay, Tennessee","47027","4182"
"Monroe, Kentucky","21171","4181"
"Caroline, Virginia","51033","4180"
"Adams, Illinois","17001","4180"
"Knox, Indiana","18083","4180"
"Stanley, South Dakota","46117","4180"
"Morgan, Illinois","17137","4180"
"Avery, North Carolina","37011","4179"
"Anderson, Tennessee","47001","4179"
"Ringgold, Iowa","19159","4179"
"Radford, Virginia","51750","4178"
"Jasper, Illinois","17079","4178"
"Hamblen, Tennessee","47063","4178"
"King and Queen, Virginia","51097","4177"
"Decatur, Iowa","19053","4177"
"Baker, Oregon","41001","4177"
"Lyman, South Dakota","46085","4177"
"Cumberland, Tennessee","47035","4177"
"Butte, Idaho","16023","4177"
"Watauga, North Carolina","37189","4177"
"Gloucester, Virginia","51073","4177"
"Bon Homme, South Dakota","46009","4176"
"Washington, Nebraska","31177","4176"
"Schuyler, Missouri","29197","4176"
"Perry, Indiana","18123","4175"
"Spotsylvania, Virginia","51177","4175"
"Dubois, Indiana","18037","4175"
"Breckinridge, Kentucky","21027","4175"
"Christian, Illinois","17021","4175"
"Overton, Tennessee","47133","4172"
"Mathews, Virginia","51115","4172"
"Middlesex, Virginia","51119","4170"
"Montgomery, Iowa","19137","4170"
"Unicoi, Tennessee","47171","4170"
"Morgan, Tennessee","47129","4169"
"Essex, Virginia","51057","4169"
"Washington, Tennessee","47179","4169"
"Sangamon, Illinois","17167","4169"
"Orange, Virginia","51137","4169"
"Wayne, Iowa","19185","4169"
"Scotland, Missouri","29199","4169"
"Shelby, Illinois","17173","4168"
"Cedar, Nebraska","31027","4168"
"Daviess, Indiana","18027","4168"
"Crawford, Illinois","17033","4168"
"Brown, Illinois","17009","4168"
"Ziebach, South Dakota","46137","4168"
"Rockbridge, Virginia","51163","4167"
"Fredericksburg, Virginia","51630","4167"
"Sheridan, Wyoming","56033","4166"
"Grainger, Tennessee","47057","4166"
"Northampton, Virginia","51131","4164"
"Union, Tennessee","47173","4164"
"Pulaski, Virginia","51155","4163"
"Hart, Kentucky","21099","4163"
"Cumberland, Kentucky","21057","4163"
"Lancaster, Virginia","51103","4162"
"Ashe, North Carolina","37009","4162"
"Metcalfe, Kentucky","21169","4161"
"Adams, Iowa","19003","4161"
"Richmond, Virginia","51159","4161"
"Clark, Missouri","29045","4160"
"Pottawattamie, Iowa","19155","4159"
"King George, Virginia","51099","4159"
"Cumberland, Illinois","17035","4159"
"Appanoose, Iowa","19007","4159"
"Carter, Tennessee","47019","4159"
"Powder River, Montana","30075","4159"
"Cass, Illinois","17017","4159"
"Burt, Nebraska","31021","4158"
"Martin, Indiana","18101","4157"
"Pickett, Tennessee","47137","4157"
"Brule, South Dakota","46015","4156"
"Westmoreland, Virginia","51193","4156"
"Grayson, Virginia","51077","4156"
"Union, Iowa","19175","4156"
"Crawford, Indiana","18025","4155"
"Meade, Kentucky","21163","4155"
"Douglas, South Dakota","46043","4155"
"Clarke, Iowa","19039","4155"
"Sullivan, Indiana","18153","4154"
"Northumberland, Virginia","51133","4154"
"Waynesboro, Virginia","51820","4153"
"Fentress, Tennessee","47049","4152"
"Stafford, Virginia","51179","4152"
"Carbon, Montana","30009","4152"
"Clinton, Kentucky","21053","4151"
"Carter, Montana","30011","4151"
"Hardin, Kentucky","21093","4149"
"Orange, Indiana","18117","4148"
"Hughes, South Dakota","46065","4148"
"Lucas, Iowa","19117","4147"
"Green, Kentucky","21087","4147"
"Dixon, Nebraska","31051","4146"
"Schuyler, Illinois","17169","4146"
"Davis, Iowa","19051","4146"
"Menard, Illinois","17129","4146"
"Yankton, South Dakota","46135","4145"
"Hawkins, Tennessee","47073","4145"
"Sullivan, Tennessee","47163","4145"
"Thurston, Nebraska","31173","4145"
"Wythe, Virginia","51197","4145"
"Greene, Indiana","18055","4145"
"Perkins, South Dakota","46105","4144"
"Harrison, Iowa","19085","4144"
"Accomack, Virginia","51001","4144"
"Johnson, Tennessee","47091","4143"
"Harding, South Dakota","46063","4143"
"Big Horn, Montana","30003","4142"
"Cass, Iowa","19029","4142"
"Scott, Tennessee","47151","4141"
"Clark, Illinois","17023","4141"
"Campbell, Tennessee","47013","4140"
"Craig, Virginia","51045","4140"
"Harrison, Indiana","18061","4139"
"Larue, Kentucky","21123","4139"
"St. Mary's, Maryland","24037","4138"
"Culpeper, Virginia","51047","4138"
"Adair, Kentucky","21001","4138"
"Lawrence, Indiana","18093","4137"
"Hancock, Illinois","17067","4137"
"Moultrie, Illinois","17139","4137"
"Charles, Maryland","24017","4135"
"Russell, Kentucky","21207","4134"
"Madison, Iowa","19121","4134"
"Adair, Iowa","19001","4134"
"Monroe, Iowa","19135","4134"
"Coles, Illinois","17029","4134"
"Wayne, Kentucky","21231","4133"
"Bristol, Virginia","51520","4133"
"Dakota, Nebraska","31043","4133"
"Claiborne, Tennessee","47025","4133"
"Dewey, South Dakota","46041","4132"
"Hutchinson, South Dakota","46067","4132"
"Somerset, Maryland","24039","4131"
"Aurora, South Dakota","46003","4131"
"Van Buren, Iowa","19177","4131"
"Buffalo, South Dakota","46017","4131"
"Sully, South Dakota","46119","4130"
"Warren, Iowa","19181","4130"
"Macon, Illinois","17115","4129"
"Taylor, Kentucky","21217","4128"
"Greene, Virginia","51079","4127"
"Hancock, Tennessee","47067","4127"
"Bullitt, Kentucky","21029","4126"
"Vigo, Indiana","18167","4126"
"Clay, South Dakota","46027","4126"
"McCreary, Kentucky","21147","4126"
"Benton, Washington","53005","4125"
"Lee, Iowa","19111","4125"
"Prince William, Virginia","51153","4123"
"Clay, Indiana","18021","4123"
"Worcester, Maryland","24047","4123"
"Owen, Indiana","18119","4123"
"Monroe, Indiana","18105","4123"
"Monona, Iowa","19133","4123"
"Washington, Indiana","18175","4123"
"Shelby, Iowa","19165","4122"
"Mason, Illinois","17125","4122"
"Manassas, Virginia","51683","4122"
"Floyd, Indiana","18043","4121"
"Calvert, Maryland","24009","4121"
"Covington, Virginia","51580","4120"
"Manassas Park, Virginia","51685","4120"
"Wapello, Iowa","19179","4120"
"Wasco, Oregon","41065","4120"
"Davison, South Dakota","46035","4120"
"Madison, Virginia","51113","4119"
"Nelson, Kentucky","21179","4119"
"Clark, Idaho","16033","4119"
"Wicomico, Maryland","24045","4119"
"Logan, Illinois","17107","4119"
"Dorchester, Maryland","24019","4119"
"Washington, Virginia","51191","4118"
"Marion, Kentucky","21155","4117"
"Marion, Iowa","19125","4117"
"Whitley, Kentucky","21235","4117"
"Jefferson, Kentucky","21111","4116"
"Smyth, Virginia","51173","4114"
"Adams, Idaho","16003","4114"
"Staunton, Virginia","51790","4113"
"McDonough, Illinois","17109","4112"
"Audubon, Iowa","19009","4112"
"Jackson, Indiana","18071","4112"
"Alexandria, Virginia","51510","4111"
"Giles, Virginia","51071","4111"
"Guthrie, Iowa","19077","4111"
"Dallas, Iowa","19049","4110"
"Douglas, Illinois","17041","4109"
"Fairfax, Virginia","51059","4109"
"Umatilla, Oregon","41059","4109"